original_entry_id,original_label,original_destination,feature_code,canonical_route_id,module,category,task,owner,access_policy,availability,unavailable_reason,screen_pattern,primary_action,normal_viewport_expectation,constrained_viewport_expectation,implementation_status,navigation_result,search_result,state_result,visual_result,keyboard_result,installed_result,evidence,open_issue
dashboard,Overview,Dashboard,,dashboard,Dashboard,Overview,Today Overview,DashboardView,1,ACTIVE,,Focused task,Refresh dashboard,Focused identity and primary action; bounded content,Reachable actions at 800x440 DIP,IMPLEMENTED,UNVERIFIED,UNVERIFIED,UNVERIFIED,UNVERIFIED,UNVERIFIED,UNVERIFIED,artifacts/ui-redesign/20260912-sprint/matrix-r19; artifacts/ui-redesign/20260912-sprint/control-reconciliation.json; artifacts/ui-redesign/20260912-sprint/controls-r3; docs/audit/ETP-UI-REDESIGN-ACCEPTANCE.md,"Source/control mapping and offscreen composition checked; these result columns reserve full interactive/installed acceptance, which is unverified. See acceptance record for scoped local passes."
daily-health,Daily Health,Dashboard,,daily-health,Dashboard,Business Day,Daily Health,DashboardView,1,ACTIVE,,Focused task,Refresh dashboard,Focused identity and primary action; bounded content,Reachable actions at 800x440 DIP,IMPLEMENTED,UNVERIFIED,UNVERIFIED,UNVERIFIED,UNVERIFIED,UNVERIFIED,UNVERIFIED,artifacts/ui-redesign/20260912-sprint/matrix-r19; artifacts/ui-redesign/20260912-sprint/control-reconciliation.json; artifacts/ui-redesign/20260912-sprint/controls-r3; docs/audit/ETP-UI-REDESIGN-ACCEPTANCE.md,"Source/control mapping and offscreen composition checked; these result columns reserve full interactive/installed acceptance, which is unverified. See acceptance record for scoped local passes."
manual-entry,Manual Entry,Manual Entry,,walk-ins,Dashboard,Daily Close,Walk-ins,DailyWorkflowWorkspaceView,2,ACTIVE,,Focused task,Save manual input,Focused identity and primary action; bounded content,Reachable actions at 800x440 DIP,IMPLEMENTED,UNVERIFIED,UNVERIFIED,UNVERIFIED,UNVERIFIED,UNVERIFIED,UNVERIFIED,artifacts/ui-redesign/20260912-sprint/matrix-r19; artifacts/ui-redesign/20260912-sprint/control-reconciliation.json; artifacts/ui-redesign/20260912-sprint/controls-r3; docs/audit/ETP-UI-REDESIGN-ACCEPTANCE.md,"Source/control mapping and offscreen composition checked; these result columns reserve full interactive/installed acceptance, which is unverified. See acceptance record for scoped local passes."
readiness,Readiness,Daily Workflow,,readiness,Dashboard,Daily Close,Readiness,DailyWorkflowWorkspaceView,1,ACTIVE,,Focused task,Refresh daily workflow,Focused identity and primary action; bounded content,Reachable actions at 800x440 DIP,IMPLEMENTED,UNVERIFIED,UNVERIFIED,UNVERIFIED,UNVERIFIED,UNVERIFIED,UNVERIFIED,artifacts/ui-redesign/20260912-sprint/matrix-r19; artifacts/ui-redesign/20260912-sprint/control-reconciliation.json; artifacts/ui-redesign/20260912-sprint/controls-r3; docs/audit/ETP-UI-REDESIGN-ACCEPTANCE.md,"Source/control mapping and offscreen composition checked; these result columns reserve full interactive/installed acceptance, which is unverified. See acceptance record for scoped local passes."
finalisation,Finalisation Status,Daily Workflow,,finalisation,Dashboard,Daily Close,Finalisation Status,DailyWorkflowWorkspaceView,1,ACTIVE,,Focused task,Refresh daily workflow,Focused identity and primary action; bounded content,Reachable actions at 800x440 DIP,IMPLEMENTED,UNVERIFIED,UNVERIFIED,UNVERIFIED,UNVERIFIED,UNVERIFIED,UNVERIFIED,artifacts/ui-redesign/20260912-sprint/matrix-r19; artifacts/ui-redesign/20260912-sprint/control-reconciliation.json; artifacts/ui-redesign/20260912-sprint/controls-r3; docs/audit/ETP-UI-REDESIGN-ACCEPTANCE.md,"Source/control mapping and offscreen composition checked; these result columns reserve full interactive/installed acceptance, which is unverified. See acceptance record for scoped local passes."
trends,Trends,Operations Center,,trends,Dashboard,Performance,Trends,OperationsWorkspaceView,1,ACTIVE,,Focused task,Refresh operations center,Focused identity and primary action; bounded content,Reachable actions at 800x440 DIP,IMPLEMENTED,UNVERIFIED,UNVERIFIED,UNVERIFIED,UNVERIFIED,UNVERIFIED,UNVERIFIED,artifacts/ui-redesign/20260912-sprint/matrix-r19; artifacts/ui-redesign/20260912-sprint/control-reconciliation.json; artifacts/ui-redesign/20260912-sprint/controls-r3; docs/audit/ETP-UI-REDESIGN-ACCEPTANCE.md,"Source/control mapping and offscreen composition checked; these result columns reserve full interactive/installed acceptance, which is unverified. See acceptance record for scoped local passes."
store-comparison,Store Comparison,Sales Reports,sales-combined,report-sales-combined,Reports,Sales,Combined Sales Summary,Shell,1,ACTIVE,,Report,Refresh Preview; Actions for export,Focused identity and primary action; bounded content,Reachable actions at 800x440 DIP,IMPLEMENTED,UNVERIFIED,UNVERIFIED,UNVERIFIED,UNVERIFIED,UNVERIFIED,UNVERIFIED,"artifacts/ui-redesign/20260912-sprint/matrix-r19; artifacts/ui-redesign/20260912-sprint/control-reconciliation.json; artifacts/ui-redesign/20260912-sprint/controls-r3; docs/audit/ETP-UI-REDESIGN-ACCEPTANCE.md; artifacts/ui-redesign/20260912-sprint/report-states-r7/report-state-results.json; local-followup/exports-after/comparison.json and fixture-value-verification.json: programmatic file checks, not installed interaction","Source/control mapping and offscreen composition checked; these result columns reserve full interactive/installed acceptance, which is unverified. See acceptance record for scoped local passes."
target-progress,Target Progress,Sales Reports,staff,report-staff,Reports,Staff,Staff/CRO Performance,Shell,1,ACTIVE,,Report,Refresh Preview; Actions for export,Focused identity and primary action; bounded content,Reachable actions at 800x440 DIP,IMPLEMENTED,UNVERIFIED,UNVERIFIED,UNVERIFIED,UNVERIFIED,UNVERIFIED,UNVERIFIED,"artifacts/ui-redesign/20260912-sprint/matrix-r19; artifacts/ui-redesign/20260912-sprint/control-reconciliation.json; artifacts/ui-redesign/20260912-sprint/controls-r3; docs/audit/ETP-UI-REDESIGN-ACCEPTANCE.md; artifacts/ui-redesign/20260912-sprint/report-states-r7/report-state-results.json; local-followup/exports-after/comparison.json and fixture-value-verification.json: programmatic file checks, not installed interaction","Source/control mapping and offscreen composition checked; these result columns reserve full interactive/installed acceptance, which is unverified. See acceptance record for scoped local passes."
control-summary,Control Summary,Operations Center,,control-summary,Dashboard,Controls,Control Summary,OperationsWorkspaceView,1,ACTIVE,,Focused task,Refresh operations center,Focused identity and primary action; bounded content,Reachable actions at 800x440 DIP,IMPLEMENTED,UNVERIFIED,UNVERIFIED,UNVERIFIED,UNVERIFIED,UNVERIFIED,UNVERIFIED,artifacts/ui-redesign/20260912-sprint/matrix-r19; artifacts/ui-redesign/20260912-sprint/control-reconciliation.json; artifacts/ui-redesign/20260912-sprint/controls-r3; docs/audit/ETP-UI-REDESIGN-ACCEPTANCE.md,"Source/control mapping and offscreen composition checked; these result columns reserve full interactive/installed acceptance, which is unverified. See acceptance record for scoped local passes."
recent-activity,Recent Activity,Dashboard,,recent-activity,Dashboard,Controls,Recent Activity,Shell,1,ACTIVE,,Focused task,Open the labelled task or selected item,Focused identity and primary action; bounded content,Reachable actions at 800x440 DIP,IMPLEMENTED,UNVERIFIED,UNVERIFIED,UNVERIFIED,UNVERIFIED,UNVERIFIED,UNVERIFIED,artifacts/ui-redesign/20260912-sprint/matrix-r19; artifacts/ui-redesign/20260912-sprint/control-reconciliation.json; artifacts/ui-redesign/20260912-sprint/controls-r3; docs/audit/ETP-UI-REDESIGN-ACCEPTANCE.md,"Source/control mapping and offscreen composition checked; these result columns reserve full interactive/installed acceptance, which is unverified. See acceptance record for scoped local passes."
reports-home,Reports Overview,Sales Reports,,reports-home,Reports,Overview,Reports Overview,Shell,1,ACTIVE,,Focused task,Open the labelled task or selected item,Focused identity and primary action; bounded content,Reachable actions at 800x440 DIP,IMPLEMENTED,UNVERIFIED,UNVERIFIED,UNVERIFIED,UNVERIFIED,UNVERIFIED,UNVERIFIED,artifacts/ui-redesign/20260912-sprint/matrix-r19; artifacts/ui-redesign/20260912-sprint/control-reconciliation.json; artifacts/ui-redesign/20260912-sprint/controls-r3; docs/audit/ETP-UI-REDESIGN-ACCEPTANCE.md,"Source/control mapping and offscreen composition checked; these result columns reserve full interactive/installed acceptance, which is unverified. See acceptance record for scoped local passes."
reports-dsr-favourite,Daily Sales / DSR,Sales Reports,dsr,report-dsr,Reports,Sales,Daily Sales Report,Shell,1,ACTIVE,,Report,Refresh Preview; Actions for export,Focused identity and primary action; bounded content,Reachable actions at 800x440 DIP,IMPLEMENTED,UNVERIFIED,UNVERIFIED,UNVERIFIED,UNVERIFIED,UNVERIFIED,UNVERIFIED,"artifacts/ui-redesign/20260912-sprint/matrix-r19; artifacts/ui-redesign/20260912-sprint/control-reconciliation.json; artifacts/ui-redesign/20260912-sprint/controls-r3; docs/audit/ETP-UI-REDESIGN-ACCEPTANCE.md; artifacts/ui-redesign/20260912-sprint/report-states-r7/report-state-results.json; local-followup/exports-after/comparison.json and fixture-value-verification.json: programmatic file checks, not installed interaction","Source/control mapping and offscreen composition checked; these result columns reserve full interactive/installed acceptance, which is unverified. See acceptance record for scoped local passes."
reports-closing-favourite,Closing Stock,Sales Reports,stock-closing,report-stock-closing,Reports,Stock,Closing Stock,Shell,1,ACTIVE,,Report,Refresh Preview; Actions for export,Focused identity and primary action; bounded content,Reachable actions at 800x440 DIP,IMPLEMENTED,UNVERIFIED,UNVERIFIED,UNVERIFIED,UNVERIFIED,UNVERIFIED,UNVERIFIED,"artifacts/ui-redesign/20260912-sprint/matrix-r19; artifacts/ui-redesign/20260912-sprint/control-reconciliation.json; artifacts/ui-redesign/20260912-sprint/controls-r3; docs/audit/ETP-UI-REDESIGN-ACCEPTANCE.md; artifacts/ui-redesign/20260912-sprint/report-states-r7/report-state-results.json; local-followup/exports-after/comparison.json and fixture-value-verification.json: programmatic file checks, not installed interaction","Source/control mapping and offscreen composition checked; these result columns reserve full interactive/installed acceptance, which is unverified. See acceptance record for scoped local passes."
reports-staff-favourite,Staff/CRO Performance,Sales Reports,staff,report-staff,Reports,Staff,Staff/CRO Performance,Shell,1,ACTIVE,,Report,Refresh Preview; Actions for export,Focused identity and primary action; bounded content,Reachable actions at 800x440 DIP,IMPLEMENTED,UNVERIFIED,UNVERIFIED,UNVERIFIED,UNVERIFIED,UNVERIFIED,UNVERIFIED,"artifacts/ui-redesign/20260912-sprint/matrix-r19; artifacts/ui-redesign/20260912-sprint/control-reconciliation.json; artifacts/ui-redesign/20260912-sprint/controls-r3; docs/audit/ETP-UI-REDESIGN-ACCEPTANCE.md; artifacts/ui-redesign/20260912-sprint/report-states-r7/report-state-results.json; local-followup/exports-after/comparison.json and fixture-value-verification.json: programmatic file checks, not installed interaction","Source/control mapping and offscreen composition checked; these result columns reserve full interactive/installed acceptance, which is unverified. See acceptance record for scoped local passes."
report-dsr,Daily Sales / DSR,Sales Reports,dsr,report-dsr,Reports,Sales,Daily Sales Report,Shell,1,ACTIVE,,Report,Refresh Preview; Actions for export,Focused identity and primary action; bounded content,Reachable actions at 800x440 DIP,IMPLEMENTED,UNVERIFIED,UNVERIFIED,UNVERIFIED,UNVERIFIED,UNVERIFIED,UNVERIFIED,"artifacts/ui-redesign/20260912-sprint/matrix-r19; artifacts/ui-redesign/20260912-sprint/control-reconciliation.json; artifacts/ui-redesign/20260912-sprint/controls-r3; docs/audit/ETP-UI-REDESIGN-ACCEPTANCE.md; artifacts/ui-redesign/20260912-sprint/report-states-r7/report-state-results.json; local-followup/exports-after/comparison.json and fixture-value-verification.json: programmatic file checks, not installed interaction","Source/control mapping and offscreen composition checked; these result columns reserve full interactive/installed acceptance, which is unverified. See acceptance record for scoped local passes."
report-sales-titan,Titan Sales Summary,Sales Reports,sales-titan,report-sales-titan,Reports,Sales,Titan Sales Summary,Shell,1,ACTIVE,,Report,Refresh Preview; Actions for export,Focused identity and primary action; bounded content,Reachable actions at 800x440 DIP,IMPLEMENTED,UNVERIFIED,UNVERIFIED,UNVERIFIED,UNVERIFIED,UNVERIFIED,UNVERIFIED,"artifacts/ui-redesign/20260912-sprint/matrix-r19; artifacts/ui-redesign/20260912-sprint/control-reconciliation.json; artifacts/ui-redesign/20260912-sprint/controls-r3; docs/audit/ETP-UI-REDESIGN-ACCEPTANCE.md; artifacts/ui-redesign/20260912-sprint/report-states-r7/report-state-results.json; local-followup/exports-after/comparison.json and fixture-value-verification.json: programmatic file checks, not installed interaction","Source/control mapping and offscreen composition checked; these result columns reserve full interactive/installed acceptance, which is unverified. See acceptance record for scoped local passes."
report-sales-helios,Helios Sales Summary,Sales Reports,sales-helios,report-sales-helios,Reports,Sales,Helios Sales Summary,Shell,1,ACTIVE,,Report,Refresh Preview; Actions for export,Focused identity and primary action; bounded content,Reachable actions at 800x440 DIP,IMPLEMENTED,UNVERIFIED,UNVERIFIED,UNVERIFIED,UNVERIFIED,UNVERIFIED,UNVERIFIED,"artifacts/ui-redesign/20260912-sprint/matrix-r19; artifacts/ui-redesign/20260912-sprint/control-reconciliation.json; artifacts/ui-redesign/20260912-sprint/controls-r3; docs/audit/ETP-UI-REDESIGN-ACCEPTANCE.md; artifacts/ui-redesign/20260912-sprint/report-states-r7/report-state-results.json; local-followup/exports-after/comparison.json and fixture-value-verification.json: programmatic file checks, not installed interaction","Source/control mapping and offscreen composition checked; these result columns reserve full interactive/installed acceptance, which is unverified. See acceptance record for scoped local passes."
report-sales-combined,Combined Sales Summary,Sales Reports,sales-combined,report-sales-combined,Reports,Sales,Combined Sales Summary,Shell,1,ACTIVE,,Report,Refresh Preview; Actions for export,Focused identity and primary action; bounded content,Reachable actions at 800x440 DIP,IMPLEMENTED,UNVERIFIED,UNVERIFIED,UNVERIFIED,UNVERIFIED,UNVERIFIED,UNVERIFIED,"artifacts/ui-redesign/20260912-sprint/matrix-r19; artifacts/ui-redesign/20260912-sprint/control-reconciliation.json; artifacts/ui-redesign/20260912-sprint/controls-r3; docs/audit/ETP-UI-REDESIGN-ACCEPTANCE.md; artifacts/ui-redesign/20260912-sprint/report-states-r7/report-state-results.json; local-followup/exports-after/comparison.json and fixture-value-verification.json: programmatic file checks, not installed interaction","Source/control mapping and offscreen composition checked; these result columns reserve full interactive/installed acceptance, which is unverified. See acceptance record for scoped local passes."
report-invoice,Invoice Summary,Sales Reports,invoice,report-invoice,Reports,Sales,Invoice Summary,Shell,1,ACTIVE,,Report,Refresh Preview; Actions for export,Focused identity and primary action; bounded content,Reachable actions at 800x440 DIP,IMPLEMENTED,UNVERIFIED,UNVERIFIED,UNVERIFIED,UNVERIFIED,UNVERIFIED,UNVERIFIED,"artifacts/ui-redesign/20260912-sprint/matrix-r19; artifacts/ui-redesign/20260912-sprint/control-reconciliation.json; artifacts/ui-redesign/20260912-sprint/controls-r3; docs/audit/ETP-UI-REDESIGN-ACCEPTANCE.md; artifacts/ui-redesign/20260912-sprint/report-states-r7/report-state-results.json; local-followup/exports-after/comparison.json and fixture-value-verification.json: programmatic file checks, not installed interaction","Source/control mapping and offscreen composition checked; these result columns reserve full interactive/installed acceptance, which is unverified. See acceptance record for scoped local passes."
report-sales-returns,Returns,Sales Reports,sales-returns,report-sales-returns,Reports,Sales,Returns,Shell,1,ACTIVE,,Report,Refresh Preview; Actions for export,Focused identity and primary action; bounded content,Reachable actions at 800x440 DIP,IMPLEMENTED,UNVERIFIED,UNVERIFIED,UNVERIFIED,UNVERIFIED,UNVERIFIED,UNVERIFIED,"artifacts/ui-redesign/20260912-sprint/matrix-r19; artifacts/ui-redesign/20260912-sprint/control-reconciliation.json; artifacts/ui-redesign/20260912-sprint/controls-r3; docs/audit/ETP-UI-REDESIGN-ACCEPTANCE.md; artifacts/ui-redesign/20260912-sprint/report-states-r7/report-state-results.json; local-followup/exports-after/comparison.json and fixture-value-verification.json: programmatic file checks, not installed interaction","Source/control mapping and offscreen composition checked; these result columns reserve full interactive/installed acceptance, which is unverified. See acceptance record for scoped local passes."
report-sales-brand,Brand-wise Sales,Sales Reports,sales-brand,report-sales-brand,Reports,Sales,Brand-wise Sales,Shell,1,ACTIVE,,Report,Refresh Preview; Actions for export,Focused identity and primary action; bounded content,Reachable actions at 800x440 DIP,IMPLEMENTED,UNVERIFIED,UNVERIFIED,UNVERIFIED,UNVERIFIED,UNVERIFIED,UNVERIFIED,"artifacts/ui-redesign/20260912-sprint/matrix-r19; artifacts/ui-redesign/20260912-sprint/control-reconciliation.json; artifacts/ui-redesign/20260912-sprint/controls-r3; docs/audit/ETP-UI-REDESIGN-ACCEPTANCE.md; artifacts/ui-redesign/20260912-sprint/report-states-r7/report-state-results.json; local-followup/exports-after/comparison.json and fixture-value-verification.json: programmatic file checks, not installed interaction","Source/control mapping and offscreen composition checked; these result columns reserve full interactive/installed acceptance, which is unverified. See acceptance record for scoped local passes."
report-sales-segment,Brand-Segment Sales,Sales Reports,sales-segment,report-sales-segment,Reports,Sales,Brand-Segment Sales,Shell,1,ACTIVE,,Report,Refresh Preview; Actions for export,Focused identity and primary action; bounded content,Reachable actions at 800x440 DIP,IMPLEMENTED,UNVERIFIED,UNVERIFIED,UNVERIFIED,UNVERIFIED,UNVERIFIED,UNVERIFIED,"artifacts/ui-redesign/20260912-sprint/matrix-r19; artifacts/ui-redesign/20260912-sprint/control-reconciliation.json; artifacts/ui-redesign/20260912-sprint/controls-r3; docs/audit/ETP-UI-REDESIGN-ACCEPTANCE.md; artifacts/ui-redesign/20260912-sprint/report-states-r7/report-state-results.json; local-followup/exports-after/comparison.json and fixture-value-verification.json: programmatic file checks, not installed interaction","Source/control mapping and offscreen composition checked; these result columns reserve full interactive/installed acceptance, which is unverified. See acceptance record for scoped local passes."
report-sales-item,Item-wise Sales,Sales Reports,sales-item,report-sales-item,Reports,Sales,Item-wise Sales,Shell,1,ACTIVE,,Report,Refresh Preview; Actions for export,Focused identity and primary action; bounded content,Reachable actions at 800x440 DIP,IMPLEMENTED,UNVERIFIED,UNVERIFIED,UNVERIFIED,UNVERIFIED,UNVERIFIED,UNVERIFIED,"artifacts/ui-redesign/20260912-sprint/matrix-r19; artifacts/ui-redesign/20260912-sprint/control-reconciliation.json; artifacts/ui-redesign/20260912-sprint/controls-r3; docs/audit/ETP-UI-REDESIGN-ACCEPTANCE.md; artifacts/ui-redesign/20260912-sprint/report-states-r7/report-state-results.json; local-followup/exports-after/comparison.json and fixture-value-verification.json: programmatic file checks, not installed interaction","Source/control mapping and offscreen composition checked; these result columns reserve full interactive/installed acceptance, which is unverified. See acceptance record for scoped local passes."
report-stock-closing,Closing Stock,Sales Reports,stock-closing,report-stock-closing,Reports,Stock,Closing Stock,Shell,1,ACTIVE,,Report,Refresh Preview; Actions for export,Focused identity and primary action; bounded content,Reachable actions at 800x440 DIP,IMPLEMENTED,UNVERIFIED,UNVERIFIED,UNVERIFIED,UNVERIFIED,UNVERIFIED,UNVERIFIED,"artifacts/ui-redesign/20260912-sprint/matrix-r19; artifacts/ui-redesign/20260912-sprint/control-reconciliation.json; artifacts/ui-redesign/20260912-sprint/controls-r3; docs/audit/ETP-UI-REDESIGN-ACCEPTANCE.md; artifacts/ui-redesign/20260912-sprint/report-states-r7/report-state-results.json; local-followup/exports-after/comparison.json and fixture-value-verification.json: programmatic file checks, not installed interaction","Source/control mapping and offscreen composition checked; these result columns reserve full interactive/installed acceptance, which is unverified. See acceptance record for scoped local passes."
report-stock-physical,Physical Stock,Sales Reports,stock-physical,report-stock-physical,Reports,Stock,Physical Stock,Shell,1,ACTIVE,,Report,Refresh Preview; Actions for export,Focused identity and primary action; bounded content,Reachable actions at 800x440 DIP,IMPLEMENTED,UNVERIFIED,UNVERIFIED,UNVERIFIED,UNVERIFIED,UNVERIFIED,UNVERIFIED,"artifacts/ui-redesign/20260912-sprint/matrix-r19; artifacts/ui-redesign/20260912-sprint/control-reconciliation.json; artifacts/ui-redesign/20260912-sprint/controls-r3; docs/audit/ETP-UI-REDESIGN-ACCEPTANCE.md; artifacts/ui-redesign/20260912-sprint/report-states-r7/report-state-results.json; local-followup/exports-after/comparison.json and fixture-value-verification.json: programmatic file checks, not installed interaction","Source/control mapping and offscreen composition checked; these result columns reserve full interactive/installed acceptance, which is unverified. See acceptance record for scoped local passes."
report-stock-variance,Stock Variance,Sales Reports,stock-variance,report-stock-variance,Reports,Stock,Stock Variance,Shell,1,ACTIVE,,Report,Refresh Preview; Actions for export,Focused identity and primary action; bounded content,Reachable actions at 800x440 DIP,IMPLEMENTED,UNVERIFIED,UNVERIFIED,UNVERIFIED,UNVERIFIED,UNVERIFIED,UNVERIFIED,"artifacts/ui-redesign/20260912-sprint/matrix-r19; artifacts/ui-redesign/20260912-sprint/control-reconciliation.json; artifacts/ui-redesign/20260912-sprint/controls-r3; docs/audit/ETP-UI-REDESIGN-ACCEPTANCE.md; artifacts/ui-redesign/20260912-sprint/report-states-r7/report-state-results.json; local-followup/exports-after/comparison.json and fixture-value-verification.json: programmatic file checks, not installed interaction","Source/control mapping and offscreen composition checked; these result columns reserve full interactive/installed acceptance, which is unverified. See acceptance record for scoped local passes."
report-stock-movement,Stock Movement,Sales Reports,stock-movement,report-stock-movement,Reports,Stock,Stock Movement,Shell,1,ACTIVE,,Report,Refresh Preview; Actions for export,Focused identity and primary action; bounded content,Reachable actions at 800x440 DIP,IMPLEMENTED,UNVERIFIED,UNVERIFIED,UNVERIFIED,UNVERIFIED,UNVERIFIED,UNVERIFIED,"artifacts/ui-redesign/20260912-sprint/matrix-r19; artifacts/ui-redesign/20260912-sprint/control-reconciliation.json; artifacts/ui-redesign/20260912-sprint/controls-r3; docs/audit/ETP-UI-REDESIGN-ACCEPTANCE.md; artifacts/ui-redesign/20260912-sprint/report-states-r7/report-state-results.json; local-followup/exports-after/comparison.json and fixture-value-verification.json: programmatic file checks, not installed interaction","Source/control mapping and offscreen composition checked; these result columns reserve full interactive/installed acceptance, which is unverified. See acceptance record for scoped local passes."
report-stock-group,Inventory-Group Report,Sales Reports,stock-group,report-stock-group,Reports,Stock,Inventory-Group Report,Shell,1,ACTIVE,,Report,Refresh Preview; Actions for export,Focused identity and primary action; bounded content,Reachable actions at 800x440 DIP,IMPLEMENTED,UNVERIFIED,UNVERIFIED,UNVERIFIED,UNVERIFIED,UNVERIFIED,UNVERIFIED,"artifacts/ui-redesign/20260912-sprint/matrix-r19; artifacts/ui-redesign/20260912-sprint/control-reconciliation.json; artifacts/ui-redesign/20260912-sprint/controls-r3; docs/audit/ETP-UI-REDESIGN-ACCEPTANCE.md; artifacts/ui-redesign/20260912-sprint/report-states-r7/report-state-results.json; local-followup/exports-after/comparison.json and fixture-value-verification.json: programmatic file checks, not installed interaction","Source/control mapping and offscreen composition checked; these result columns reserve full interactive/installed acceptance, which is unverified. See acceptance record for scoped local passes."
report-stock-brand,Brand Stock,Sales Reports,stock-brand,report-stock-brand,Reports,Stock,Brand Stock,Shell,1,ACTIVE,,Report,Refresh Preview; Actions for export,Focused identity and primary action; bounded content,Reachable actions at 800x440 DIP,IMPLEMENTED,UNVERIFIED,UNVERIFIED,UNVERIFIED,UNVERIFIED,UNVERIFIED,UNVERIFIED,"artifacts/ui-redesign/20260912-sprint/matrix-r19; artifacts/ui-redesign/20260912-sprint/control-reconciliation.json; artifacts/ui-redesign/20260912-sprint/controls-r3; docs/audit/ETP-UI-REDESIGN-ACCEPTANCE.md; artifacts/ui-redesign/20260912-sprint/report-states-r7/report-state-results.json; local-followup/exports-after/comparison.json and fixture-value-verification.json: programmatic file checks, not installed interaction","Source/control mapping and offscreen composition checked; these result columns reserve full interactive/installed acceptance, which is unverified. See acceptance record for scoped local passes."
report-stock-slow,Slow / Exception Stock,Sales Reports,stock-slow,report-stock-slow,Reports,Stock,Slow / Exception Stock,Shell,1,ACTIVE,,Report,Refresh Preview; Actions for export,Focused identity and primary action; bounded content,Reachable actions at 800x440 DIP,IMPLEMENTED,UNVERIFIED,UNVERIFIED,UNVERIFIED,UNVERIFIED,UNVERIFIED,UNVERIFIED,"artifacts/ui-redesign/20260912-sprint/matrix-r19; artifacts/ui-redesign/20260912-sprint/control-reconciliation.json; artifacts/ui-redesign/20260912-sprint/controls-r3; docs/audit/ETP-UI-REDESIGN-ACCEPTANCE.md; artifacts/ui-redesign/20260912-sprint/report-states-r7/report-state-results.json; local-followup/exports-after/comparison.json and fixture-value-verification.json: programmatic file checks, not installed interaction","Source/control mapping and offscreen composition checked; these result columns reserve full interactive/installed acceptance, which is unverified. See acceptance record for scoped local passes."
report-staff,Staff/CRO Performance,Sales Reports,staff,report-staff,Reports,Staff,Staff/CRO Performance,Shell,1,ACTIVE,,Report,Refresh Preview; Actions for export,Focused identity and primary action; bounded content,Reachable actions at 800x440 DIP,IMPLEMENTED,UNVERIFIED,UNVERIFIED,UNVERIFIED,UNVERIFIED,UNVERIFIED,UNVERIFIED,"artifacts/ui-redesign/20260912-sprint/matrix-r19; artifacts/ui-redesign/20260912-sprint/control-reconciliation.json; artifacts/ui-redesign/20260912-sprint/controls-r3; docs/audit/ETP-UI-REDESIGN-ACCEPTANCE.md; artifacts/ui-redesign/20260912-sprint/report-states-r7/report-state-results.json; local-followup/exports-after/comparison.json and fixture-value-verification.json: programmatic file checks, not installed interaction","Source/control mapping and offscreen composition checked; these result columns reserve full interactive/installed acceptance, which is unverified. See acceptance record for scoped local passes."
report-tender,Tender Reconciliation,Sales Reports,tender,report-tender,Reports,Tender / Cash,Tender Reconciliation,Shell,1,ACTIVE,,Report,Refresh Preview; Actions for export,Focused identity and primary action; bounded content,Reachable actions at 800x440 DIP,IMPLEMENTED,UNVERIFIED,UNVERIFIED,UNVERIFIED,UNVERIFIED,UNVERIFIED,UNVERIFIED,"artifacts/ui-redesign/20260912-sprint/matrix-r19; artifacts/ui-redesign/20260912-sprint/control-reconciliation.json; artifacts/ui-redesign/20260912-sprint/controls-r3; docs/audit/ETP-UI-REDESIGN-ACCEPTANCE.md; artifacts/ui-redesign/20260912-sprint/report-states-r7/report-state-results.json; local-followup/exports-after/comparison.json and fixture-value-verification.json: programmatic file checks, not installed interaction","Source/control mapping and offscreen composition checked; these result columns reserve full interactive/installed acceptance, which is unverified. See acceptance record for scoped local passes."
report-cash,Daily Cash Reconciliation,Sales Reports,cash,report-cash,Reports,Tender / Cash,Daily Cash Reconciliation,Shell,1,ACTIVE,,Report,Refresh Preview; Actions for export,Focused identity and primary action; bounded content,Reachable actions at 800x440 DIP,IMPLEMENTED,UNVERIFIED,UNVERIFIED,UNVERIFIED,UNVERIFIED,UNVERIFIED,UNVERIFIED,"artifacts/ui-redesign/20260912-sprint/matrix-r19; artifacts/ui-redesign/20260912-sprint/control-reconciliation.json; artifacts/ui-redesign/20260912-sprint/controls-r3; docs/audit/ETP-UI-REDESIGN-ACCEPTANCE.md; artifacts/ui-redesign/20260912-sprint/report-states-r7/report-state-results.json; local-followup/exports-after/comparison.json and fixture-value-verification.json: programmatic file checks, not installed interaction","Source/control mapping and offscreen composition checked; these result columns reserve full interactive/installed acceptance, which is unverified. See acceptance record for scoped local passes."
report-tender-diagnostic,Tender Diagnostics,Sales Reports,tender-diagnostic,report-tender-diagnostic,Reports,Tender / Cash,Tender Diagnostics,Shell,1,ACTIVE,,Report,Refresh Preview; Actions for export,Focused identity and primary action; bounded content,Reachable actions at 800x440 DIP,IMPLEMENTED,UNVERIFIED,UNVERIFIED,UNVERIFIED,UNVERIFIED,UNVERIFIED,UNVERIFIED,"artifacts/ui-redesign/20260912-sprint/matrix-r19; artifacts/ui-redesign/20260912-sprint/control-reconciliation.json; artifacts/ui-redesign/20260912-sprint/controls-r3; docs/audit/ETP-UI-REDESIGN-ACCEPTANCE.md; artifacts/ui-redesign/20260912-sprint/report-states-r7/report-state-results.json; local-followup/exports-after/comparison.json and fixture-value-verification.json: programmatic file checks, not installed interaction","Source/control mapping and offscreen composition checked; these result columns reserve full interactive/installed acceptance, which is unverified. See acceptance record for scoped local passes."
report-service,Service Sales,Sales Reports,service,report-service,Reports,Service,Service Sales,Shell,1,ACTIVE,,Report,Refresh Preview; Actions for export,Focused identity and primary action; bounded content,Reachable actions at 800x440 DIP,IMPLEMENTED,UNVERIFIED,UNVERIFIED,UNVERIFIED,UNVERIFIED,UNVERIFIED,UNVERIFIED,"artifacts/ui-redesign/20260912-sprint/matrix-r19; artifacts/ui-redesign/20260912-sprint/control-reconciliation.json; artifacts/ui-redesign/20260912-sprint/controls-r3; docs/audit/ETP-UI-REDESIGN-ACCEPTANCE.md; artifacts/ui-redesign/20260912-sprint/report-states-r7/report-state-results.json; local-followup/exports-after/comparison.json and fixture-value-verification.json: programmatic file checks, not installed interaction","Source/control mapping and offscreen composition checked; these result columns reserve full interactive/installed acceptance, which is unverified. See acceptance record for scoped local passes."
report-exceptions,Daily Exception Report,Sales Reports,exceptions,report-exceptions,Reports,Exceptions,Daily Exception Report,Shell,1,ACTIVE,,Report,Refresh Preview; Actions for export,Focused identity and primary action; bounded content,Reachable actions at 800x440 DIP,IMPLEMENTED,UNVERIFIED,UNVERIFIED,UNVERIFIED,UNVERIFIED,UNVERIFIED,UNVERIFIED,"artifacts/ui-redesign/20260912-sprint/matrix-r19; artifacts/ui-redesign/20260912-sprint/control-reconciliation.json; artifacts/ui-redesign/20260912-sprint/controls-r3; docs/audit/ETP-UI-REDESIGN-ACCEPTANCE.md; artifacts/ui-redesign/20260912-sprint/report-states-r7/report-state-results.json; local-followup/exports-after/comparison.json and fixture-value-verification.json: programmatic file checks, not installed interaction","Source/control mapping and offscreen composition checked; these result columns reserve full interactive/installed acceptance, which is unverified. See acceptance record for scoped local passes."
report-exception-source,Missing Source Report,Sales Reports,exception-source,report-exception-source,Reports,Exceptions,Missing Source Report,Shell,1,ACTIVE,,Report,Refresh Preview; Actions for export,Focused identity and primary action; bounded content,Reachable actions at 800x440 DIP,IMPLEMENTED,UNVERIFIED,UNVERIFIED,UNVERIFIED,UNVERIFIED,UNVERIFIED,UNVERIFIED,"artifacts/ui-redesign/20260912-sprint/matrix-r19; artifacts/ui-redesign/20260912-sprint/control-reconciliation.json; artifacts/ui-redesign/20260912-sprint/controls-r3; docs/audit/ETP-UI-REDESIGN-ACCEPTANCE.md; artifacts/ui-redesign/20260912-sprint/report-states-r7/report-state-results.json; local-followup/exports-after/comparison.json and fixture-value-verification.json: programmatic file checks, not installed interaction","Source/control mapping and offscreen composition checked; these result columns reserve full interactive/installed acceptance, which is unverified. See acceptance record for scoped local passes."
report-exception-unmapped,Unmapped Data,Sales Reports,exception-unmapped,report-exception-unmapped,Reports,Exceptions,Unmapped Data,Shell,1,ACTIVE,,Report,Refresh Preview; Actions for export,Focused identity and primary action; bounded content,Reachable actions at 800x440 DIP,IMPLEMENTED,UNVERIFIED,UNVERIFIED,UNVERIFIED,UNVERIFIED,UNVERIFIED,UNVERIFIED,"artifacts/ui-redesign/20260912-sprint/matrix-r19; artifacts/ui-redesign/20260912-sprint/control-reconciliation.json; artifacts/ui-redesign/20260912-sprint/controls-r3; docs/audit/ETP-UI-REDESIGN-ACCEPTANCE.md; artifacts/ui-redesign/20260912-sprint/report-states-r7/report-state-results.json; local-followup/exports-after/comparison.json and fixture-value-verification.json: programmatic file checks, not installed interaction","Source/control mapping and offscreen composition checked; these result columns reserve full interactive/installed acceptance, which is unverified. See acceptance record for scoped local passes."
report-exception-stock,Stock Exceptions,Sales Reports,exception-stock,report-exception-stock,Reports,Exceptions,Stock Exceptions,Shell,1,ACTIVE,,Report,Refresh Preview; Actions for export,Focused identity and primary action; bounded content,Reachable actions at 800x440 DIP,IMPLEMENTED,UNVERIFIED,UNVERIFIED,UNVERIFIED,UNVERIFIED,UNVERIFIED,UNVERIFIED,"artifacts/ui-redesign/20260912-sprint/matrix-r19; artifacts/ui-redesign/20260912-sprint/control-reconciliation.json; artifacts/ui-redesign/20260912-sprint/controls-r3; docs/audit/ETP-UI-REDESIGN-ACCEPTANCE.md; artifacts/ui-redesign/20260912-sprint/report-states-r7/report-state-results.json; local-followup/exports-after/comparison.json and fixture-value-verification.json: programmatic file checks, not installed interaction","Source/control mapping and offscreen composition checked; these result columns reserve full interactive/installed acceptance, which is unverified. See acceptance record for scoped local passes."
report-exception-staff,Staff Exceptions,Sales Reports,exception-staff,report-exception-staff,Reports,Exceptions,Staff Exceptions,Shell,1,ACTIVE,,Report,Refresh Preview; Actions for export,Focused identity and primary action; bounded content,Reachable actions at 800x440 DIP,IMPLEMENTED,UNVERIFIED,UNVERIFIED,UNVERIFIED,UNVERIFIED,UNVERIFIED,UNVERIFIED,"artifacts/ui-redesign/20260912-sprint/matrix-r19; artifacts/ui-redesign/20260912-sprint/control-reconciliation.json; artifacts/ui-redesign/20260912-sprint/controls-r3; docs/audit/ETP-UI-REDESIGN-ACCEPTANCE.md; artifacts/ui-redesign/20260912-sprint/report-states-r7/report-state-results.json; local-followup/exports-after/comparison.json and fixture-value-verification.json: programmatic file checks, not installed interaction","Source/control mapping and offscreen composition checked; these result columns reserve full interactive/installed acceptance, which is unverified. See acceptance record for scoped local passes."
report-exception-tender,Tender Exceptions,Sales Reports,exception-tender,report-exception-tender,Reports,Exceptions,Tender Exceptions,Shell,1,ACTIVE,,Report,Refresh Preview; Actions for export,Focused identity and primary action; bounded content,Reachable actions at 800x440 DIP,IMPLEMENTED,UNVERIFIED,UNVERIFIED,UNVERIFIED,UNVERIFIED,UNVERIFIED,UNVERIFIED,"artifacts/ui-redesign/20260912-sprint/matrix-r19; artifacts/ui-redesign/20260912-sprint/control-reconciliation.json; artifacts/ui-redesign/20260912-sprint/controls-r3; docs/audit/ETP-UI-REDESIGN-ACCEPTANCE.md; artifacts/ui-redesign/20260912-sprint/report-states-r7/report-state-results.json; local-followup/exports-after/comparison.json and fixture-value-verification.json: programmatic file checks, not installed interaction","Source/control mapping and offscreen composition checked; these result columns reserve full interactive/installed acceptance, which is unverified. See acceptance record for scoped local passes."
report-management-trend,Management Trend,Sales Reports,management-trend,report-management-trend,Reports,Management,Management Trend,Shell,1,ACTIVE,,Report,Refresh Preview; Actions for export,Focused identity and primary action; bounded content,Reachable actions at 800x440 DIP,IMPLEMENTED,UNVERIFIED,UNVERIFIED,UNVERIFIED,UNVERIFIED,UNVERIFIED,UNVERIFIED,"artifacts/ui-redesign/20260912-sprint/matrix-r19; artifacts/ui-redesign/20260912-sprint/control-reconciliation.json; artifacts/ui-redesign/20260912-sprint/controls-r3; docs/audit/ETP-UI-REDESIGN-ACCEPTANCE.md; artifacts/ui-redesign/20260912-sprint/report-states-r7/report-state-results.json; local-followup/exports-after/comparison.json and fixture-value-verification.json: programmatic file checks, not installed interaction","Source/control mapping and offscreen composition checked; these result columns reserve full interactive/installed acceptance, which is unverified. See acceptance record for scoped local passes."
report-invoice-lineage,Invoice Source Drill-down,Sales Reports,invoice-lineage,report-invoice-lineage,Reports,Investigation,Invoice Source Drill-down,Shell,1,ACTIVE,,Report,Refresh Preview; Actions for export,Focused identity and primary action; bounded content,Reachable actions at 800x440 DIP,IMPLEMENTED,UNVERIFIED,UNVERIFIED,UNVERIFIED,UNVERIFIED,UNVERIFIED,UNVERIFIED,"artifacts/ui-redesign/20260912-sprint/matrix-r19; artifacts/ui-redesign/20260912-sprint/control-reconciliation.json; artifacts/ui-redesign/20260912-sprint/controls-r3; docs/audit/ETP-UI-REDESIGN-ACCEPTANCE.md; artifacts/ui-redesign/20260912-sprint/report-states-r7/report-state-results.json; local-followup/exports-after/comparison.json and fixture-value-verification.json: programmatic file checks, not installed interaction","Source/control mapping and offscreen composition checked; these result columns reserve full interactive/installed acceptance, which is unverified. See acceptance record for scoped local passes."
store-daily-pack,Store Daily Pack,Daily Workflow,,store-daily-pack,Reports,Report Packs,Store Daily Pack,DailyWorkflowWorkspaceView,1,ACTIVE,,Focused task,Refresh daily workflow,Focused identity and primary action; bounded content,Reachable actions at 800x440 DIP,IMPLEMENTED,UNVERIFIED,UNVERIFIED,UNVERIFIED,UNVERIFIED,UNVERIFIED,UNVERIFIED,artifacts/ui-redesign/20260912-sprint/matrix-r19; artifacts/ui-redesign/20260912-sprint/control-reconciliation.json; artifacts/ui-redesign/20260912-sprint/controls-r3; docs/audit/ETP-UI-REDESIGN-ACCEPTANCE.md,"Source/control mapping and offscreen composition checked; these result columns reserve full interactive/installed acceptance, which is unverified. See acceptance record for scoped local passes."
combined-pack,Combined Pack,Daily Workflow,,combined-pack,Reports,Report Packs,Combined Pack,DailyWorkflowWorkspaceView,1,ACTIVE,,Focused task,Refresh daily workflow,Focused identity and primary action; bounded content,Reachable actions at 800x440 DIP,IMPLEMENTED,UNVERIFIED,UNVERIFIED,UNVERIFIED,UNVERIFIED,UNVERIFIED,UNVERIFIED,artifacts/ui-redesign/20260912-sprint/matrix-r19; artifacts/ui-redesign/20260912-sprint/control-reconciliation.json; artifacts/ui-redesign/20260912-sprint/controls-r3; docs/audit/ETP-UI-REDESIGN-ACCEPTANCE.md,"Source/control mapping and offscreen composition checked; these result columns reserve full interactive/installed acceptance, which is unverified. See acceptance record for scoped local passes."
historical-packs,Historical Packs,Report Archive,,historical-packs,Reports,Report Packs,Historical Packs,ArchiveWorkspaceView,1,ACTIVE,,Focused task,Refresh report archive,Focused identity and primary action; bounded content,Reachable actions at 800x440 DIP,IMPLEMENTED,UNVERIFIED,UNVERIFIED,UNVERIFIED,UNVERIFIED,UNVERIFIED,UNVERIFIED,artifacts/ui-redesign/20260912-sprint/matrix-r19; artifacts/ui-redesign/20260912-sprint/control-reconciliation.json; artifacts/ui-redesign/20260912-sprint/controls-r3; docs/audit/ETP-UI-REDESIGN-ACCEPTANCE.md,"Source/control mapping and offscreen composition checked; these result columns reserve full interactive/installed acceptance, which is unverified. See acceptance record for scoped local passes."
category-sales,Category-wise Sales,,,category-sales,Reports,Data-Dependent Future,Category-wise Sales,Shell,1,DEFERRED,Requires an approved product-category master.,Focused task,Open the labelled task or selected item,Focused identity and primary action; bounded content,Reachable actions at 800x440 DIP,IMPLEMENTED,NOT APPLICABLE,NOT APPLICABLE,NOT APPLICABLE,NOT APPLICABLE,NOT APPLICABLE,NOT APPLICABLE,artifacts/ui-redesign/20260912-sprint/matrix-r19; artifacts/ui-redesign/20260912-sprint/control-reconciliation.json; artifacts/ui-redesign/20260912-sprint/controls-r3; docs/audit/ETP-UI-REDESIGN-ACCEPTANCE.md,"Explicitly deferred, never enabled by redesign: Requires an approved product-category master."
sell-through,Sell-through,,,sell-through,Reports,Data-Dependent Future,Sell-through,Shell,1,DEFERRED,Requires an approved purchase/receipt source.,Focused task,Open the labelled task or selected item,Focused identity and primary action; bounded content,Reachable actions at 800x440 DIP,IMPLEMENTED,NOT APPLICABLE,NOT APPLICABLE,NOT APPLICABLE,NOT APPLICABLE,NOT APPLICABLE,NOT APPLICABLE,artifacts/ui-redesign/20260912-sprint/matrix-r19; artifacts/ui-redesign/20260912-sprint/control-reconciliation.json; artifacts/ui-redesign/20260912-sprint/controls-r3; docs/audit/ETP-UI-REDESIGN-ACCEPTANCE.md,"Explicitly deferred, never enabled by redesign: Requires an approved purchase/receipt source."
stock-turn,Stock Turn,,,stock-turn,Reports,Data-Dependent Future,Stock Turn,Shell,1,DEFERRED,Requires an approved purchase/receipt source.,Focused task,Open the labelled task or selected item,Focused identity and primary action; bounded content,Reachable actions at 800x440 DIP,IMPLEMENTED,NOT APPLICABLE,NOT APPLICABLE,NOT APPLICABLE,NOT APPLICABLE,NOT APPLICABLE,NOT APPLICABLE,artifacts/ui-redesign/20260912-sprint/matrix-r19; artifacts/ui-redesign/20260912-sprint/control-reconciliation.json; artifacts/ui-redesign/20260912-sprint/controls-r3; docs/audit/ETP-UI-REDESIGN-ACCEPTANCE.md,"Explicitly deferred, never enabled by redesign: Requires an approved purchase/receipt source."
days-cover,Days of Cover,,,days-cover,Reports,Data-Dependent Future,Days of Cover,Shell,1,DEFERRED,Requires an approved replenishment policy.,Focused task,Open the labelled task or selected item,Focused identity and primary action; bounded content,Reachable actions at 800x440 DIP,IMPLEMENTED,NOT APPLICABLE,NOT APPLICABLE,NOT APPLICABLE,NOT APPLICABLE,NOT APPLICABLE,NOT APPLICABLE,artifacts/ui-redesign/20260912-sprint/matrix-r19; artifacts/ui-redesign/20260912-sprint/control-reconciliation.json; artifacts/ui-redesign/20260912-sprint/controls-r3; docs/audit/ETP-UI-REDESIGN-ACCEPTANCE.md,"Explicitly deferred, never enabled by redesign: Requires an approved replenishment policy."
import-overview,Import Overview,Import ETP,,import-overview,Imports,Overview,Import Overview,Shell,2,ACTIVE,,Focused task,Open the labelled task or selected item,Focused identity and primary action; bounded content,Reachable actions at 800x440 DIP,IMPLEMENTED,UNVERIFIED,UNVERIFIED,UNVERIFIED,UNVERIFIED,UNVERIFIED,UNVERIFIED,artifacts/ui-redesign/20260912-sprint/matrix-r19; artifacts/ui-redesign/20260912-sprint/control-reconciliation.json; artifacts/ui-redesign/20260912-sprint/controls-r3; docs/audit/ETP-UI-REDESIGN-ACCEPTANCE.md,"Source/control mapping and offscreen composition checked; these result columns reserve full interactive/installed acceptance, which is unverified. See acceptance record for scoped local passes."
import-files,Import Files,Import ETP,,import-files,Imports,Intake,Import Files,ImportWorkspaceView,2,ACTIVE,,Focused task,Browse workbook or ZIP,Focused identity and primary action; bounded content,Reachable actions at 800x440 DIP,IMPLEMENTED,UNVERIFIED,UNVERIFIED,UNVERIFIED,UNVERIFIED,UNVERIFIED,UNVERIFIED,artifacts/ui-redesign/20260912-sprint/matrix-r19; artifacts/ui-redesign/20260912-sprint/control-reconciliation.json; artifacts/ui-redesign/20260912-sprint/controls-r3; docs/audit/ETP-UI-REDESIGN-ACCEPTANCE.md,"Source/control mapping and offscreen composition checked; these result columns reserve full interactive/installed acceptance, which is unverified. See acceptance record for scoped local passes."
source-inbox,Source Inbox,Import ETP,,source-inbox,Imports,Intake,Source Inbox,SourceInboxWorkspaceView,2,ACTIVE,,Focused task,Verify and open selected source document,Focused identity and primary action; bounded content,Reachable actions at 800x440 DIP,IMPLEMENTED,UNVERIFIED,UNVERIFIED,UNVERIFIED,UNVERIFIED,UNVERIFIED,UNVERIFIED,artifacts/ui-redesign/20260912-sprint/matrix-r19; artifacts/ui-redesign/20260912-sprint/control-reconciliation.json; artifacts/ui-redesign/20260912-sprint/controls-r3; docs/audit/ETP-UI-REDESIGN-ACCEPTANCE.md,"Source/control mapping and offscreen composition checked; these result columns reserve full interactive/installed acceptance, which is unverified. See acceptance record for scoped local passes."
bulk-import,Bulk Historical Import,Import ETP,,bulk-import,Imports,Intake,Bulk Historical Import,ImportWorkspaceView,2,ACTIVE,,Focused task,Browse workbook or ZIP,Focused identity and primary action; bounded content,Reachable actions at 800x440 DIP,IMPLEMENTED,UNVERIFIED,UNVERIFIED,UNVERIFIED,UNVERIFIED,UNVERIFIED,UNVERIFIED,artifacts/ui-redesign/20260912-sprint/matrix-r19; artifacts/ui-redesign/20260912-sprint/control-reconciliation.json; artifacts/ui-redesign/20260912-sprint/controls-r3; docs/audit/ETP-UI-REDESIGN-ACCEPTANCE.md,"Source/control mapping and offscreen composition checked; these result columns reserve full interactive/installed acceptance, which is unverified. See acceptance record for scoped local passes."
watch-folder,Watch Folder,Operations Center,,watch-folder,Settings,Integrations,Watch Folder,OperationsWorkspaceView,2,ACTIVE,,Focused task,Save automation settings,Focused identity and primary action; bounded content,Reachable actions at 800x440 DIP,IMPLEMENTED,UNVERIFIED,UNVERIFIED,UNVERIFIED,UNVERIFIED,UNVERIFIED,UNVERIFIED,artifacts/ui-redesign/20260912-sprint/matrix-r19; artifacts/ui-redesign/20260912-sprint/control-reconciliation.json; artifacts/ui-redesign/20260912-sprint/controls-r3; docs/audit/ETP-UI-REDESIGN-ACCEPTANCE.md,"Source/control mapping and offscreen composition checked; these result columns reserve full interactive/installed acceptance, which is unverified. See acceptance record for scoped local passes. Settings sidebar defect reported 2026-09-13; reproduction and repair pending VM access and screen capture (ETP-UI-REDESIGN-ACCEPTANCE-RESUME-2026-09-13.md)."
quarantine,Quarantine,Import ETP,,quarantine,Imports,Quality & History,Quarantine,SourceInboxWorkspaceView,2,ACTIVE,,Focused task,Verify and open selected source document,Focused identity and primary action; bounded content,Reachable actions at 800x440 DIP,IMPLEMENTED,UNVERIFIED,UNVERIFIED,UNVERIFIED,UNVERIFIED,UNVERIFIED,UNVERIFIED,artifacts/ui-redesign/20260912-sprint/matrix-r19; artifacts/ui-redesign/20260912-sprint/control-reconciliation.json; artifacts/ui-redesign/20260912-sprint/controls-r3; docs/audit/ETP-UI-REDESIGN-ACCEPTANCE.md,"Source/control mapping and offscreen composition checked; these result columns reserve full interactive/installed acceptance, which is unverified. See acceptance record for scoped local passes."
duplicates,Exact Duplicates,Import ETP,,duplicates,Imports,Quality & History,Exact Duplicates,Shell,2,ACTIVE,,Focused task,Open the labelled task or selected item,Focused identity and primary action; bounded content,Reachable actions at 800x440 DIP,IMPLEMENTED,UNVERIFIED,UNVERIFIED,UNVERIFIED,UNVERIFIED,UNVERIFIED,UNVERIFIED,artifacts/ui-redesign/20260912-sprint/matrix-r19; artifacts/ui-redesign/20260912-sprint/control-reconciliation.json; artifacts/ui-redesign/20260912-sprint/controls-r3; docs/audit/ETP-UI-REDESIGN-ACCEPTANCE.md,"Source/control mapping and offscreen composition checked; these result columns reserve full interactive/installed acceptance, which is unverified. See acceptance record for scoped local passes."
already-present,Already-Present Facts,Import ETP,,already-present,Imports,Quality & History,Already-Present Facts,Shell,2,ACTIVE,,Focused task,Open the labelled task or selected item,Focused identity and primary action; bounded content,Reachable actions at 800x440 DIP,IMPLEMENTED,UNVERIFIED,UNVERIFIED,UNVERIFIED,UNVERIFIED,UNVERIFIED,UNVERIFIED,artifacts/ui-redesign/20260912-sprint/matrix-r19; artifacts/ui-redesign/20260912-sprint/control-reconciliation.json; artifacts/ui-redesign/20260912-sprint/controls-r3; docs/audit/ETP-UI-REDESIGN-ACCEPTANCE.md,"Source/control mapping and offscreen composition checked; these result columns reserve full interactive/installed acceptance, which is unverified. See acceptance record for scoped local passes."
conflicts,Conflict Review,Import ETP,,conflicts,Imports,Quality & History,Conflict Review,Shell,2,ACTIVE,,Focused task,Open the labelled task or selected item,Focused identity and primary action; bounded content,Reachable actions at 800x440 DIP,IMPLEMENTED,UNVERIFIED,UNVERIFIED,UNVERIFIED,UNVERIFIED,UNVERIFIED,UNVERIFIED,artifacts/ui-redesign/20260912-sprint/matrix-r19; artifacts/ui-redesign/20260912-sprint/control-reconciliation.json; artifacts/ui-redesign/20260912-sprint/controls-r3; docs/audit/ETP-UI-REDESIGN-ACCEPTANCE.md,"Source/control mapping and offscreen composition checked; these result columns reserve full interactive/installed acceptance, which is unverified. See acceptance record for scoped local passes."
import-failures,Import Failures,Operations Center,,import-failures,Imports,Quality & History,Import Failures,Shell,2,ACTIVE,,Focused task,Open the labelled task or selected item,Focused identity and primary action; bounded content,Reachable actions at 800x440 DIP,IMPLEMENTED,UNVERIFIED,UNVERIFIED,UNVERIFIED,UNVERIFIED,UNVERIFIED,UNVERIFIED,artifacts/ui-redesign/20260912-sprint/matrix-r19; artifacts/ui-redesign/20260912-sprint/control-reconciliation.json; artifacts/ui-redesign/20260912-sprint/controls-r3; docs/audit/ETP-UI-REDESIGN-ACCEPTANCE.md,"Source/control mapping and offscreen composition checked; these result columns reserve full interactive/installed acceptance, which is unverified. See acceptance record for scoped local passes."
import-history,Import History,Dashboard,,import-history,Imports,Quality & History,Import History,Shell,2,ACTIVE,,Focused task,Open the labelled task or selected item,Focused identity and primary action; bounded content,Reachable actions at 800x440 DIP,IMPLEMENTED,UNVERIFIED,UNVERIFIED,UNVERIFIED,UNVERIFIED,UNVERIFIED,UNVERIFIED,artifacts/ui-redesign/20260912-sprint/matrix-r19; artifacts/ui-redesign/20260912-sprint/control-reconciliation.json; artifacts/ui-redesign/20260912-sprint/controls-r3; docs/audit/ETP-UI-REDESIGN-ACCEPTANCE.md,"Source/control mapping and offscreen composition checked; these result columns reserve full interactive/installed acceptance, which is unverified. See acceptance record for scoped local passes."
documents,Document Repository,Import ETP,,documents,Imports,Documents & Ocr,Document Repository,SourceInboxWorkspaceView,2,ACTIVE,,Focused task,Verify and open selected source document,Focused identity and primary action; bounded content,Reachable actions at 800x440 DIP,IMPLEMENTED,UNVERIFIED,UNVERIFIED,UNVERIFIED,UNVERIFIED,UNVERIFIED,UNVERIFIED,artifacts/ui-redesign/20260912-sprint/matrix-r19; artifacts/ui-redesign/20260912-sprint/control-reconciliation.json; artifacts/ui-redesign/20260912-sprint/controls-r3; docs/audit/ETP-UI-REDESIGN-ACCEPTANCE.md,"Source/control mapping and offscreen composition checked; these result columns reserve full interactive/installed acceptance, which is unverified. See acceptance record for scoped local passes."
native-pdf,Native PDF Extraction,Import ETP,,native-pdf,Imports,Documents & Ocr,Native PDF Extraction,SourceInboxWorkspaceView,2,ACTIVE,,Focused task,Verify and open selected source document,Focused identity and primary action; bounded content,Reachable actions at 800x440 DIP,IMPLEMENTED,UNVERIFIED,UNVERIFIED,UNVERIFIED,UNVERIFIED,UNVERIFIED,UNVERIFIED,artifacts/ui-redesign/20260912-sprint/matrix-r19; artifacts/ui-redesign/20260912-sprint/control-reconciliation.json; artifacts/ui-redesign/20260912-sprint/controls-r3; docs/audit/ETP-UI-REDESIGN-ACCEPTANCE.md,"Source/control mapping and offscreen composition checked; these result columns reserve full interactive/installed acceptance, which is unverified. See acceptance record for scoped local passes."
ocr-review,OCR Review Queue,Import ETP,,ocr-review,Imports,Documents & Ocr,OCR Review Queue,SourceInboxWorkspaceView,2,ACTIVE,,Focused task,Verify and open selected source document,Focused identity and primary action; bounded content,Reachable actions at 800x440 DIP,IMPLEMENTED,UNVERIFIED,UNVERIFIED,UNVERIFIED,UNVERIFIED,UNVERIFIED,UNVERIFIED,artifacts/ui-redesign/20260912-sprint/matrix-r19; artifacts/ui-redesign/20260912-sprint/control-reconciliation.json; artifacts/ui-redesign/20260912-sprint/controls-r3; docs/audit/ETP-UI-REDESIGN-ACCEPTANCE.md,"Source/control mapping and offscreen composition checked; these result columns reserve full interactive/installed acceptance, which is unverified. See acceptance record for scoped local passes."
extraction-history,Extraction History,Import ETP,,extraction-history,Imports,Documents & Ocr,Extraction History,SourceInboxWorkspaceView,2,ACTIVE,,Focused task,Verify and open selected source document,Focused identity and primary action; bounded content,Reachable actions at 800x440 DIP,IMPLEMENTED,UNVERIFIED,UNVERIFIED,UNVERIFIED,UNVERIFIED,UNVERIFIED,UNVERIFIED,artifacts/ui-redesign/20260912-sprint/matrix-r19; artifacts/ui-redesign/20260912-sprint/control-reconciliation.json; artifacts/ui-redesign/20260912-sprint/controls-r3; docs/audit/ETP-UI-REDESIGN-ACCEPTANCE.md,"Source/control mapping and offscreen composition checked; these result columns reserve full interactive/installed acceptance, which is unverified. See acceptance record for scoped local passes."
register-inward,Inward Register,Registers,,register-inward,Registers,Registers,Inward Register,RegistersWorkspaceView,2,ACTIVE,,Focused task,Save draft,Focused identity and primary action; bounded content,Reachable actions at 800x440 DIP,IMPLEMENTED,UNVERIFIED,UNVERIFIED,UNVERIFIED,UNVERIFIED,UNVERIFIED,UNVERIFIED,artifacts/ui-redesign/20260912-sprint/matrix-r19; artifacts/ui-redesign/20260912-sprint/control-reconciliation.json; artifacts/ui-redesign/20260912-sprint/controls-r3; docs/audit/ETP-UI-REDESIGN-ACCEPTANCE.md,"Source/control mapping and offscreen composition checked; these result columns reserve full interactive/installed acceptance, which is unverified. See acceptance record for scoped local passes."
register-outward,Outward Register,Registers,,register-outward,Registers,Registers,Outward Register,RegistersWorkspaceView,2,ACTIVE,,Focused task,Save draft,Focused identity and primary action; bounded content,Reachable actions at 800x440 DIP,IMPLEMENTED,UNVERIFIED,UNVERIFIED,UNVERIFIED,UNVERIFIED,UNVERIFIED,UNVERIFIED,artifacts/ui-redesign/20260912-sprint/matrix-r19; artifacts/ui-redesign/20260912-sprint/control-reconciliation.json; artifacts/ui-redesign/20260912-sprint/controls-r3; docs/audit/ETP-UI-REDESIGN-ACCEPTANCE.md,"Source/control mapping and offscreen composition checked; these result columns reserve full interactive/installed acceptance, which is unverified. See acceptance record for scoped local passes."
register-credit,Credit Note Register,Registers,,register-credit,Registers,Registers,Credit Note Register,RegistersWorkspaceView,2,ACTIVE,,Focused task,Save draft,Focused identity and primary action; bounded content,Reachable actions at 800x440 DIP,IMPLEMENTED,UNVERIFIED,UNVERIFIED,UNVERIFIED,UNVERIFIED,UNVERIFIED,UNVERIFIED,artifacts/ui-redesign/20260912-sprint/matrix-r19; artifacts/ui-redesign/20260912-sprint/control-reconciliation.json; artifacts/ui-redesign/20260912-sprint/controls-r3; docs/audit/ETP-UI-REDESIGN-ACCEPTANCE.md,"Source/control mapping and offscreen composition checked; these result columns reserve full interactive/installed acceptance, which is unverified. See acceptance record for scoped local passes."
register-service,Service Receipt Register,Registers,,register-service,Registers,Registers,Service Receipt Register,RegistersWorkspaceView,2,ACTIVE,,Focused task,Save draft,Focused identity and primary action; bounded content,Reachable actions at 800x440 DIP,IMPLEMENTED,UNVERIFIED,UNVERIFIED,UNVERIFIED,UNVERIFIED,UNVERIFIED,UNVERIFIED,artifacts/ui-redesign/20260912-sprint/matrix-r19; artifacts/ui-redesign/20260912-sprint/control-reconciliation.json; artifacts/ui-redesign/20260912-sprint/controls-r3; docs/audit/ETP-UI-REDESIGN-ACCEPTANCE.md,"Source/control mapping and offscreen composition checked; these result columns reserve full interactive/installed acceptance, which is unverified. See acceptance record for scoped local passes."
register-courier,Courier Register,Registers,,register-courier,Registers,Registers,Courier Register,Shell,2,DEFERRED,Register schema is not yet configured.,Focused task,Open the labelled task or selected item,Focused identity and primary action; bounded content,Reachable actions at 800x440 DIP,IMPLEMENTED,NOT APPLICABLE,NOT APPLICABLE,NOT APPLICABLE,NOT APPLICABLE,NOT APPLICABLE,NOT APPLICABLE,artifacts/ui-redesign/20260912-sprint/matrix-r19; artifacts/ui-redesign/20260912-sprint/control-reconciliation.json; artifacts/ui-redesign/20260912-sprint/controls-r3; docs/audit/ETP-UI-REDESIGN-ACCEPTANCE.md,"Explicitly deferred, never enabled by redesign: Register schema is not yet configured."
register-transfer,Stock Transfer Register,Registers,,register-transfer,Registers,Registers,Stock Transfer Register,RegistersWorkspaceView,2,ACTIVE,,Focused task,Save draft,Focused identity and primary action; bounded content,Reachable actions at 800x440 DIP,IMPLEMENTED,UNVERIFIED,UNVERIFIED,UNVERIFIED,UNVERIFIED,UNVERIFIED,UNVERIFIED,artifacts/ui-redesign/20260912-sprint/matrix-r19; artifacts/ui-redesign/20260912-sprint/control-reconciliation.json; artifacts/ui-redesign/20260912-sprint/controls-r3; docs/audit/ETP-UI-REDESIGN-ACCEPTANCE.md,"Source/control mapping and offscreen composition checked; these result columns reserve full interactive/installed acceptance, which is unverified. See acceptance record for scoped local passes."
register-expense,Expense Register,Registers,,register-expense,Registers,Registers,Expense Register,RegistersWorkspaceView,2,ACTIVE,,Focused task,Save draft,Focused identity and primary action; bounded content,Reachable actions at 800x440 DIP,IMPLEMENTED,UNVERIFIED,UNVERIFIED,UNVERIFIED,UNVERIFIED,UNVERIFIED,UNVERIFIED,artifacts/ui-redesign/20260912-sprint/matrix-r19; artifacts/ui-redesign/20260912-sprint/control-reconciliation.json; artifacts/ui-redesign/20260912-sprint/controls-r3; docs/audit/ETP-UI-REDESIGN-ACCEPTANCE.md,"Source/control mapping and offscreen composition checked; these result columns reserve full interactive/installed acceptance, which is unverified. See acceptance record for scoped local passes."
register-vendor,Vendor Invoice Register,Registers,,register-vendor,Registers,Registers,Vendor Invoice Register,RegistersWorkspaceView,2,ACTIVE,,Focused task,Save draft,Focused identity and primary action; bounded content,Reachable actions at 800x440 DIP,IMPLEMENTED,UNVERIFIED,UNVERIFIED,UNVERIFIED,UNVERIFIED,UNVERIFIED,UNVERIFIED,artifacts/ui-redesign/20260912-sprint/matrix-r19; artifacts/ui-redesign/20260912-sprint/control-reconciliation.json; artifacts/ui-redesign/20260912-sprint/controls-r3; docs/audit/ETP-UI-REDESIGN-ACCEPTANCE.md,"Source/control mapping and offscreen composition checked; these result columns reserve full interactive/installed acceptance, which is unverified. See acceptance record for scoped local passes."
accounting-overview,Overview,Accounting,,accounting-overview,Accounting,Accounting Workflow,Overview,Shell,1,ACTIVE,,Focused task,Open the labelled task or selected item,Focused identity and primary action; bounded content,Reachable actions at 800x440 DIP,IMPLEMENTED,UNVERIFIED,UNVERIFIED,UNVERIFIED,UNVERIFIED,UNVERIFIED,UNVERIFIED,artifacts/ui-redesign/20260912-sprint/matrix-r19; artifacts/ui-redesign/20260912-sprint/control-reconciliation.json; artifacts/ui-redesign/20260912-sprint/controls-r3; docs/audit/ETP-UI-REDESIGN-ACCEPTANCE.md,"Source/control mapping and offscreen composition checked; these result columns reserve full interactive/installed acceptance, which is unverified. See acceptance record for scoped local passes."
prepare-batch,Prepare Batch,Accounting,,prepare-batch,Accounting,Accounting Workflow,Prepare Batch,AccountingWorkspaceView,1,ACTIVE,,Focused task,Save for review,Focused identity and primary action; bounded content,Reachable actions at 800x440 DIP,IMPLEMENTED,UNVERIFIED,UNVERIFIED,UNVERIFIED,UNVERIFIED,UNVERIFIED,UNVERIFIED,artifacts/ui-redesign/20260912-sprint/matrix-r19; artifacts/ui-redesign/20260912-sprint/control-reconciliation.json; artifacts/ui-redesign/20260912-sprint/controls-r3; docs/audit/ETP-UI-REDESIGN-ACCEPTANCE.md,"Source/control mapping and offscreen composition checked; these result columns reserve full interactive/installed acceptance, which is unverified. See acceptance record for scoped local passes."
ledger-mapping,Ledger Mapping,Accounting,,ledger-mapping,Accounting,Accounting Workflow,Ledger Mapping,AccountingWorkspaceView,3,ACTIVE,,Focused task,Approve mapping,Focused identity and primary action; bounded content,Reachable actions at 800x440 DIP,IMPLEMENTED,UNVERIFIED,UNVERIFIED,UNVERIFIED,UNVERIFIED,UNVERIFIED,UNVERIFIED,artifacts/ui-redesign/20260912-sprint/matrix-r19; artifacts/ui-redesign/20260912-sprint/control-reconciliation.json; artifacts/ui-redesign/20260912-sprint/controls-r3; docs/audit/ETP-UI-REDESIGN-ACCEPTANCE.md,"Source/control mapping and offscreen composition checked; these result columns reserve full interactive/installed acceptance, which is unverified. See acceptance record for scoped local passes."
mapping-review,Mapping Review,Accounting,,mapping-review,Accounting,Accounting Workflow,Mapping Review,AccountingWorkspaceView,3,ACTIVE,,Focused task,Approve mapping,Focused identity and primary action; bounded content,Reachable actions at 800x440 DIP,IMPLEMENTED,UNVERIFIED,UNVERIFIED,UNVERIFIED,UNVERIFIED,UNVERIFIED,UNVERIFIED,artifacts/ui-redesign/20260912-sprint/matrix-r19; artifacts/ui-redesign/20260912-sprint/control-reconciliation.json; artifacts/ui-redesign/20260912-sprint/controls-r3; docs/audit/ETP-UI-REDESIGN-ACCEPTANCE.md,"Source/control mapping and offscreen composition checked; these result columns reserve full interactive/installed acceptance, which is unverified. See acceptance record for scoped local passes."
validation,Validation,Accounting,,validation,Accounting,Accounting Workflow,Validation,AccountingWorkspaceView,1,ACTIVE,,Focused task,Preview batch,Focused identity and primary action; bounded content,Reachable actions at 800x440 DIP,IMPLEMENTED,UNVERIFIED,UNVERIFIED,UNVERIFIED,UNVERIFIED,UNVERIFIED,UNVERIFIED,artifacts/ui-redesign/20260912-sprint/matrix-r19; artifacts/ui-redesign/20260912-sprint/control-reconciliation.json; artifacts/ui-redesign/20260912-sprint/controls-r3; docs/audit/ETP-UI-REDESIGN-ACCEPTANCE.md,"Source/control mapping and offscreen composition checked; these result columns reserve full interactive/installed acceptance, which is unverified. See acceptance record for scoped local passes."
tally-export,Tally Export,Accounting,,tally-export,Accounting,Export,Tally Export,AccountingWorkspaceView,1,ACTIVE,,Focused task,Export Tally XML…,Focused identity and primary action; bounded content,Reachable actions at 800x440 DIP,IMPLEMENTED,UNVERIFIED,UNVERIFIED,UNVERIFIED,UNVERIFIED,UNVERIFIED,UNVERIFIED,artifacts/ui-redesign/20260912-sprint/matrix-r19; artifacts/ui-redesign/20260912-sprint/control-reconciliation.json; artifacts/ui-redesign/20260912-sprint/controls-r3; docs/audit/ETP-UI-REDESIGN-ACCEPTANCE.md,"Source/control mapping and offscreen composition checked; these result columns reserve full interactive/installed acceptance, which is unverified. See acceptance record for scoped local passes."
export-history,Export History,Accounting,,export-history,Accounting,Accounting Workflow,Export History,Shell,1,ACTIVE,,Focused task,Open the labelled task or selected item,Focused identity and primary action; bounded content,Reachable actions at 800x440 DIP,IMPLEMENTED,UNVERIFIED,UNVERIFIED,UNVERIFIED,UNVERIFIED,UNVERIFIED,UNVERIFIED,artifacts/ui-redesign/20260912-sprint/matrix-r19; artifacts/ui-redesign/20260912-sprint/control-reconciliation.json; artifacts/ui-redesign/20260912-sprint/controls-r3; docs/audit/ETP-UI-REDESIGN-ACCEPTANCE.md,"Source/control mapping and offscreen composition checked; these result columns reserve full interactive/installed acceptance, which is unverified. See acceptance record for scoped local passes."
accounting-reconciliation,Accounting Reconciliation,Accounting,,accounting-reconciliation,Accounting,Accounting Workflow,Accounting Reconciliation,AccountingWorkspaceView,1,ACTIVE,,Focused task,Preview batch,Focused identity and primary action; bounded content,Reachable actions at 800x440 DIP,IMPLEMENTED,UNVERIFIED,UNVERIFIED,UNVERIFIED,UNVERIFIED,UNVERIFIED,UNVERIFIED,artifacts/ui-redesign/20260912-sprint/matrix-r19; artifacts/ui-redesign/20260912-sprint/control-reconciliation.json; artifacts/ui-redesign/20260912-sprint/controls-r3; docs/audit/ETP-UI-REDESIGN-ACCEPTANCE.md,"Source/control mapping and offscreen composition checked; these result columns reserve full interactive/installed acceptance, which is unverified. See acceptance record for scoped local passes."
direct-posting,Approved Direct Posting,,,direct-posting,Accounting,Future Extension,Approved Direct Posting,Shell,1,DEFERRED,No direct-posting authority exists.,Focused task,Open the labelled task or selected item,Focused identity and primary action; bounded content,Reachable actions at 800x440 DIP,IMPLEMENTED,NOT APPLICABLE,NOT APPLICABLE,NOT APPLICABLE,NOT APPLICABLE,NOT APPLICABLE,NOT APPLICABLE,artifacts/ui-redesign/20260912-sprint/matrix-r19; artifacts/ui-redesign/20260912-sprint/control-reconciliation.json; artifacts/ui-redesign/20260912-sprint/controls-r3; docs/audit/ETP-UI-REDESIGN-ACCEPTANCE.md,"Explicitly deferred, never enabled by redesign: No direct-posting authority exists."
gst-assist,GST Return Assist,,,gst-assist,Accounting,Future Extension,GST Return Assist,Shell,1,DEFERRED,Requires an approved tax policy and source contract.,Focused task,Open the labelled task or selected item,Focused identity and primary action; bounded content,Reachable actions at 800x440 DIP,IMPLEMENTED,NOT APPLICABLE,NOT APPLICABLE,NOT APPLICABLE,NOT APPLICABLE,NOT APPLICABLE,NOT APPLICABLE,artifacts/ui-redesign/20260912-sprint/matrix-r19; artifacts/ui-redesign/20260912-sprint/control-reconciliation.json; artifacts/ui-redesign/20260912-sprint/controls-r3; docs/audit/ETP-UI-REDESIGN-ACCEPTANCE.md,"Explicitly deferred, never enabled by redesign: Requires an approved tax policy and source contract."
archive-overview,Overview,Report Archive,,archive-overview,Archive,Archive,Overview,Shell,1,ACTIVE,,Focused task,Open the labelled task or selected item,Focused identity and primary action; bounded content,Reachable actions at 800x440 DIP,IMPLEMENTED,UNVERIFIED,UNVERIFIED,UNVERIFIED,UNVERIFIED,UNVERIFIED,UNVERIFIED,artifacts/ui-redesign/20260912-sprint/matrix-r19; artifacts/ui-redesign/20260912-sprint/control-reconciliation.json; artifacts/ui-redesign/20260912-sprint/controls-r3; docs/audit/ETP-UI-REDESIGN-ACCEPTANCE.md,"Source/control mapping and offscreen composition checked; these result columns reserve full interactive/installed acceptance, which is unverified. See acceptance record for scoped local passes."
generations,Report Generations,Report Archive,,generations,Archive,Archive,Report Generations,ArchiveWorkspaceView,1,ACTIVE,,Focused task,Refresh report archive,Focused identity and primary action; bounded content,Reachable actions at 800x440 DIP,IMPLEMENTED,UNVERIFIED,UNVERIFIED,UNVERIFIED,UNVERIFIED,UNVERIFIED,UNVERIFIED,artifacts/ui-redesign/20260912-sprint/matrix-r19; artifacts/ui-redesign/20260912-sprint/control-reconciliation.json; artifacts/ui-redesign/20260912-sprint/controls-r3; docs/audit/ETP-UI-REDESIGN-ACCEPTANCE.md,"Source/control mapping and offscreen composition checked; these result columns reserve full interactive/installed acceptance, which is unverified. See acceptance record for scoped local passes."
final-packs,Finalised Packs,Report Archive,,final-packs,Archive,Archive,Finalised Packs,ArchiveWorkspaceView,1,ACTIVE,,Focused task,Refresh report archive,Focused identity and primary action; bounded content,Reachable actions at 800x440 DIP,IMPLEMENTED,UNVERIFIED,UNVERIFIED,UNVERIFIED,UNVERIFIED,UNVERIFIED,UNVERIFIED,artifacts/ui-redesign/20260912-sprint/matrix-r19; artifacts/ui-redesign/20260912-sprint/control-reconciliation.json; artifacts/ui-redesign/20260912-sprint/controls-r3; docs/audit/ETP-UI-REDESIGN-ACCEPTANCE.md,"Source/control mapping and offscreen composition checked; these result columns reserve full interactive/installed acceptance, which is unverified. See acceptance record for scoped local passes."
restatements,Restatements,Report Archive,,restatements,Archive,Archive,Restatements,ArchiveWorkspaceView,1,ACTIVE,,Focused task,Refresh report archive,Focused identity and primary action; bounded content,Reachable actions at 800x440 DIP,IMPLEMENTED,UNVERIFIED,UNVERIFIED,UNVERIFIED,UNVERIFIED,UNVERIFIED,UNVERIFIED,artifacts/ui-redesign/20260912-sprint/matrix-r19; artifacts/ui-redesign/20260912-sprint/control-reconciliation.json; artifacts/ui-redesign/20260912-sprint/controls-r3; docs/audit/ETP-UI-REDESIGN-ACCEPTANCE.md,"Source/control mapping and offscreen composition checked; these result columns reserve full interactive/installed acceptance, which is unverified. See acceptance record for scoped local passes."
compare,Compare Generations,Report Archive,,compare,Archive,Generations,Compare Generations,ArchiveWorkspaceView,1,ACTIVE,,Focused task,Refresh report archive,Focused identity and primary action; bounded content,Reachable actions at 800x440 DIP,IMPLEMENTED,UNVERIFIED,UNVERIFIED,UNVERIFIED,UNVERIFIED,UNVERIFIED,UNVERIFIED,artifacts/ui-redesign/20260912-sprint/matrix-r19; artifacts/ui-redesign/20260912-sprint/control-reconciliation.json; artifacts/ui-redesign/20260912-sprint/controls-r3; docs/audit/ETP-UI-REDESIGN-ACCEPTANCE.md,"Source/control mapping and offscreen composition checked; these result columns reserve full interactive/installed acceptance, which is unverified. See acceptance record for scoped local passes."
re-export,Re-export,Report Archive,,re-export,Archive,Archive,Re-export,ArchiveWorkspaceView,1,ACTIVE,,Focused task,Refresh report archive,Focused identity and primary action; bounded content,Reachable actions at 800x440 DIP,IMPLEMENTED,UNVERIFIED,UNVERIFIED,UNVERIFIED,UNVERIFIED,UNVERIFIED,UNVERIFIED,artifacts/ui-redesign/20260912-sprint/matrix-r19; artifacts/ui-redesign/20260912-sprint/control-reconciliation.json; artifacts/ui-redesign/20260912-sprint/controls-r3; docs/audit/ETP-UI-REDESIGN-ACCEPTANCE.md,"Source/control mapping and offscreen composition checked; these result columns reserve full interactive/installed acceptance, which is unverified. See acceptance record for scoped local passes."
shared,Shared Reports,Report Archive,,shared,Archive,Archive,Shared Reports,ArchiveWorkspaceView,1,ACTIVE,,Focused task,Refresh report archive,Focused identity and primary action; bounded content,Reachable actions at 800x440 DIP,IMPLEMENTED,UNVERIFIED,UNVERIFIED,UNVERIFIED,UNVERIFIED,UNVERIFIED,UNVERIFIED,artifacts/ui-redesign/20260912-sprint/matrix-r19; artifacts/ui-redesign/20260912-sprint/control-reconciliation.json; artifacts/ui-redesign/20260912-sprint/controls-r3; docs/audit/ETP-UI-REDESIGN-ACCEPTANCE.md,"Source/control mapping and offscreen composition checked; these result columns reserve full interactive/installed acceptance, which is unverified. See acceptance record for scoped local passes."
source-documents,Source Documents,Import ETP,,documents,Imports,Documents & Ocr,Document Repository,SourceInboxWorkspaceView,2,ACTIVE,,Focused task,Verify and open selected source document,Focused identity and primary action; bounded content,Reachable actions at 800x440 DIP,IMPLEMENTED,UNVERIFIED,UNVERIFIED,UNVERIFIED,UNVERIFIED,UNVERIFIED,UNVERIFIED,artifacts/ui-redesign/20260912-sprint/matrix-r19; artifacts/ui-redesign/20260912-sprint/control-reconciliation.json; artifacts/ui-redesign/20260912-sprint/controls-r3; docs/audit/ETP-UI-REDESIGN-ACCEPTANCE.md,"Source/control mapping and offscreen composition checked; these result columns reserve full interactive/installed acceptance, which is unverified. See acceptance record for scoped local passes."
open-items,Open Items,Operations Center,,open-items,Exceptions,Exceptions & Approvals,Open Items,OperationsWorkspaceView,1,ACTIVE,,Focused task,Refresh operations center,Focused identity and primary action; bounded content,Reachable actions at 800x440 DIP,IMPLEMENTED,UNVERIFIED,UNVERIFIED,UNVERIFIED,UNVERIFIED,UNVERIFIED,UNVERIFIED,artifacts/ui-redesign/20260912-sprint/matrix-r19; artifacts/ui-redesign/20260912-sprint/control-reconciliation.json; artifacts/ui-redesign/20260912-sprint/controls-r3; docs/audit/ETP-UI-REDESIGN-ACCEPTANCE.md,"Source/control mapping and offscreen composition checked; these result columns reserve full interactive/installed acceptance, which is unverified. See acceptance record for scoped local passes."
data-quality,Data Quality,Operations Center,,data-quality,Exceptions,Exceptions & Approvals,Data Quality,OperationsWorkspaceView,1,ACTIVE,,Focused task,Refresh operations center,Focused identity and primary action; bounded content,Reachable actions at 800x440 DIP,IMPLEMENTED,UNVERIFIED,UNVERIFIED,UNVERIFIED,UNVERIFIED,UNVERIFIED,UNVERIFIED,artifacts/ui-redesign/20260912-sprint/matrix-r19; artifacts/ui-redesign/20260912-sprint/control-reconciliation.json; artifacts/ui-redesign/20260912-sprint/controls-r3; docs/audit/ETP-UI-REDESIGN-ACCEPTANCE.md,"Source/control mapping and offscreen composition checked; these result columns reserve full interactive/installed acceptance, which is unverified. See acceptance record for scoped local passes."
missing-sources,Missing Sources,Sales Reports,exception-source,report-exception-source,Reports,Exceptions,Missing Source Report,Shell,1,ACTIVE,,Report,Refresh Preview; Actions for export,Focused identity and primary action; bounded content,Reachable actions at 800x440 DIP,IMPLEMENTED,UNVERIFIED,UNVERIFIED,UNVERIFIED,UNVERIFIED,UNVERIFIED,UNVERIFIED,"artifacts/ui-redesign/20260912-sprint/matrix-r19; artifacts/ui-redesign/20260912-sprint/control-reconciliation.json; artifacts/ui-redesign/20260912-sprint/controls-r3; docs/audit/ETP-UI-REDESIGN-ACCEPTANCE.md; artifacts/ui-redesign/20260912-sprint/report-states-r7/report-state-results.json; local-followup/exports-after/comparison.json and fixture-value-verification.json: programmatic file checks, not installed interaction","Source/control mapping and offscreen composition checked; these result columns reserve full interactive/installed acceptance, which is unverified. See acceptance record for scoped local passes."
unknown-layouts,Unknown Layouts,Import ETP,,unknown-layouts,Exceptions,Quality & History,Unknown Layouts,SourceInboxWorkspaceView,1,ACTIVE,,Focused task,Verify and open selected source document,Focused identity and primary action; bounded content,Reachable actions at 800x440 DIP,IMPLEMENTED,UNVERIFIED,UNVERIFIED,UNVERIFIED,UNVERIFIED,UNVERIFIED,UNVERIFIED,artifacts/ui-redesign/20260912-sprint/matrix-r19; artifacts/ui-redesign/20260912-sprint/control-reconciliation.json; artifacts/ui-redesign/20260912-sprint/controls-r3; docs/audit/ETP-UI-REDESIGN-ACCEPTANCE.md,"Source/control mapping and offscreen composition checked; these result columns reserve full interactive/installed acceptance, which is unverified. See acceptance record for scoped local passes."
unmapped,Unmapped Data,Sales Reports,exception-unmapped,report-exception-unmapped,Reports,Exceptions,Unmapped Data,Shell,1,ACTIVE,,Report,Refresh Preview; Actions for export,Focused identity and primary action; bounded content,Reachable actions at 800x440 DIP,IMPLEMENTED,UNVERIFIED,UNVERIFIED,UNVERIFIED,UNVERIFIED,UNVERIFIED,UNVERIFIED,"artifacts/ui-redesign/20260912-sprint/matrix-r19; artifacts/ui-redesign/20260912-sprint/control-reconciliation.json; artifacts/ui-redesign/20260912-sprint/controls-r3; docs/audit/ETP-UI-REDESIGN-ACCEPTANCE.md; artifacts/ui-redesign/20260912-sprint/report-states-r7/report-state-results.json; local-followup/exports-after/comparison.json and fixture-value-verification.json: programmatic file checks, not installed interaction","Source/control mapping and offscreen composition checked; these result columns reserve full interactive/installed acceptance, which is unverified. See acceptance record for scoped local passes."
import-conflicts,Import Conflicts,Import ETP,,conflicts,Imports,Quality & History,Conflict Review,Shell,2,ACTIVE,,Focused task,Open the labelled task or selected item,Focused identity and primary action; bounded content,Reachable actions at 800x440 DIP,IMPLEMENTED,UNVERIFIED,UNVERIFIED,UNVERIFIED,UNVERIFIED,UNVERIFIED,UNVERIFIED,artifacts/ui-redesign/20260912-sprint/matrix-r19; artifacts/ui-redesign/20260912-sprint/control-reconciliation.json; artifacts/ui-redesign/20260912-sprint/controls-r3; docs/audit/ETP-UI-REDESIGN-ACCEPTANCE.md,"Source/control mapping and offscreen composition checked; these result columns reserve full interactive/installed acceptance, which is unverified. See acceptance record for scoped local passes."
tender-exceptions,Tender,Sales Reports,exception-tender,report-exception-tender,Reports,Exceptions,Tender Exceptions,Shell,1,ACTIVE,,Report,Refresh Preview; Actions for export,Focused identity and primary action; bounded content,Reachable actions at 800x440 DIP,IMPLEMENTED,UNVERIFIED,UNVERIFIED,UNVERIFIED,UNVERIFIED,UNVERIFIED,UNVERIFIED,"artifacts/ui-redesign/20260912-sprint/matrix-r19; artifacts/ui-redesign/20260912-sprint/control-reconciliation.json; artifacts/ui-redesign/20260912-sprint/controls-r3; docs/audit/ETP-UI-REDESIGN-ACCEPTANCE.md; artifacts/ui-redesign/20260912-sprint/report-states-r7/report-state-results.json; local-followup/exports-after/comparison.json and fixture-value-verification.json: programmatic file checks, not installed interaction","Source/control mapping and offscreen composition checked; these result columns reserve full interactive/installed acceptance, which is unverified. See acceptance record for scoped local passes."
stock-exceptions,Stock,Sales Reports,exception-stock,report-exception-stock,Reports,Exceptions,Stock Exceptions,Shell,1,ACTIVE,,Report,Refresh Preview; Actions for export,Focused identity and primary action; bounded content,Reachable actions at 800x440 DIP,IMPLEMENTED,UNVERIFIED,UNVERIFIED,UNVERIFIED,UNVERIFIED,UNVERIFIED,UNVERIFIED,"artifacts/ui-redesign/20260912-sprint/matrix-r19; artifacts/ui-redesign/20260912-sprint/control-reconciliation.json; artifacts/ui-redesign/20260912-sprint/controls-r3; docs/audit/ETP-UI-REDESIGN-ACCEPTANCE.md; artifacts/ui-redesign/20260912-sprint/report-states-r7/report-state-results.json; local-followup/exports-after/comparison.json and fixture-value-verification.json: programmatic file checks, not installed interaction","Source/control mapping and offscreen composition checked; these result columns reserve full interactive/installed acceptance, which is unverified. See acceptance record for scoped local passes."
staff-exceptions,Staff,Sales Reports,exception-staff,report-exception-staff,Reports,Exceptions,Staff Exceptions,Shell,1,ACTIVE,,Report,Refresh Preview; Actions for export,Focused identity and primary action; bounded content,Reachable actions at 800x440 DIP,IMPLEMENTED,UNVERIFIED,UNVERIFIED,UNVERIFIED,UNVERIFIED,UNVERIFIED,UNVERIFIED,"artifacts/ui-redesign/20260912-sprint/matrix-r19; artifacts/ui-redesign/20260912-sprint/control-reconciliation.json; artifacts/ui-redesign/20260912-sprint/controls-r3; docs/audit/ETP-UI-REDESIGN-ACCEPTANCE.md; artifacts/ui-redesign/20260912-sprint/report-states-r7/report-state-results.json; local-followup/exports-after/comparison.json and fixture-value-verification.json: programmatic file checks, not installed interaction","Source/control mapping and offscreen composition checked; these result columns reserve full interactive/installed acceptance, which is unverified. See acceptance record for scoped local passes."
ocr-exceptions,OCR Review,Import ETP,,ocr-review,Imports,Documents & Ocr,OCR Review Queue,SourceInboxWorkspaceView,2,ACTIVE,,Focused task,Verify and open selected source document,Focused identity and primary action; bounded content,Reachable actions at 800x440 DIP,IMPLEMENTED,UNVERIFIED,UNVERIFIED,UNVERIFIED,UNVERIFIED,UNVERIFIED,UNVERIFIED,artifacts/ui-redesign/20260912-sprint/matrix-r19; artifacts/ui-redesign/20260912-sprint/control-reconciliation.json; artifacts/ui-redesign/20260912-sprint/controls-r3; docs/audit/ETP-UI-REDESIGN-ACCEPTANCE.md,"Source/control mapping and offscreen composition checked; these result columns reserve full interactive/installed acceptance, which is unverified. See acceptance record for scoped local passes."
accounting-exceptions,Accounting,Accounting,,accounting-exceptions,Exceptions,Exceptions & Approvals,Accounting,Shell,1,ACTIVE,,Focused task,Open the labelled task or selected item,Focused identity and primary action; bounded content,Reachable actions at 800x440 DIP,IMPLEMENTED,UNVERIFIED,UNVERIFIED,UNVERIFIED,UNVERIFIED,UNVERIFIED,UNVERIFIED,artifacts/ui-redesign/20260912-sprint/matrix-r19; artifacts/ui-redesign/20260912-sprint/control-reconciliation.json; artifacts/ui-redesign/20260912-sprint/controls-r3; docs/audit/ETP-UI-REDESIGN-ACCEPTANCE.md,"Source/control mapping and offscreen composition checked; these result columns reserve full interactive/installed acceptance, which is unverified. See acceptance record for scoped local passes."
approval-centre,Approval Centre,Operations Center,,approval-centre,Approvals,Review,Approval Centre,InvestigationApprovalsWorkspaceView,3,ACTIVE,,Focused task,Approve selected,Focused identity and primary action; bounded content,Reachable actions at 800x440 DIP,IMPLEMENTED,UNVERIFIED,UNVERIFIED,UNVERIFIED,UNVERIFIED,UNVERIFIED,UNVERIFIED,artifacts/ui-redesign/20260912-sprint/matrix-r19; artifacts/ui-redesign/20260912-sprint/control-reconciliation.json; artifacts/ui-redesign/20260912-sprint/controls-r3; docs/audit/ETP-UI-REDESIGN-ACCEPTANCE.md,"Source/control mapping and offscreen composition checked; these result columns reserve full interactive/installed acceptance, which is unverified. See acceptance record for scoped local passes."
"settings","General","Admin / Settings","","settings","Settings","Display","Display & Preferences","Shell","1","ACTIVE","","Focused task","Open the labelled task or selected item","Focused identity and primary action; bounded content","Reachable actions at 800x440 DIP","IMPLEMENTED","UNVERIFIED","UNVERIFIED","UNVERIFIED","UNVERIFIED","UNVERIFIED","UNVERIFIED","artifacts/ui-redesign/20260912-sprint/matrix-r19; artifacts/ui-redesign/20260912-sprint/control-reconciliation.json; artifacts/ui-redesign/20260912-sprint/controls-r3; docs/audit/ETP-UI-REDESIGN-ACCEPTANCE.md; docs/audit/ETP-UI-REDESIGN-R10-2026-09-13.md","Source/control mapping and offscreen composition checked; these result columns reserve full interactive/installed acceptance, which is unverified. See acceptance record for scoped local passes. Settings sidebar defect reported 2026-09-13; reproduction and repair pending VM access and screen capture (ETP-UI-REDESIGN-ACCEPTANCE-RESUME-2026-09-13.md). D43: selector moved to personal Settings; installed pointer/keyboard verification remains open."
users,Users & Roles,Admin / Settings,,users,Settings,Users & Access,Users & Roles,AdministrationWorkspaceView,3,ACTIVE,,Focused task,Save user access,Focused identity and primary action; bounded content,Reachable actions at 800x440 DIP,IMPLEMENTED,UNVERIFIED,UNVERIFIED,UNVERIFIED,UNVERIFIED,UNVERIFIED,UNVERIFIED,artifacts/ui-redesign/20260912-sprint/matrix-r19; artifacts/ui-redesign/20260912-sprint/control-reconciliation.json; artifacts/ui-redesign/20260912-sprint/controls-r3; docs/audit/ETP-UI-REDESIGN-ACCEPTANCE.md,"Source/control mapping and offscreen composition checked; these result columns reserve full interactive/installed acceptance, which is unverified. See acceptance record for scoped local passes. Settings sidebar defect reported 2026-09-13; reproduction and repair pending VM access and screen capture (ETP-UI-REDESIGN-ACCEPTANCE-RESUME-2026-09-13.md)."
stores,Stores,Admin / Settings,,stores,Settings,Stores & Masters,Stores,AdministrationWorkspaceView,3,ACTIVE,,Focused task,Save master,Focused identity and primary action; bounded content,Reachable actions at 800x440 DIP,IMPLEMENTED,UNVERIFIED,UNVERIFIED,UNVERIFIED,UNVERIFIED,UNVERIFIED,UNVERIFIED,artifacts/ui-redesign/20260912-sprint/matrix-r19; artifacts/ui-redesign/20260912-sprint/control-reconciliation.json; artifacts/ui-redesign/20260912-sprint/controls-r3; docs/audit/ETP-UI-REDESIGN-ACCEPTANCE.md,"Source/control mapping and offscreen composition checked; these result columns reserve full interactive/installed acceptance, which is unverified. See acceptance record for scoped local passes. Settings sidebar defect reported 2026-09-13; reproduction and repair pending VM access and screen capture (ETP-UI-REDESIGN-ACCEPTANCE-RESUME-2026-09-13.md)."
masters,Master Data,Admin / Settings,,masters,Settings,Stores & Masters,Master Data,AdministrationWorkspaceView,3,ACTIVE,,Focused task,Save master,Focused identity and primary action; bounded content,Reachable actions at 800x440 DIP,IMPLEMENTED,UNVERIFIED,UNVERIFIED,UNVERIFIED,UNVERIFIED,UNVERIFIED,UNVERIFIED,artifacts/ui-redesign/20260912-sprint/matrix-r19; artifacts/ui-redesign/20260912-sprint/control-reconciliation.json; artifacts/ui-redesign/20260912-sprint/controls-r3; docs/audit/ETP-UI-REDESIGN-ACCEPTANCE.md,"Source/control mapping and offscreen composition checked; these result columns reserve full interactive/installed acceptance, which is unverified. See acceptance record for scoped local passes. Settings sidebar defect reported 2026-09-13; reproduction and repair pending VM access and screen capture (ETP-UI-REDESIGN-ACCEPTANCE-RESUME-2026-09-13.md)."
profiles,Import Profiles,Admin / Settings,,profiles,Settings,Stores & Masters,Import Profiles,Shell,3,ACTIVE,,Focused task,Open the labelled task or selected item,Focused identity and primary action; bounded content,Reachable actions at 800x440 DIP,IMPLEMENTED,UNVERIFIED,UNVERIFIED,UNVERIFIED,UNVERIFIED,UNVERIFIED,UNVERIFIED,artifacts/ui-redesign/20260912-sprint/matrix-r19; artifacts/ui-redesign/20260912-sprint/control-reconciliation.json; artifacts/ui-redesign/20260912-sprint/controls-r3; docs/audit/ETP-UI-REDESIGN-ACCEPTANCE.md,"Source/control mapping and offscreen composition checked; these result columns reserve full interactive/installed acceptance, which is unverified. See acceptance record for scoped local passes. Settings sidebar defect reported 2026-09-13; reproduction and repair pending VM access and screen capture (ETP-UI-REDESIGN-ACCEPTANCE-RESUME-2026-09-13.md)."
kpi,KPI Catalogue,Admin / Settings,,kpi,Settings,Stores & Masters,KPI Catalogue,Shell,3,ACTIVE,,Focused task,Open the labelled task or selected item,Focused identity and primary action; bounded content,Reachable actions at 800x440 DIP,IMPLEMENTED,UNVERIFIED,UNVERIFIED,UNVERIFIED,UNVERIFIED,UNVERIFIED,UNVERIFIED,artifacts/ui-redesign/20260912-sprint/matrix-r19; artifacts/ui-redesign/20260912-sprint/control-reconciliation.json; artifacts/ui-redesign/20260912-sprint/controls-r3; docs/audit/ETP-UI-REDESIGN-ACCEPTANCE.md,"Source/control mapping and offscreen composition checked; these result columns reserve full interactive/installed acceptance, which is unverified. See acceptance record for scoped local passes. Settings sidebar defect reported 2026-09-13; reproduction and repair pending VM access and screen capture (ETP-UI-REDESIGN-ACCEPTANCE-RESUME-2026-09-13.md)."
tender-rules,Tender Rules,Admin / Settings,,tender-rules,Settings,Stores & Masters,Tender Rules,AdministrationWorkspaceView,3,ACTIVE,,Focused task,Save master,Focused identity and primary action; bounded content,Reachable actions at 800x440 DIP,IMPLEMENTED,UNVERIFIED,UNVERIFIED,UNVERIFIED,UNVERIFIED,UNVERIFIED,UNVERIFIED,artifacts/ui-redesign/20260912-sprint/matrix-r19; artifacts/ui-redesign/20260912-sprint/control-reconciliation.json; artifacts/ui-redesign/20260912-sprint/controls-r3; docs/audit/ETP-UI-REDESIGN-ACCEPTANCE.md,"Source/control mapping and offscreen composition checked; these result columns reserve full interactive/installed acceptance, which is unverified. See acceptance record for scoped local passes. Settings sidebar defect reported 2026-09-13; reproduction and repair pending VM access and screen capture (ETP-UI-REDESIGN-ACCEPTANCE-RESUME-2026-09-13.md)."
accounting-map,Accounting Mapping,Accounting,,ledger-mapping,Accounting,Accounting Workflow,Ledger Mapping,AccountingWorkspaceView,3,ACTIVE,,Focused task,Approve mapping,Focused identity and primary action; bounded content,Reachable actions at 800x440 DIP,IMPLEMENTED,UNVERIFIED,UNVERIFIED,UNVERIFIED,UNVERIFIED,UNVERIFIED,UNVERIFIED,artifacts/ui-redesign/20260912-sprint/matrix-r19; artifacts/ui-redesign/20260912-sprint/control-reconciliation.json; artifacts/ui-redesign/20260912-sprint/controls-r3; docs/audit/ETP-UI-REDESIGN-ACCEPTANCE.md,"Source/control mapping and offscreen composition checked; these result columns reserve full interactive/installed acceptance, which is unverified. See acceptance record for scoped local passes."
watch,Watch Folders,Operations Center,,watch-folder,Settings,Integrations,Watch Folder,OperationsWorkspaceView,2,ACTIVE,,Focused task,Save automation settings,Focused identity and primary action; bounded content,Reachable actions at 800x440 DIP,IMPLEMENTED,UNVERIFIED,UNVERIFIED,UNVERIFIED,UNVERIFIED,UNVERIFIED,UNVERIFIED,artifacts/ui-redesign/20260912-sprint/matrix-r19; artifacts/ui-redesign/20260912-sprint/control-reconciliation.json; artifacts/ui-redesign/20260912-sprint/controls-r3; docs/audit/ETP-UI-REDESIGN-ACCEPTANCE.md,"Source/control mapping and offscreen composition checked; these result columns reserve full interactive/installed acceptance, which is unverified. See acceptance record for scoped local passes. Settings sidebar defect reported 2026-09-13; reproduction and repair pending VM access and screen capture (ETP-UI-REDESIGN-ACCEPTANCE-RESUME-2026-09-13.md)."
ocr,OCR,Admin / Settings,,ocr,Settings,Integrations,OCR,SettingsWorkspaceView,3,ACTIVE,,Focused task,Save product integrations,Focused identity and primary action; bounded content,Reachable actions at 800x440 DIP,IMPLEMENTED,UNVERIFIED,UNVERIFIED,UNVERIFIED,UNVERIFIED,UNVERIFIED,UNVERIFIED,artifacts/ui-redesign/20260912-sprint/matrix-r19; artifacts/ui-redesign/20260912-sprint/control-reconciliation.json; artifacts/ui-redesign/20260912-sprint/controls-r3; docs/audit/ETP-UI-REDESIGN-ACCEPTANCE.md,"Source/control mapping and offscreen composition checked; these result columns reserve full interactive/installed acceptance, which is unverified. See acceptance record for scoped local passes. Settings sidebar defect reported 2026-09-13; reproduction and repair pending VM access and screen capture (ETP-UI-REDESIGN-ACCEPTANCE-RESUME-2026-09-13.md)."
sharing,Email & Sharing,Admin / Settings,,sharing,Settings,Integrations,Email & Sharing,SettingsWorkspaceView,3,ACTIVE,,Focused task,Save product integrations,Focused identity and primary action; bounded content,Reachable actions at 800x440 DIP,IMPLEMENTED,UNVERIFIED,UNVERIFIED,UNVERIFIED,UNVERIFIED,UNVERIFIED,UNVERIFIED,artifacts/ui-redesign/20260912-sprint/matrix-r19; artifacts/ui-redesign/20260912-sprint/control-reconciliation.json; artifacts/ui-redesign/20260912-sprint/controls-r3; docs/audit/ETP-UI-REDESIGN-ACCEPTANCE.md,"Source/control mapping and offscreen composition checked; these result columns reserve full interactive/installed acceptance, which is unverified. See acceptance record for scoped local passes. Settings sidebar defect reported 2026-09-13; reproduction and repair pending VM access and screen capture (ETP-UI-REDESIGN-ACCEPTANCE-RESUME-2026-09-13.md)."
backup,Backup & Recovery,Operations Center,,backups,Settings,Database & Recovery,Backups,OperationsWorkspaceView,3,ACTIVE,,Focused task,Run database backup now,Focused identity and primary action; bounded content,Reachable actions at 800x440 DIP,IMPLEMENTED,UNVERIFIED,UNVERIFIED,UNVERIFIED,UNVERIFIED,UNVERIFIED,UNVERIFIED,artifacts/ui-redesign/20260912-sprint/matrix-r19; artifacts/ui-redesign/20260912-sprint/control-reconciliation.json; artifacts/ui-redesign/20260912-sprint/controls-r3; docs/audit/ETP-UI-REDESIGN-ACCEPTANCE.md,"Source/control mapping and offscreen composition checked; these result columns reserve full interactive/installed acceptance, which is unverified. See acceptance record for scoped local passes. Settings sidebar defect reported 2026-09-13; reproduction and repair pending VM access and screen capture (ETP-UI-REDESIGN-ACCEPTANCE-RESUME-2026-09-13.md)."
scheduler,Scheduler,Operations Center,,scheduler,Settings,Integrations,Scheduler,OperationsWorkspaceView,3,ACTIVE,,Focused task,Update selected schedule,Focused identity and primary action; bounded content,Reachable actions at 800x440 DIP,IMPLEMENTED,UNVERIFIED,UNVERIFIED,UNVERIFIED,UNVERIFIED,UNVERIFIED,UNVERIFIED,artifacts/ui-redesign/20260912-sprint/matrix-r19; artifacts/ui-redesign/20260912-sprint/control-reconciliation.json; artifacts/ui-redesign/20260912-sprint/controls-r3; docs/audit/ETP-UI-REDESIGN-ACCEPTANCE.md,"Source/control mapping and offscreen composition checked; these result columns reserve full interactive/installed acceptance, which is unverified. See acceptance record for scoped local passes. Settings sidebar defect reported 2026-09-13; reproduction and repair pending VM access and screen capture (ETP-UI-REDESIGN-ACCEPTANCE-RESUME-2026-09-13.md)."
health,System Health,Admin / Settings,,health,Settings,Database & Recovery,System Health,Shell,3,ACTIVE,,Focused task,Open the labelled task or selected item,Focused identity and primary action; bounded content,Reachable actions at 800x440 DIP,IMPLEMENTED,UNVERIFIED,UNVERIFIED,UNVERIFIED,UNVERIFIED,UNVERIFIED,UNVERIFIED,artifacts/ui-redesign/20260912-sprint/matrix-r19; artifacts/ui-redesign/20260912-sprint/control-reconciliation.json; artifacts/ui-redesign/20260912-sprint/controls-r3; docs/audit/ETP-UI-REDESIGN-ACCEPTANCE.md,"Source/control mapping and offscreen composition checked; these result columns reserve full interactive/installed acceptance, which is unverified. See acceptance record for scoped local passes. Settings sidebar defect reported 2026-09-13; reproduction and repair pending VM access and screen capture (ETP-UI-REDESIGN-ACCEPTANCE-RESUME-2026-09-13.md)."
audit,Audit Trail,Dashboard,,audit,Settings,General,Audit Trail,Shell,3,ACTIVE,,Focused task,Open the labelled task or selected item,Focused identity and primary action; bounded content,Reachable actions at 800x440 DIP,IMPLEMENTED,UNVERIFIED,UNVERIFIED,UNVERIFIED,UNVERIFIED,UNVERIFIED,UNVERIFIED,artifacts/ui-redesign/20260912-sprint/matrix-r19; artifacts/ui-redesign/20260912-sprint/control-reconciliation.json; artifacts/ui-redesign/20260912-sprint/controls-r3; docs/audit/ETP-UI-REDESIGN-ACCEPTANCE.md,"Source/control mapping and offscreen composition checked; these result columns reserve full interactive/installed acceptance, which is unverified. See acceptance record for scoped local passes. Settings sidebar defect reported 2026-09-13; reproduction and repair pending VM access and screen capture (ETP-UI-REDESIGN-ACCEPTANCE-RESUME-2026-09-13.md)."
support-package,Support Package,Operations Center,,support-package,Settings,Database & Recovery,Support Package,OperationsWorkspaceView,3,ACTIVE,,Focused task,Create privacy-safe support package,Focused identity and primary action; bounded content,Reachable actions at 800x440 DIP,IMPLEMENTED,UNVERIFIED,UNVERIFIED,UNVERIFIED,UNVERIFIED,UNVERIFIED,UNVERIFIED,artifacts/ui-redesign/20260912-sprint/matrix-r19; artifacts/ui-redesign/20260912-sprint/control-reconciliation.json; artifacts/ui-redesign/20260912-sprint/controls-r3; docs/audit/ETP-UI-REDESIGN-ACCEPTANCE.md,"Source/control mapping and offscreen composition checked; these result columns reserve full interactive/installed acceptance, which is unverified. See acceptance record for scoped local passes. Settings sidebar defect reported 2026-09-13; reproduction and repair pending VM access and screen capture (ETP-UI-REDESIGN-ACCEPTANCE-RESUME-2026-09-13.md)."
recovery,Restore & Recovery Drill,Operations Center,,recovery,Settings,Database & Recovery,Restore & Recovery Drill,OperationsWorkspaceView,3,ACTIVE,,Focused task,Run isolated database recovery drill,Focused identity and primary action; bounded content,Reachable actions at 800x440 DIP,IMPLEMENTED,UNVERIFIED,UNVERIFIED,UNVERIFIED,UNVERIFIED,UNVERIFIED,UNVERIFIED,artifacts/ui-redesign/20260912-sprint/matrix-r19; artifacts/ui-redesign/20260912-sprint/control-reconciliation.json; artifacts/ui-redesign/20260912-sprint/controls-r3; docs/audit/ETP-UI-REDESIGN-ACCEPTANCE.md,"Source/control mapping and offscreen composition checked; these result columns reserve full interactive/installed acceptance, which is unverified. See acceptance record for scoped local passes. Settings sidebar defect reported 2026-09-13; reproduction and repair pending VM access and screen capture (ETP-UI-REDESIGN-ACCEPTANCE-RESUME-2026-09-13.md)."
connection,Database Connection,Settings,,connection,Settings,Database & Recovery,Database Connection,SettingsWorkspaceView,3,ACTIVE,,Focused task,Test Windows-integrated database connection,Focused identity and primary action; bounded content,Reachable actions at 800x440 DIP,IMPLEMENTED,UNVERIFIED,UNVERIFIED,UNVERIFIED,UNVERIFIED,UNVERIFIED,UNVERIFIED,artifacts/ui-redesign/20260912-sprint/matrix-r19; artifacts/ui-redesign/20260912-sprint/control-reconciliation.json; artifacts/ui-redesign/20260912-sprint/controls-r3; docs/audit/ETP-UI-REDESIGN-ACCEPTANCE.md,"Source/control mapping and offscreen composition checked; these result columns reserve full interactive/installed acceptance, which is unverified. See acceptance record for scoped local passes. Settings sidebar defect reported 2026-09-13; reproduction and repair pending VM access and screen capture (ETP-UI-REDESIGN-ACCEPTANCE-RESUME-2026-09-13.md)."
stock-count,Stock Counts,Manual Entry,,stock-count,Dashboard,Daily Close,Stock Counts,DailyWorkflowWorkspaceView,2,ACTIVE,,Focused task,Save physical stock count,Focused identity and primary action; bounded content,Reachable actions at 800x440 DIP,IMPLEMENTED,UNVERIFIED,UNVERIFIED,UNVERIFIED,UNVERIFIED,UNVERIFIED,UNVERIFIED,artifacts/ui-redesign/20260912-sprint/matrix-r19; artifacts/ui-redesign/20260912-sprint/control-reconciliation.json; artifacts/ui-redesign/20260912-sprint/controls-r3; docs/audit/ETP-UI-REDESIGN-ACCEPTANCE.md,"Source/control mapping and offscreen composition checked; these result columns reserve full interactive/installed acceptance, which is unverified. See acceptance record for scoped local passes."
staff-target,Staff Targets,Manual Entry,,staff-target,Dashboard,Daily Close,Staff Targets,DailyWorkflowWorkspaceView,2,ACTIVE,,Focused task,Save staff target,Focused identity and primary action; bounded content,Reachable actions at 800x440 DIP,IMPLEMENTED,UNVERIFIED,UNVERIFIED,UNVERIFIED,UNVERIFIED,UNVERIFIED,UNVERIFIED,artifacts/ui-redesign/20260912-sprint/matrix-r19; artifacts/ui-redesign/20260912-sprint/control-reconciliation.json; artifacts/ui-redesign/20260912-sprint/controls-r3; docs/audit/ETP-UI-REDESIGN-ACCEPTANCE.md,"Source/control mapping and offscreen composition checked; these result columns reserve full interactive/installed acceptance, which is unverified. See acceptance record for scoped local passes."
adjustment,Adjustment Request,Operations Center,,adjustment,Exceptions,Review,Adjustment Request,InvestigationApprovalsWorkspaceView,2,ACTIVE,,Focused task,Submit for approval,Focused identity and primary action; bounded content,Reachable actions at 800x440 DIP,IMPLEMENTED,UNVERIFIED,UNVERIFIED,UNVERIFIED,UNVERIFIED,UNVERIFIED,UNVERIFIED,artifacts/ui-redesign/20260912-sprint/matrix-r19; artifacts/ui-redesign/20260912-sprint/control-reconciliation.json; artifacts/ui-redesign/20260912-sprint/controls-r3; docs/audit/ETP-UI-REDESIGN-ACCEPTANCE.md,"Source/control mapping and offscreen composition checked; these result columns reserve full interactive/installed acceptance, which is unverified. See acceptance record for scoped local passes."
investigation,Investigation,Operations Center,,investigation,Exceptions,Review,Investigation,InvestigationApprovalsWorkspaceView,1,ACTIVE,,Focused task,Search,Focused identity and primary action; bounded content,Reachable actions at 800x440 DIP,IMPLEMENTED,UNVERIFIED,UNVERIFIED,UNVERIFIED,UNVERIFIED,UNVERIFIED,UNVERIFIED,artifacts/ui-redesign/20260912-sprint/matrix-r19; artifacts/ui-redesign/20260912-sprint/control-reconciliation.json; artifacts/ui-redesign/20260912-sprint/controls-r3; docs/audit/ETP-UI-REDESIGN-ACCEPTANCE.md,"Source/control mapping and offscreen composition checked; these result columns reserve full interactive/installed acceptance, which is unverified. See acceptance record for scoped local passes."
src\Etp.Reporting.Desktop\MainWindow.xaml#ShowModuleHome_Click-32,ShowModuleHome_Click,src\Etp.Reporting.Desktop\MainWindow.xaml,,overview:Modules,,,,Etp.Reporting.Desktop,,ACTIVE,,Supporting action,ShowModuleHome_Click,Focused identity and primary action; bounded content,Reachable actions at 800x440 DIP,IMPLEMENTED,UNVERIFIED,UNVERIFIED,UNVERIFIED,UNVERIFIED,UNVERIFIED,UNVERIFIED,artifacts/ui-redesign/20260912-sprint/matrix-r19; artifacts/ui-redesign/20260912-sprint/control-reconciliation.json; artifacts/ui-redesign/20260912-sprint/controls-r3; docs/audit/ETP-UI-REDESIGN-ACCEPTANCE.md,"Source/control mapping and offscreen composition checked; these result columns reserve full interactive/installed acceptance, which is unverified. See acceptance record for scoped local passes."
src\Etp.Reporting.Desktop\MainWindow.xaml#OpenGlobalSearch_Click-34,OpenGlobalSearch_Click,src\Etp.Reporting.Desktop\MainWindow.xaml,,shell:search,,,,Etp.Reporting.Desktop,,ACTIVE,,Supporting action,OpenGlobalSearch_Click,Focused identity and primary action; bounded content,Reachable actions at 800x440 DIP,IMPLEMENTED,UNVERIFIED,UNVERIFIED,UNVERIFIED,UNVERIFIED,UNVERIFIED,UNVERIFIED,artifacts/ui-redesign/20260912-sprint/matrix-r19; artifacts/ui-redesign/20260912-sprint/control-reconciliation.json; artifacts/ui-redesign/20260912-sprint/controls-r3; docs/audit/ETP-UI-REDESIGN-ACCEPTANCE.md,"Source/control mapping and offscreen composition checked; these result columns reserve full interactive/installed acceptance, which is unverified. See acceptance record for scoped local passes."
src\Etp.Reporting.Desktop\MainWindow.xaml#OpenHelp_Click-37,OpenHelp_Click,src\Etp.Reporting.Desktop\MainWindow.xaml,,help:getting-started,Help,Getting Started,Help: Getting Started,Etp.Reporting.Desktop,1,ACTIVE,,Supporting action,OpenHelp_Click,Focused identity and primary action; bounded content,Reachable actions at 800x440 DIP,IMPLEMENTED,UNVERIFIED,UNVERIFIED,UNVERIFIED,UNVERIFIED,UNVERIFIED,UNVERIFIED,artifacts/ui-redesign/20260912-sprint/matrix-r19; artifacts/ui-redesign/20260912-sprint/control-reconciliation.json; artifacts/ui-redesign/20260912-sprint/controls-r3; docs/audit/ETP-UI-REDESIGN-ACCEPTANCE.md,"Source/control mapping and offscreen composition checked; these result columns reserve full interactive/installed acceptance, which is unverified. See acceptance record for scoped local passes."
src\Etp.Reporting.Desktop\MainWindow.xaml#Navigate_Click-39,Navigate_Click,src\Etp.Reporting.Desktop\MainWindow.xaml,,shell:module-navigation,,,,Etp.Reporting.Desktop,,ACTIVE,,Supporting action,Navigate_Click,Focused identity and primary action; bounded content,Reachable actions at 800x440 DIP,IMPLEMENTED,UNVERIFIED,UNVERIFIED,UNVERIFIED,UNVERIFIED,UNVERIFIED,UNVERIFIED,artifacts/ui-redesign/20260912-sprint/matrix-r19; artifacts/ui-redesign/20260912-sprint/control-reconciliation.json; artifacts/ui-redesign/20260912-sprint/controls-r3; docs/audit/ETP-UI-REDESIGN-ACCEPTANCE.md,"Source/control mapping and offscreen composition checked; these result columns reserve full interactive/installed acceptance, which is unverified. See acceptance record for scoped local passes."
src\Etp.Reporting.Desktop\MainWindow.xaml#OpenProfile_Click-41,OpenProfile_Click,src\Etp.Reporting.Desktop\MainWindow.xaml,,profile,Help,Your account,Profile,Etp.Reporting.Desktop,1,ACTIVE,,Supporting action,OpenProfile_Click,Focused identity and primary action; bounded content,Reachable actions at 800x440 DIP,IMPLEMENTED,UNVERIFIED,UNVERIFIED,UNVERIFIED,UNVERIFIED,UNVERIFIED,UNVERIFIED,artifacts/ui-redesign/20260912-sprint/matrix-r19; artifacts/ui-redesign/20260912-sprint/control-reconciliation.json; artifacts/ui-redesign/20260912-sprint/controls-r3; docs/audit/ETP-UI-REDESIGN-ACCEPTANCE.md,"Source/control mapping and offscreen composition checked; these result columns reserve full interactive/installed acceptance, which is unverified. See acceptance record for scoped local passes."
src\Etp.Reporting.Desktop\MainWindow.xaml#ToggleSidebar_Click-51,‹,src\Etp.Reporting.Desktop\MainWindow.xaml,,shell:retired-sidebar,,,,Etp.Reporting.Desktop,,ACTIVE,,Supporting action,ToggleSidebar_Click,Focused identity and primary action; bounded content,Reachable actions at 800x440 DIP,IMPLEMENTED,UNVERIFIED,UNVERIFIED,UNVERIFIED,UNVERIFIED,UNVERIFIED,UNVERIFIED,artifacts/ui-redesign/20260912-sprint/matrix-r19; artifacts/ui-redesign/20260912-sprint/control-reconciliation.json; artifacts/ui-redesign/20260912-sprint/controls-r3; docs/audit/ETP-UI-REDESIGN-ACCEPTANCE.md,"Source/control mapping and offscreen composition checked; these result columns reserve full interactive/installed acceptance, which is unverified. See acceptance record for scoped local passes."
src\Etp.Reporting.Desktop\MainWindow.xaml#ShowModuleHome_Click-58,← Back to Modules,src\Etp.Reporting.Desktop\MainWindow.xaml,,overview:Modules,,,,Etp.Reporting.Desktop,,ACTIVE,,Supporting action,ShowModuleHome_Click,Focused identity and primary action; bounded content,Reachable actions at 800x440 DIP,IMPLEMENTED,UNVERIFIED,UNVERIFIED,UNVERIFIED,UNVERIFIED,UNVERIFIED,UNVERIFIED,artifacts/ui-redesign/20260912-sprint/matrix-r19; artifacts/ui-redesign/20260912-sprint/control-reconciliation.json; artifacts/ui-redesign/20260912-sprint/controls-r3; docs/audit/ETP-UI-REDESIGN-ACCEPTANCE.md,"Source/control mapping and offscreen composition checked; these result columns reserve full interactive/installed acceptance, which is unverified. See acceptance record for scoped local passes."
src\Etp.Reporting.Desktop\MainWindow.xaml#ToggleSidebar_Click-78,Tasks,src\Etp.Reporting.Desktop\MainWindow.xaml,,shell:retired-sidebar,,,,Etp.Reporting.Desktop,,ACTIVE,,Supporting action,ToggleSidebar_Click,Focused identity and primary action; bounded content,Reachable actions at 800x440 DIP,IMPLEMENTED,UNVERIFIED,UNVERIFIED,UNVERIFIED,UNVERIFIED,UNVERIFIED,UNVERIFIED,artifacts/ui-redesign/20260912-sprint/matrix-r19; artifacts/ui-redesign/20260912-sprint/control-reconciliation.json; artifacts/ui-redesign/20260912-sprint/controls-r3; docs/audit/ETP-UI-REDESIGN-ACCEPTANCE.md,"Source/control mapping and offscreen composition checked; these result columns reserve full interactive/installed acceptance, which is unverified. See acceptance record for scoped local passes."
src\Etp.Reporting.Desktop\MainWindow.xaml#Navigate_Click-105,Open Settings,src\Etp.Reporting.Desktop\MainWindow.xaml,,shell:module-navigation,,,,Etp.Reporting.Desktop,,ACTIVE,,Supporting action,Navigate_Click,Focused identity and primary action; bounded content,Reachable actions at 800x440 DIP,IMPLEMENTED,UNVERIFIED,UNVERIFIED,UNVERIFIED,UNVERIFIED,UNVERIFIED,UNVERIFIED,artifacts/ui-redesign/20260912-sprint/matrix-r19; artifacts/ui-redesign/20260912-sprint/control-reconciliation.json; artifacts/ui-redesign/20260912-sprint/controls-r3; docs/audit/ETP-UI-REDESIGN-ACCEPTANCE.md,"Source/control mapping and offscreen composition checked; these result columns reserve full interactive/installed acceptance, which is unverified. See acceptance record for scoped local passes."
"src\Etp.Reporting.Desktop\MainWindow.xaml#ToggleDensity_Click-132","Comfortable","src\Etp.Reporting.Desktop\MainWindow.xaml","","settings","Settings","Display","Display & Preferences","Etp.Reporting.Desktop","1","ACTIVE","","Supporting action","ToggleDensity_Click","Focused identity and primary action; bounded content","Reachable actions at 800x440 DIP","IMPLEMENTED","UNVERIFIED","UNVERIFIED","UNVERIFIED","UNVERIFIED","UNVERIFIED","UNVERIFIED","artifacts/ui-redesign/20260912-sprint/matrix-r19; artifacts/ui-redesign/20260912-sprint/control-reconciliation.json; artifacts/ui-redesign/20260912-sprint/controls-r3; docs/audit/ETP-UI-REDESIGN-ACCEPTANCE.md; docs/audit/ETP-UI-REDESIGN-R10-2026-09-13.md","Source/control mapping and offscreen composition checked; these result columns reserve full interactive/installed acceptance, which is unverified. See acceptance record for scoped local passes. Settings sidebar defect reported 2026-09-13; reproduction and repair pending VM access and screen capture (ETP-UI-REDESIGN-ACCEPTANCE-RESUME-2026-09-13.md). D43: selector moved to personal Settings; installed pointer/keyboard verification remains open."
src\Etp.Reporting.Desktop\MainWindow.xaml#Continue_Click-153,Continue,src\Etp.Reporting.Desktop\MainWindow.xaml,,shell:startup,,,,Etp.Reporting.Desktop,,ACTIVE,,Supporting action,Continue_Click,Focused identity and primary action; bounded content,Reachable actions at 800x440 DIP,IMPLEMENTED,UNVERIFIED,UNVERIFIED,UNVERIFIED,UNVERIFIED,UNVERIFIED,UNVERIFIED,artifacts/ui-redesign/20260912-sprint/matrix-r19; artifacts/ui-redesign/20260912-sprint/control-reconciliation.json; artifacts/ui-redesign/20260912-sprint/controls-r3; docs/audit/ETP-UI-REDESIGN-ACCEPTANCE.md,"Source/control mapping and offscreen composition checked; these result columns reserve full interactive/installed acceptance, which is unverified. See acceptance record for scoped local passes."
src\Etp.Reporting.Desktop\Modules\Accounting\AccountingWorkspaceView.xaml#PreviewAccountingBatch_Click-7,Preview batch,src\Etp.Reporting.Desktop\Modules\Accounting\AccountingWorkspaceView.xaml,,prepare-batch,Accounting,Accounting Workflow,Prepare Batch,Accounting,1,ACTIVE,,Supporting action,PreviewAccountingBatch_Click,Focused identity and primary action; bounded content,Reachable actions at 800x440 DIP,IMPLEMENTED,UNVERIFIED,UNVERIFIED,UNVERIFIED,UNVERIFIED,UNVERIFIED,UNVERIFIED,artifacts/ui-redesign/20260912-sprint/matrix-r19; artifacts/ui-redesign/20260912-sprint/control-reconciliation.json; artifacts/ui-redesign/20260912-sprint/controls-r3; docs/audit/ETP-UI-REDESIGN-ACCEPTANCE.md,"Source/control mapping and offscreen composition checked; these result columns reserve full interactive/installed acceptance, which is unverified. See acceptance record for scoped local passes."
src\Etp.Reporting.Desktop\Modules\Accounting\AccountingWorkspaceView.xaml#SaveAccountingBatch_Click-8,Save for review,src\Etp.Reporting.Desktop\Modules\Accounting\AccountingWorkspaceView.xaml,,prepare-batch,Accounting,Accounting Workflow,Prepare Batch,Accounting,1,ACTIVE,,Supporting action,SaveAccountingBatch_Click,Focused identity and primary action; bounded content,Reachable actions at 800x440 DIP,IMPLEMENTED,UNVERIFIED,UNVERIFIED,UNVERIFIED,UNVERIFIED,UNVERIFIED,UNVERIFIED,artifacts/ui-redesign/20260912-sprint/matrix-r19; artifacts/ui-redesign/20260912-sprint/control-reconciliation.json; artifacts/ui-redesign/20260912-sprint/controls-r3; docs/audit/ETP-UI-REDESIGN-ACCEPTANCE.md,"Source/control mapping and offscreen composition checked; these result columns reserve full interactive/installed acceptance, which is unverified. See acceptance record for scoped local passes."
src\Etp.Reporting.Desktop\Modules\Accounting\AccountingWorkspaceView.xaml#ApproveAccountingBatch_Click-9,Approve selected,src\Etp.Reporting.Desktop\Modules\Accounting\AccountingWorkspaceView.xaml,,accounting-approval,Approvals,Accounting,Approve Accounting Batch,Accounting,3,ACTIVE,,Supporting action,ApproveAccountingBatch_Click,Focused identity and primary action; bounded content,Reachable actions at 800x440 DIP,IMPLEMENTED,UNVERIFIED,UNVERIFIED,UNVERIFIED,UNVERIFIED,UNVERIFIED,UNVERIFIED,artifacts/ui-redesign/20260912-sprint/matrix-r19; artifacts/ui-redesign/20260912-sprint/control-reconciliation.json; artifacts/ui-redesign/20260912-sprint/controls-r3; docs/audit/ETP-UI-REDESIGN-ACCEPTANCE.md,"Source/control mapping and offscreen composition checked; these result columns reserve full interactive/installed acceptance, which is unverified. See acceptance record for scoped local passes."
src\Etp.Reporting.Desktop\Modules\Accounting\AccountingWorkspaceView.xaml#ExportTallyXml_Click-10,Export Tally XML…,src\Etp.Reporting.Desktop\Modules\Accounting\AccountingWorkspaceView.xaml,,tally-export,Accounting,Export,Tally Export,Accounting,1,ACTIVE,,Supporting action,ExportTallyXml_Click,Focused identity and primary action; bounded content,Reachable actions at 800x440 DIP,IMPLEMENTED,UNVERIFIED,UNVERIFIED,UNVERIFIED,UNVERIFIED,UNVERIFIED,UNVERIFIED,artifacts/ui-redesign/20260912-sprint/matrix-r19; artifacts/ui-redesign/20260912-sprint/control-reconciliation.json; artifacts/ui-redesign/20260912-sprint/controls-r3; docs/audit/ETP-UI-REDESIGN-ACCEPTANCE.md,"Source/control mapping and offscreen composition checked; these result columns reserve full interactive/installed acceptance, which is unverified. See acceptance record for scoped local passes."
src\Etp.Reporting.Desktop\Modules\Accounting\AccountingWorkspaceView.xaml#ApproveAccountingMapping_Click-25,Approve mapping,src\Etp.Reporting.Desktop\Modules\Accounting\AccountingWorkspaceView.xaml,,ledger-mapping,Accounting,Accounting Workflow,Ledger Mapping,Accounting,3,ACTIVE,,Supporting action,ApproveAccountingMapping_Click,Focused identity and primary action; bounded content,Reachable actions at 800x440 DIP,IMPLEMENTED,UNVERIFIED,UNVERIFIED,UNVERIFIED,UNVERIFIED,UNVERIFIED,UNVERIFIED,artifacts/ui-redesign/20260912-sprint/matrix-r19; artifacts/ui-redesign/20260912-sprint/control-reconciliation.json; artifacts/ui-redesign/20260912-sprint/controls-r3; docs/audit/ETP-UI-REDESIGN-ACCEPTANCE.md,"Source/control mapping and offscreen composition checked; these result columns reserve full interactive/installed acceptance, which is unverified. See acceptance record for scoped local passes."
src\Etp.Reporting.Desktop\Modules\Archive\ArchiveWorkspaceView.xaml#RefreshReportArchive_Click-14,Refresh archive,src\Etp.Reporting.Desktop\Modules\Archive\ArchiveWorkspaceView.xaml,,generations,Archive,Archive,Report Generations,Archive,1,ACTIVE,,Supporting action,RefreshReportArchive_Click,Focused identity and primary action; bounded content,Reachable actions at 800x440 DIP,IMPLEMENTED,UNVERIFIED,UNVERIFIED,UNVERIFIED,UNVERIFIED,UNVERIFIED,UNVERIFIED,artifacts/ui-redesign/20260912-sprint/matrix-r19; artifacts/ui-redesign/20260912-sprint/control-reconciliation.json; artifacts/ui-redesign/20260912-sprint/controls-r3; docs/audit/ETP-UI-REDESIGN-ACCEPTANCE.md,"Source/control mapping and offscreen composition checked; these result columns reserve full interactive/installed acceptance, which is unverified. See acceptance record for scoped local passes."
src\Etp.Reporting.Desktop\Modules\Archive\ArchiveWorkspaceView.xaml#OpenArchivedGeneration_Click-17,Open selected generation,src\Etp.Reporting.Desktop\Modules\Archive\ArchiveWorkspaceView.xaml,,generations,Archive,Archive,Report Generations,Archive,1,ACTIVE,,Supporting action,OpenArchivedGeneration_Click,Focused identity and primary action; bounded content,Reachable actions at 800x440 DIP,IMPLEMENTED,UNVERIFIED,UNVERIFIED,UNVERIFIED,UNVERIFIED,UNVERIFIED,UNVERIFIED,artifacts/ui-redesign/20260912-sprint/matrix-r19; artifacts/ui-redesign/20260912-sprint/control-reconciliation.json; artifacts/ui-redesign/20260912-sprint/controls-r3; docs/audit/ETP-UI-REDESIGN-ACCEPTANCE.md,"Source/control mapping and offscreen composition checked; these result columns reserve full interactive/installed acceptance, which is unverified. See acceptance record for scoped local passes."
src\Etp.Reporting.Desktop\Modules\Archive\ArchiveWorkspaceView.xaml#CompareArchivedGenerations_Click-18,Compare two selected,src\Etp.Reporting.Desktop\Modules\Archive\ArchiveWorkspaceView.xaml,,compare,Archive,Generations,Compare Generations,Archive,1,ACTIVE,,Supporting action,CompareArchivedGenerations_Click,Focused identity and primary action; bounded content,Reachable actions at 800x440 DIP,IMPLEMENTED,UNVERIFIED,UNVERIFIED,UNVERIFIED,UNVERIFIED,UNVERIFIED,UNVERIFIED,artifacts/ui-redesign/20260912-sprint/matrix-r19; artifacts/ui-redesign/20260912-sprint/control-reconciliation.json; artifacts/ui-redesign/20260912-sprint/controls-r3; docs/audit/ETP-UI-REDESIGN-ACCEPTANCE.md,"Source/control mapping and offscreen composition checked; these result columns reserve full interactive/installed acceptance, which is unverified. See acceptance record for scoped local passes."
src\Etp.Reporting.Desktop\Modules\Archive\ArchiveWorkspaceView.xaml#ExportArchivedExcel_Click-19,Export archived Excel…,src\Etp.Reporting.Desktop\Modules\Archive\ArchiveWorkspaceView.xaml,,re-export,Archive,Archive,Re-export,Archive,1,ACTIVE,,Supporting action,ExportArchivedExcel_Click,Focused identity and primary action; bounded content,Reachable actions at 800x440 DIP,IMPLEMENTED,UNVERIFIED,UNVERIFIED,UNVERIFIED,UNVERIFIED,UNVERIFIED,UNVERIFIED,artifacts/ui-redesign/20260912-sprint/matrix-r19; artifacts/ui-redesign/20260912-sprint/control-reconciliation.json; artifacts/ui-redesign/20260912-sprint/controls-r3; docs/audit/ETP-UI-REDESIGN-ACCEPTANCE.md,"Source/control mapping and offscreen composition checked; these result columns reserve full interactive/installed acceptance, which is unverified. See acceptance record for scoped local passes."
src\Etp.Reporting.Desktop\Modules\Archive\ArchiveWorkspaceView.xaml#ExportArchivedPdf_Click-20,Export archived PDF…,src\Etp.Reporting.Desktop\Modules\Archive\ArchiveWorkspaceView.xaml,,re-export,Archive,Archive,Re-export,Archive,1,ACTIVE,,Supporting action,ExportArchivedPdf_Click,Focused identity and primary action; bounded content,Reachable actions at 800x440 DIP,IMPLEMENTED,UNVERIFIED,UNVERIFIED,UNVERIFIED,UNVERIFIED,UNVERIFIED,UNVERIFIED,artifacts/ui-redesign/20260912-sprint/matrix-r19; artifacts/ui-redesign/20260912-sprint/control-reconciliation.json; artifacts/ui-redesign/20260912-sprint/controls-r3; docs/audit/ETP-UI-REDESIGN-ACCEPTANCE.md,"Source/control mapping and offscreen composition checked; these result columns reserve full interactive/installed acceptance, which is unverified. See acceptance record for scoped local passes."
src\Etp.Reporting.Desktop\Modules\Archive\ArchiveWorkspaceView.xaml#ExportArchivedZip_Click-21,Export ZIP…,src\Etp.Reporting.Desktop\Modules\Archive\ArchiveWorkspaceView.xaml,,re-export,Archive,Archive,Re-export,Archive,1,ACTIVE,,Supporting action,ExportArchivedZip_Click,Focused identity and primary action; bounded content,Reachable actions at 800x440 DIP,IMPLEMENTED,UNVERIFIED,UNVERIFIED,UNVERIFIED,UNVERIFIED,UNVERIFIED,UNVERIFIED,artifacts/ui-redesign/20260912-sprint/matrix-r19; artifacts/ui-redesign/20260912-sprint/control-reconciliation.json; artifacts/ui-redesign/20260912-sprint/controls-r3; docs/audit/ETP-UI-REDESIGN-ACCEPTANCE.md,"Source/control mapping and offscreen composition checked; these result columns reserve full interactive/installed acceptance, which is unverified. See acceptance record for scoped local passes."
src\Etp.Reporting.Desktop\Modules\Archive\ArchiveWorkspaceView.xaml#ShareArchivedWhatsApp_Click-22,WhatsApp,src\Etp.Reporting.Desktop\Modules\Archive\ArchiveWorkspaceView.xaml,,shared,Archive,Archive,Shared Reports,Archive,1,ACTIVE,,Supporting action,ShareArchivedWhatsApp_Click,Focused identity and primary action; bounded content,Reachable actions at 800x440 DIP,IMPLEMENTED,UNVERIFIED,UNVERIFIED,UNVERIFIED,UNVERIFIED,UNVERIFIED,UNVERIFIED,artifacts/ui-redesign/20260912-sprint/matrix-r19; artifacts/ui-redesign/20260912-sprint/control-reconciliation.json; artifacts/ui-redesign/20260912-sprint/controls-r3; docs/audit/ETP-UI-REDESIGN-ACCEPTANCE.md,"Source/control mapping and offscreen composition checked; these result columns reserve full interactive/installed acceptance, which is unverified. See acceptance record for scoped local passes."
src\Etp.Reporting.Desktop\Modules\Archive\ArchiveWorkspaceView.xaml#ShareArchivedEmail_Click-23,Email draft,src\Etp.Reporting.Desktop\Modules\Archive\ArchiveWorkspaceView.xaml,,shared,Archive,Archive,Shared Reports,Archive,1,ACTIVE,,Supporting action,ShareArchivedEmail_Click,Focused identity and primary action; bounded content,Reachable actions at 800x440 DIP,IMPLEMENTED,UNVERIFIED,UNVERIFIED,UNVERIFIED,UNVERIFIED,UNVERIFIED,UNVERIFIED,artifacts/ui-redesign/20260912-sprint/matrix-r19; artifacts/ui-redesign/20260912-sprint/control-reconciliation.json; artifacts/ui-redesign/20260912-sprint/controls-r3; docs/audit/ETP-UI-REDESIGN-ACCEPTANCE.md,"Source/control mapping and offscreen composition checked; these result columns reserve full interactive/installed acceptance, which is unverified. See acceptance record for scoped local passes."
src\Etp.Reporting.Desktop\Modules\Archive\ArchiveWorkspaceView.xaml#SharingContact_SelectionChanged-29,SharingContactsGrid,src\Etp.Reporting.Desktop\Modules\Archive\ArchiveWorkspaceView.xaml,,sharing-contacts,Settings,Integrations,Sharing Contacts,Archive,3,ACTIVE,,Supporting action,SharingContact_SelectionChanged,Focused identity and primary action; bounded content,Reachable actions at 800x440 DIP,IMPLEMENTED,UNVERIFIED,UNVERIFIED,UNVERIFIED,UNVERIFIED,UNVERIFIED,UNVERIFIED,artifacts/ui-redesign/20260912-sprint/matrix-r19; artifacts/ui-redesign/20260912-sprint/control-reconciliation.json; artifacts/ui-redesign/20260912-sprint/controls-r3; docs/audit/ETP-UI-REDESIGN-ACCEPTANCE.md,"Source/control mapping and offscreen composition checked; these result columns reserve full interactive/installed acceptance, which is unverified. See acceptance record for scoped local passes. Settings sidebar defect reported 2026-09-13; reproduction and repair pending VM access and screen capture (ETP-UI-REDESIGN-ACCEPTANCE-RESUME-2026-09-13.md)."
src\Etp.Reporting.Desktop\Modules\Archive\ArchiveWorkspaceView.xaml#SaveSharingContact_Click-38,Save contact,src\Etp.Reporting.Desktop\Modules\Archive\ArchiveWorkspaceView.xaml,,sharing-contacts,Settings,Integrations,Sharing Contacts,Archive,3,ACTIVE,,Supporting action,SaveSharingContact_Click,Focused identity and primary action; bounded content,Reachable actions at 800x440 DIP,IMPLEMENTED,UNVERIFIED,UNVERIFIED,UNVERIFIED,UNVERIFIED,UNVERIFIED,UNVERIFIED,artifacts/ui-redesign/20260912-sprint/matrix-r19; artifacts/ui-redesign/20260912-sprint/control-reconciliation.json; artifacts/ui-redesign/20260912-sprint/controls-r3; docs/audit/ETP-UI-REDESIGN-ACCEPTANCE.md,"Source/control mapping and offscreen composition checked; these result columns reserve full interactive/installed acceptance, which is unverified. See acceptance record for scoped local passes. Settings sidebar defect reported 2026-09-13; reproduction and repair pending VM access and screen capture (ETP-UI-REDESIGN-ACCEPTANCE-RESUME-2026-09-13.md)."
src\Etp.Reporting.Desktop\Modules\DailyWorkflow\DailyWorkflowWorkspaceView.xaml#Scope_Changed-9,StoreInput,src\Etp.Reporting.Desktop\Modules\DailyWorkflow\DailyWorkflowWorkspaceView.xaml,,readiness,Dashboard,Daily Close,Readiness,DailyWorkflow,1,ACTIVE,,Supporting action,Scope_Changed,Focused identity and primary action; bounded content,Reachable actions at 800x440 DIP,IMPLEMENTED,UNVERIFIED,UNVERIFIED,UNVERIFIED,UNVERIFIED,UNVERIFIED,UNVERIFIED,artifacts/ui-redesign/20260912-sprint/matrix-r19; artifacts/ui-redesign/20260912-sprint/control-reconciliation.json; artifacts/ui-redesign/20260912-sprint/controls-r3; docs/audit/ETP-UI-REDESIGN-ACCEPTANCE.md,"Source/control mapping and offscreen composition checked; these result columns reserve full interactive/installed acceptance, which is unverified. See acceptance record for scoped local passes."
src\Etp.Reporting.Desktop\Modules\DailyWorkflow\DailyWorkflowWorkspaceView.xaml#Refresh_Click-12,Refresh status,src\Etp.Reporting.Desktop\Modules\DailyWorkflow\DailyWorkflowWorkspaceView.xaml,,readiness,Dashboard,Daily Close,Readiness,DailyWorkflow,1,ACTIVE,,Supporting action,Refresh_Click,Focused identity and primary action; bounded content,Reachable actions at 800x440 DIP,IMPLEMENTED,UNVERIFIED,UNVERIFIED,UNVERIFIED,UNVERIFIED,UNVERIFIED,UNVERIFIED,artifacts/ui-redesign/20260912-sprint/matrix-r19; artifacts/ui-redesign/20260912-sprint/control-reconciliation.json; artifacts/ui-redesign/20260912-sprint/controls-r3; docs/audit/ETP-UI-REDESIGN-ACCEPTANCE.md,"Source/control mapping and offscreen composition checked; these result columns reserve full interactive/installed acceptance, which is unverified. See acceptance record for scoped local passes."
src\Etp.Reporting.Desktop\Modules\DailyWorkflow\DailyWorkflowWorkspaceView.xaml#SaveManualInput_Click-30,Save input,src\Etp.Reporting.Desktop\Modules\DailyWorkflow\DailyWorkflowWorkspaceView.xaml,,walk-ins,Dashboard,Daily Close,Walk-ins,DailyWorkflow,2,ACTIVE,,Supporting action,SaveManualInput_Click,Focused identity and primary action; bounded content,Reachable actions at 800x440 DIP,IMPLEMENTED,UNVERIFIED,UNVERIFIED,UNVERIFIED,UNVERIFIED,UNVERIFIED,UNVERIFIED,artifacts/ui-redesign/20260912-sprint/matrix-r19; artifacts/ui-redesign/20260912-sprint/control-reconciliation.json; artifacts/ui-redesign/20260912-sprint/controls-r3; docs/audit/ETP-UI-REDESIGN-ACCEPTANCE.md,"Source/control mapping and offscreen composition checked; these result columns reserve full interactive/installed acceptance, which is unverified. See acceptance record for scoped local passes."
src\Etp.Reporting.Desktop\Modules\DailyWorkflow\DailyWorkflowWorkspaceView.xaml#SaveStockCount_Click-59,Save stock count,src\Etp.Reporting.Desktop\Modules\DailyWorkflow\DailyWorkflowWorkspaceView.xaml,,stock-count,Dashboard,Daily Close,Stock Counts,DailyWorkflow,2,ACTIVE,,Supporting action,SaveStockCount_Click,Focused identity and primary action; bounded content,Reachable actions at 800x440 DIP,IMPLEMENTED,UNVERIFIED,UNVERIFIED,UNVERIFIED,UNVERIFIED,UNVERIFIED,UNVERIFIED,artifacts/ui-redesign/20260912-sprint/matrix-r19; artifacts/ui-redesign/20260912-sprint/control-reconciliation.json; artifacts/ui-redesign/20260912-sprint/controls-r3; docs/audit/ETP-UI-REDESIGN-ACCEPTANCE.md,"Source/control mapping and offscreen composition checked; these result columns reserve full interactive/installed acceptance, which is unverified. See acceptance record for scoped local passes."
src\Etp.Reporting.Desktop\Modules\DailyWorkflow\DailyWorkflowWorkspaceView.xaml#SaveStaffTarget_Click-73,Save target,src\Etp.Reporting.Desktop\Modules\DailyWorkflow\DailyWorkflowWorkspaceView.xaml,,staff-target,Dashboard,Daily Close,Staff Targets,DailyWorkflow,2,ACTIVE,,Supporting action,SaveStaffTarget_Click,Focused identity and primary action; bounded content,Reachable actions at 800x440 DIP,IMPLEMENTED,UNVERIFIED,UNVERIFIED,UNVERIFIED,UNVERIFIED,UNVERIFIED,UNVERIFIED,artifacts/ui-redesign/20260912-sprint/matrix-r19; artifacts/ui-redesign/20260912-sprint/control-reconciliation.json; artifacts/ui-redesign/20260912-sprint/controls-r3; docs/audit/ETP-UI-REDESIGN-ACCEPTANCE.md,"Source/control mapping and offscreen composition checked; these result columns reserve full interactive/installed acceptance, which is unverified. See acceptance record for scoped local passes."
src\Etp.Reporting.Desktop\Modules\DailyWorkflow\DailyWorkflowWorkspaceView.xaml#FinaliseDay_Click-75,Finalise day,src\Etp.Reporting.Desktop\Modules\DailyWorkflow\DailyWorkflowWorkspaceView.xaml,,finalisation,Dashboard,Daily Close,Finalisation Status,DailyWorkflow,1,ACTIVE,,Supporting action,FinaliseDay_Click,Focused identity and primary action; bounded content,Reachable actions at 800x440 DIP,IMPLEMENTED,UNVERIFIED,UNVERIFIED,UNVERIFIED,UNVERIFIED,UNVERIFIED,UNVERIFIED,artifacts/ui-redesign/20260912-sprint/matrix-r19; artifacts/ui-redesign/20260912-sprint/control-reconciliation.json; artifacts/ui-redesign/20260912-sprint/controls-r3; docs/audit/ETP-UI-REDESIGN-ACCEPTANCE.md,"Source/control mapping and offscreen composition checked; these result columns reserve full interactive/installed acceptance, which is unverified. See acceptance record for scoped local passes."
src\Etp.Reporting.Desktop\Modules\DailyWorkflow\DailyWorkflowWorkspaceView.xaml#ReopenDay_Click-79,Reopen day,src\Etp.Reporting.Desktop\Modules\DailyWorkflow\DailyWorkflowWorkspaceView.xaml,,finalisation,Dashboard,Daily Close,Finalisation Status,DailyWorkflow,1,ACTIVE,,Supporting action,ReopenDay_Click,Focused identity and primary action; bounded content,Reachable actions at 800x440 DIP,IMPLEMENTED,UNVERIFIED,UNVERIFIED,UNVERIFIED,UNVERIFIED,UNVERIFIED,UNVERIFIED,artifacts/ui-redesign/20260912-sprint/matrix-r19; artifacts/ui-redesign/20260912-sprint/control-reconciliation.json; artifacts/ui-redesign/20260912-sprint/controls-r3; docs/audit/ETP-UI-REDESIGN-ACCEPTANCE.md,"Source/control mapping and offscreen composition checked; these result columns reserve full interactive/installed acceptance, which is unverified. See acceptance record for scoped local passes."
src\Etp.Reporting.Desktop\Modules\DailyWorkflow\DailyWorkflowWorkspaceView.xaml#GenerateDailyPack_Click-81,Generate selected-store pack,src\Etp.Reporting.Desktop\Modules\DailyWorkflow\DailyWorkflowWorkspaceView.xaml,,store-daily-pack,Reports,Report Packs,Store Daily Pack,DailyWorkflow,1,ACTIVE,,Supporting action,GenerateDailyPack_Click,Focused identity and primary action; bounded content,Reachable actions at 800x440 DIP,IMPLEMENTED,UNVERIFIED,UNVERIFIED,UNVERIFIED,UNVERIFIED,UNVERIFIED,UNVERIFIED,artifacts/ui-redesign/20260912-sprint/matrix-r19; artifacts/ui-redesign/20260912-sprint/control-reconciliation.json; artifacts/ui-redesign/20260912-sprint/controls-r3; docs/audit/ETP-UI-REDESIGN-ACCEPTANCE.md,"Source/control mapping and offscreen composition checked; these result columns reserve full interactive/installed acceptance, which is unverified. See acceptance record for scoped local passes."
src\Etp.Reporting.Desktop\Modules\DailyWorkflow\DailyWorkflowWorkspaceView.xaml#GenerateCombinedDailyPack_Click-82,Generate Titan + Helios pack,src\Etp.Reporting.Desktop\Modules\DailyWorkflow\DailyWorkflowWorkspaceView.xaml,,combined-pack,Reports,Report Packs,Combined Pack,DailyWorkflow,1,ACTIVE,,Supporting action,GenerateCombinedDailyPack_Click,Focused identity and primary action; bounded content,Reachable actions at 800x440 DIP,IMPLEMENTED,UNVERIFIED,UNVERIFIED,UNVERIFIED,UNVERIFIED,UNVERIFIED,UNVERIFIED,artifacts/ui-redesign/20260912-sprint/matrix-r19; artifacts/ui-redesign/20260912-sprint/control-reconciliation.json; artifacts/ui-redesign/20260912-sprint/controls-r3; docs/audit/ETP-UI-REDESIGN-ACCEPTANCE.md,"Source/control mapping and offscreen composition checked; these result columns reserve full interactive/installed acceptance, which is unverified. See acceptance record for scoped local passes."
src\Etp.Reporting.Desktop\Modules\DailyWorkflow\DailyWorkflowWorkspaceView.xaml#ExportDailyPackExcel_Click-83,Export complete pack Excel…,src\Etp.Reporting.Desktop\Modules\DailyWorkflow\DailyWorkflowWorkspaceView.xaml,,store-daily-pack,Reports,Report Packs,Store Daily Pack,DailyWorkflow,1,ACTIVE,,Supporting action,ExportDailyPackExcel_Click,Focused identity and primary action; bounded content,Reachable actions at 800x440 DIP,IMPLEMENTED,UNVERIFIED,UNVERIFIED,UNVERIFIED,UNVERIFIED,UNVERIFIED,UNVERIFIED,artifacts/ui-redesign/20260912-sprint/matrix-r19; artifacts/ui-redesign/20260912-sprint/control-reconciliation.json; artifacts/ui-redesign/20260912-sprint/controls-r3; docs/audit/ETP-UI-REDESIGN-ACCEPTANCE.md,"Source/control mapping and offscreen composition checked; these result columns reserve full interactive/installed acceptance, which is unverified. See acceptance record for scoped local passes."
src\Etp.Reporting.Desktop\Modules\DailyWorkflow\DailyWorkflowWorkspaceView.xaml#ExportDailyPackPdf_Click-84,Export complete pack PDF…,src\Etp.Reporting.Desktop\Modules\DailyWorkflow\DailyWorkflowWorkspaceView.xaml,,store-daily-pack,Reports,Report Packs,Store Daily Pack,DailyWorkflow,1,ACTIVE,,Supporting action,ExportDailyPackPdf_Click,Focused identity and primary action; bounded content,Reachable actions at 800x440 DIP,IMPLEMENTED,UNVERIFIED,UNVERIFIED,UNVERIFIED,UNVERIFIED,UNVERIFIED,UNVERIFIED,artifacts/ui-redesign/20260912-sprint/matrix-r19; artifacts/ui-redesign/20260912-sprint/control-reconciliation.json; artifacts/ui-redesign/20260912-sprint/controls-r3; docs/audit/ETP-UI-REDESIGN-ACCEPTANCE.md,"Source/control mapping and offscreen composition checked; these result columns reserve full interactive/installed acceptance, which is unverified. See acceptance record for scoped local passes."
src\Etp.Reporting.Desktop\Modules\Imports\ImportWorkspaceView.xaml#BrowseWorkbook_Click-15,Browse workbook/ZIP…,src\Etp.Reporting.Desktop\Modules\Imports\ImportWorkspaceView.xaml,,import-files,Imports,Intake,Import Files,Imports,2,ACTIVE,,Supporting action,BrowseWorkbook_Click,Focused identity and primary action; bounded content,Reachable actions at 800x440 DIP,IMPLEMENTED,UNVERIFIED,UNVERIFIED,UNVERIFIED,UNVERIFIED,UNVERIFIED,UNVERIFIED,artifacts/ui-redesign/20260912-sprint/matrix-r19; artifacts/ui-redesign/20260912-sprint/control-reconciliation.json; artifacts/ui-redesign/20260912-sprint/controls-r3; docs/audit/ETP-UI-REDESIGN-ACCEPTANCE.md,"Source/control mapping and offscreen composition checked; these result columns reserve full interactive/installed acceptance, which is unverified. See acceptance record for scoped local passes."
src\Etp.Reporting.Desktop\Modules\Imports\ImportWorkspaceView.xaml#BrowseImportFolder_Click-16,Browse folder…,src\Etp.Reporting.Desktop\Modules\Imports\ImportWorkspaceView.xaml,,import-files,Imports,Intake,Import Files,Imports,2,ACTIVE,,Supporting action,BrowseImportFolder_Click,Focused identity and primary action; bounded content,Reachable actions at 800x440 DIP,IMPLEMENTED,UNVERIFIED,UNVERIFIED,UNVERIFIED,UNVERIFIED,UNVERIFIED,UNVERIFIED,artifacts/ui-redesign/20260912-sprint/matrix-r19; artifacts/ui-redesign/20260912-sprint/control-reconciliation.json; artifacts/ui-redesign/20260912-sprint/controls-r3; docs/audit/ETP-UI-REDESIGN-ACCEPTANCE.md,"Source/control mapping and offscreen composition checked; these result columns reserve full interactive/installed acceptance, which is unverified. See acceptance record for scoped local passes."
src\Etp.Reporting.Desktop\Modules\Imports\ImportWorkspaceView.xaml#ValidateWorkbook_Click-19,Validate workbook,src\Etp.Reporting.Desktop\Modules\Imports\ImportWorkspaceView.xaml,,import-files,Imports,Intake,Import Files,Imports,2,ACTIVE,,Supporting action,ValidateWorkbook_Click,Focused identity and primary action; bounded content,Reachable actions at 800x440 DIP,IMPLEMENTED,UNVERIFIED,UNVERIFIED,UNVERIFIED,UNVERIFIED,UNVERIFIED,UNVERIFIED,artifacts/ui-redesign/20260912-sprint/matrix-r19; artifacts/ui-redesign/20260912-sprint/control-reconciliation.json; artifacts/ui-redesign/20260912-sprint/controls-r3; docs/audit/ETP-UI-REDESIGN-ACCEPTANCE.md,"Source/control mapping and offscreen composition checked; these result columns reserve full interactive/installed acceptance, which is unverified. See acceptance record for scoped local passes."
src\Etp.Reporting.Desktop\Modules\Imports\ImportWorkspaceView.xaml#PersistWorkbook_Click-20,Import validated rows,src\Etp.Reporting.Desktop\Modules\Imports\ImportWorkspaceView.xaml,,import-files,Imports,Intake,Import Files,Imports,2,ACTIVE,,Supporting action,PersistWorkbook_Click,Focused identity and primary action; bounded content,Reachable actions at 800x440 DIP,IMPLEMENTED,UNVERIFIED,UNVERIFIED,UNVERIFIED,UNVERIFIED,UNVERIFIED,UNVERIFIED,artifacts/ui-redesign/20260912-sprint/matrix-r19; artifacts/ui-redesign/20260912-sprint/control-reconciliation.json; artifacts/ui-redesign/20260912-sprint/controls-r3; docs/audit/ETP-UI-REDESIGN-ACCEPTANCE.md,"Source/control mapping and offscreen composition checked; these result columns reserve full interactive/installed acceptance, which is unverified. See acceptance record for scoped local passes."
src\Etp.Reporting.Desktop\Modules\Imports\ImportWorkspaceView.xaml#StartBatchImport_Click-21,Import batch,src\Etp.Reporting.Desktop\Modules\Imports\ImportWorkspaceView.xaml,,import-files,Imports,Intake,Import Files,Imports,2,ACTIVE,,Supporting action,StartBatchImport_Click,Focused identity and primary action; bounded content,Reachable actions at 800x440 DIP,IMPLEMENTED,UNVERIFIED,UNVERIFIED,UNVERIFIED,UNVERIFIED,UNVERIFIED,UNVERIFIED,artifacts/ui-redesign/20260912-sprint/matrix-r19; artifacts/ui-redesign/20260912-sprint/control-reconciliation.json; artifacts/ui-redesign/20260912-sprint/controls-r3; docs/audit/ETP-UI-REDESIGN-ACCEPTANCE.md,"Source/control mapping and offscreen composition checked; these result columns reserve full interactive/installed acceptance, which is unverified. See acceptance record for scoped local passes."
src\Etp.Reporting.Desktop\Modules\Imports\ImportWorkspaceView.xaml#CancelBatchImport_Click-22,Cancel,src\Etp.Reporting.Desktop\Modules\Imports\ImportWorkspaceView.xaml,,import-files,Imports,Intake,Import Files,Imports,2,ACTIVE,,Supporting action,CancelBatchImport_Click,Focused identity and primary action; bounded content,Reachable actions at 800x440 DIP,IMPLEMENTED,UNVERIFIED,UNVERIFIED,UNVERIFIED,UNVERIFIED,UNVERIFIED,UNVERIFIED,artifacts/ui-redesign/20260912-sprint/matrix-r19; artifacts/ui-redesign/20260912-sprint/control-reconciliation.json; artifacts/ui-redesign/20260912-sprint/controls-r3; docs/audit/ETP-UI-REDESIGN-ACCEPTANCE.md,"Source/control mapping and offscreen composition checked; these result columns reserve full interactive/installed acceptance, which is unverified. See acceptance record for scoped local passes."
src\Etp.Reporting.Desktop\Modules\Imports\ImportWorkspaceView.xaml#RetryBatchImport_Click-23,Retry failed,src\Etp.Reporting.Desktop\Modules\Imports\ImportWorkspaceView.xaml,,import-files,Imports,Intake,Import Files,Imports,2,ACTIVE,,Supporting action,RetryBatchImport_Click,Focused identity and primary action; bounded content,Reachable actions at 800x440 DIP,IMPLEMENTED,UNVERIFIED,UNVERIFIED,UNVERIFIED,UNVERIFIED,UNVERIFIED,UNVERIFIED,artifacts/ui-redesign/20260912-sprint/matrix-r19; artifacts/ui-redesign/20260912-sprint/control-reconciliation.json; artifacts/ui-redesign/20260912-sprint/controls-r3; docs/audit/ETP-UI-REDESIGN-ACCEPTANCE.md,"Source/control mapping and offscreen composition checked; these result columns reserve full interactive/installed acceptance, which is unverified. See acceptance record for scoped local passes."
src\Etp.Reporting.Desktop\Modules\OperationsAdministration\AdministrationWorkspaceView.xaml#MasterType_SelectionChanged-5,MasterTypeInput,src\Etp.Reporting.Desktop\Modules\OperationsAdministration\AdministrationWorkspaceView.xaml,,masters,Settings,Stores & Masters,Master Data,OperationsAdministration,3,ACTIVE,,Supporting action,MasterType_SelectionChanged,Focused identity and primary action; bounded content,Reachable actions at 800x440 DIP,IMPLEMENTED,UNVERIFIED,UNVERIFIED,UNVERIFIED,UNVERIFIED,UNVERIFIED,UNVERIFIED,artifacts/ui-redesign/20260912-sprint/matrix-r19; artifacts/ui-redesign/20260912-sprint/control-reconciliation.json; artifacts/ui-redesign/20260912-sprint/controls-r3; docs/audit/ETP-UI-REDESIGN-ACCEPTANCE.md,"Source/control mapping and offscreen composition checked; these result columns reserve full interactive/installed acceptance, which is unverified. See acceptance record for scoped local passes. Settings sidebar defect reported 2026-09-13; reproduction and repair pending VM access and screen capture (ETP-UI-REDESIGN-ACCEPTANCE-RESUME-2026-09-13.md)."
src\Etp.Reporting.Desktop\Modules\OperationsAdministration\AdministrationWorkspaceView.xaml#SaveMaster_Click-18,Save master,src\Etp.Reporting.Desktop\Modules\OperationsAdministration\AdministrationWorkspaceView.xaml,,masters,Settings,Stores & Masters,Master Data,OperationsAdministration,3,ACTIVE,,Supporting action,SaveMaster_Click,Focused identity and primary action; bounded content,Reachable actions at 800x440 DIP,IMPLEMENTED,UNVERIFIED,UNVERIFIED,UNVERIFIED,UNVERIFIED,UNVERIFIED,UNVERIFIED,artifacts/ui-redesign/20260912-sprint/matrix-r19; artifacts/ui-redesign/20260912-sprint/control-reconciliation.json; artifacts/ui-redesign/20260912-sprint/controls-r3; docs/audit/ETP-UI-REDESIGN-ACCEPTANCE.md,"Source/control mapping and offscreen composition checked; these result columns reserve full interactive/installed acceptance, which is unverified. See acceptance record for scoped local passes. Settings sidebar defect reported 2026-09-13; reproduction and repair pending VM access and screen capture (ETP-UI-REDESIGN-ACCEPTANCE-RESUME-2026-09-13.md)."
src\Etp.Reporting.Desktop\Modules\OperationsAdministration\AdministrationWorkspaceView.xaml#SaveUserAccess_Click-32,Save user access,src\Etp.Reporting.Desktop\Modules\OperationsAdministration\AdministrationWorkspaceView.xaml,,users,Settings,Users & Access,Users & Roles,OperationsAdministration,3,ACTIVE,,Supporting action,SaveUserAccess_Click,Focused identity and primary action; bounded content,Reachable actions at 800x440 DIP,IMPLEMENTED,UNVERIFIED,UNVERIFIED,UNVERIFIED,UNVERIFIED,UNVERIFIED,UNVERIFIED,artifacts/ui-redesign/20260912-sprint/matrix-r19; artifacts/ui-redesign/20260912-sprint/control-reconciliation.json; artifacts/ui-redesign/20260912-sprint/controls-r3; docs/audit/ETP-UI-REDESIGN-ACCEPTANCE.md,"Source/control mapping and offscreen composition checked; these result columns reserve full interactive/installed acceptance, which is unverified. See acceptance record for scoped local passes. Settings sidebar defect reported 2026-09-13; reproduction and repair pending VM access and screen capture (ETP-UI-REDESIGN-ACCEPTANCE-RESUME-2026-09-13.md)."
src\Etp.Reporting.Desktop\Modules\OperationsAdministration\InvestigationApprovalsWorkspaceView.xaml#RunGlobalSearch_Click-6,Search,src\Etp.Reporting.Desktop\Modules\OperationsAdministration\InvestigationApprovalsWorkspaceView.xaml,,investigation,Exceptions,Review,Investigation,OperationsAdministration,1,ACTIVE,,Supporting action,RunGlobalSearch_Click,Focused identity and primary action; bounded content,Reachable actions at 800x440 DIP,IMPLEMENTED,UNVERIFIED,UNVERIFIED,UNVERIFIED,UNVERIFIED,UNVERIFIED,UNVERIFIED,artifacts/ui-redesign/20260912-sprint/matrix-r19; artifacts/ui-redesign/20260912-sprint/control-reconciliation.json; artifacts/ui-redesign/20260912-sprint/controls-r3; docs/audit/ETP-UI-REDESIGN-ACCEPTANCE.md,"Source/control mapping and offscreen composition checked; these result columns reserve full interactive/installed acceptance, which is unverified. See acceptance record for scoped local passes."
src\Etp.Reporting.Desktop\Modules\OperationsAdministration\InvestigationApprovalsWorkspaceView.xaml#RefreshApprovals_Click-7,Refresh approvals,src\Etp.Reporting.Desktop\Modules\OperationsAdministration\InvestigationApprovalsWorkspaceView.xaml,,approval-centre,Approvals,Review,Approval Centre,OperationsAdministration,3,ACTIVE,,Supporting action,RefreshApprovals_Click,Focused identity and primary action; bounded content,Reachable actions at 800x440 DIP,IMPLEMENTED,UNVERIFIED,UNVERIFIED,UNVERIFIED,UNVERIFIED,UNVERIFIED,UNVERIFIED,artifacts/ui-redesign/20260912-sprint/matrix-r19; artifacts/ui-redesign/20260912-sprint/control-reconciliation.json; artifacts/ui-redesign/20260912-sprint/controls-r3; docs/audit/ETP-UI-REDESIGN-ACCEPTANCE.md,"Source/control mapping and offscreen composition checked; these result columns reserve full interactive/installed acceptance, which is unverified. See acceptance record for scoped local passes."
src\Etp.Reporting.Desktop\Modules\OperationsAdministration\InvestigationApprovalsWorkspaceView.xaml#SubmitAdjustment_Click-17,Submit for approval,src\Etp.Reporting.Desktop\Modules\OperationsAdministration\InvestigationApprovalsWorkspaceView.xaml,,adjustment,Exceptions,Review,Adjustment Request,OperationsAdministration,2,ACTIVE,,Supporting action,SubmitAdjustment_Click,Focused identity and primary action; bounded content,Reachable actions at 800x440 DIP,IMPLEMENTED,UNVERIFIED,UNVERIFIED,UNVERIFIED,UNVERIFIED,UNVERIFIED,UNVERIFIED,artifacts/ui-redesign/20260912-sprint/matrix-r19; artifacts/ui-redesign/20260912-sprint/control-reconciliation.json; artifacts/ui-redesign/20260912-sprint/controls-r3; docs/audit/ETP-UI-REDESIGN-ACCEPTANCE.md,"Source/control mapping and offscreen composition checked; these result columns reserve full interactive/installed acceptance, which is unverified. See acceptance record for scoped local passes."
src\Etp.Reporting.Desktop\Modules\OperationsAdministration\InvestigationApprovalsWorkspaceView.xaml#ApproveSelected_Click-22,Approve selected,src\Etp.Reporting.Desktop\Modules\OperationsAdministration\InvestigationApprovalsWorkspaceView.xaml,,approval-centre,Approvals,Review,Approval Centre,OperationsAdministration,3,ACTIVE,,Supporting action,ApproveSelected_Click,Focused identity and primary action; bounded content,Reachable actions at 800x440 DIP,IMPLEMENTED,UNVERIFIED,UNVERIFIED,UNVERIFIED,UNVERIFIED,UNVERIFIED,UNVERIFIED,artifacts/ui-redesign/20260912-sprint/matrix-r19; artifacts/ui-redesign/20260912-sprint/control-reconciliation.json; artifacts/ui-redesign/20260912-sprint/controls-r3; docs/audit/ETP-UI-REDESIGN-ACCEPTANCE.md,"Source/control mapping and offscreen composition checked; these result columns reserve full interactive/installed acceptance, which is unverified. See acceptance record for scoped local passes."
src\Etp.Reporting.Desktop\Modules\OperationsAdministration\InvestigationApprovalsWorkspaceView.xaml#RejectSelected_Click-23,Reject selected,src\Etp.Reporting.Desktop\Modules\OperationsAdministration\InvestigationApprovalsWorkspaceView.xaml,,approval-centre,Approvals,Review,Approval Centre,OperationsAdministration,3,ACTIVE,,Supporting action,RejectSelected_Click,Focused identity and primary action; bounded content,Reachable actions at 800x440 DIP,IMPLEMENTED,UNVERIFIED,UNVERIFIED,UNVERIFIED,UNVERIFIED,UNVERIFIED,UNVERIFIED,artifacts/ui-redesign/20260912-sprint/matrix-r19; artifacts/ui-redesign/20260912-sprint/control-reconciliation.json; artifacts/ui-redesign/20260912-sprint/controls-r3; docs/audit/ETP-UI-REDESIGN-ACCEPTANCE.md,"Source/control mapping and offscreen composition checked; these result columns reserve full interactive/installed acceptance, which is unverified. See acceptance record for scoped local passes."
src\Etp.Reporting.Desktop\Modules\OperationsAdministration\OperationsWorkspaceView.xaml#RefreshOperations_Click-4,Refresh operations,src\Etp.Reporting.Desktop\Modules\OperationsAdministration\OperationsWorkspaceView.xaml,,data-quality,Exceptions,Exceptions & Approvals,Data Quality,OperationsAdministration,1,ACTIVE,,Supporting action,RefreshOperations_Click,Focused identity and primary action; bounded content,Reachable actions at 800x440 DIP,IMPLEMENTED,UNVERIFIED,UNVERIFIED,UNVERIFIED,UNVERIFIED,UNVERIFIED,UNVERIFIED,artifacts/ui-redesign/20260912-sprint/matrix-r19; artifacts/ui-redesign/20260912-sprint/control-reconciliation.json; artifacts/ui-redesign/20260912-sprint/controls-r3; docs/audit/ETP-UI-REDESIGN-ACCEPTANCE.md,"Source/control mapping and offscreen composition checked; these result columns reserve full interactive/installed acceptance, which is unverified. See acceptance record for scoped local passes."
src\Etp.Reporting.Desktop\Modules\OperationsAdministration\OperationsWorkspaceView.xaml#UpdateIssueWorkflow_Click-18,Acknowledge,src\Etp.Reporting.Desktop\Modules\OperationsAdministration\OperationsWorkspaceView.xaml,,data-quality,Exceptions,Exceptions & Approvals,Data Quality,OperationsAdministration,1,ACTIVE,,Supporting action,UpdateIssueWorkflow_Click,Focused identity and primary action; bounded content,Reachable actions at 800x440 DIP,IMPLEMENTED,UNVERIFIED,UNVERIFIED,UNVERIFIED,UNVERIFIED,UNVERIFIED,UNVERIFIED,artifacts/ui-redesign/20260912-sprint/matrix-r19; artifacts/ui-redesign/20260912-sprint/control-reconciliation.json; artifacts/ui-redesign/20260912-sprint/controls-r3; docs/audit/ETP-UI-REDESIGN-ACCEPTANCE.md,"Source/control mapping and offscreen composition checked; these result columns reserve full interactive/installed acceptance, which is unverified. See acceptance record for scoped local passes."
src\Etp.Reporting.Desktop\Modules\OperationsAdministration\OperationsWorkspaceView.xaml#UpdateIssueWorkflow_Click-19,Resolve,src\Etp.Reporting.Desktop\Modules\OperationsAdministration\OperationsWorkspaceView.xaml,,data-quality,Exceptions,Exceptions & Approvals,Data Quality,OperationsAdministration,1,ACTIVE,,Supporting action,UpdateIssueWorkflow_Click,Focused identity and primary action; bounded content,Reachable actions at 800x440 DIP,IMPLEMENTED,UNVERIFIED,UNVERIFIED,UNVERIFIED,UNVERIFIED,UNVERIFIED,UNVERIFIED,artifacts/ui-redesign/20260912-sprint/matrix-r19; artifacts/ui-redesign/20260912-sprint/control-reconciliation.json; artifacts/ui-redesign/20260912-sprint/controls-r3; docs/audit/ETP-UI-REDESIGN-ACCEPTANCE.md,"Source/control mapping and offscreen composition checked; these result columns reserve full interactive/installed acceptance, which is unverified. See acceptance record for scoped local passes."
src\Etp.Reporting.Desktop\Modules\OperationsAdministration\OperationsWorkspaceView.xaml#UpdateIssueWorkflow_Click-20,Waive,src\Etp.Reporting.Desktop\Modules\OperationsAdministration\OperationsWorkspaceView.xaml,,data-quality,Exceptions,Exceptions & Approvals,Data Quality,OperationsAdministration,1,ACTIVE,,Supporting action,UpdateIssueWorkflow_Click,Focused identity and primary action; bounded content,Reachable actions at 800x440 DIP,IMPLEMENTED,UNVERIFIED,UNVERIFIED,UNVERIFIED,UNVERIFIED,UNVERIFIED,UNVERIFIED,artifacts/ui-redesign/20260912-sprint/matrix-r19; artifacts/ui-redesign/20260912-sprint/control-reconciliation.json; artifacts/ui-redesign/20260912-sprint/controls-r3; docs/audit/ETP-UI-REDESIGN-ACCEPTANCE.md,"Source/control mapping and offscreen composition checked; these result columns reserve full interactive/installed acceptance, which is unverified. See acceptance record for scoped local passes."
src\Etp.Reporting.Desktop\Modules\OperationsAdministration\OperationsWorkspaceView.xaml#SaveAutomationSettings_Click-35,Save automation settings,src\Etp.Reporting.Desktop\Modules\OperationsAdministration\OperationsWorkspaceView.xaml,,watch-folder,Settings,Integrations,Watch Folder,OperationsAdministration,2,ACTIVE,,Supporting action,SaveAutomationSettings_Click,Focused identity and primary action; bounded content,Reachable actions at 800x440 DIP,IMPLEMENTED,UNVERIFIED,UNVERIFIED,UNVERIFIED,UNVERIFIED,UNVERIFIED,UNVERIFIED,artifacts/ui-redesign/20260912-sprint/matrix-r19; artifacts/ui-redesign/20260912-sprint/control-reconciliation.json; artifacts/ui-redesign/20260912-sprint/controls-r3; docs/audit/ETP-UI-REDESIGN-ACCEPTANCE.md,"Source/control mapping and offscreen composition checked; these result columns reserve full interactive/installed acceptance, which is unverified. See acceptance record for scoped local passes. Settings sidebar defect reported 2026-09-13; reproduction and repair pending VM access and screen capture (ETP-UI-REDESIGN-ACCEPTANCE-RESUME-2026-09-13.md)."
src\Etp.Reporting.Desktop\Modules\OperationsAdministration\OperationsWorkspaceView.xaml#RunAutomationNow_Click-36,Run automation now,src\Etp.Reporting.Desktop\Modules\OperationsAdministration\OperationsWorkspaceView.xaml,,watch-folder,Settings,Integrations,Watch Folder,OperationsAdministration,2,ACTIVE,,Supporting action,RunAutomationNow_Click,Focused identity and primary action; bounded content,Reachable actions at 800x440 DIP,IMPLEMENTED,UNVERIFIED,UNVERIFIED,UNVERIFIED,UNVERIFIED,UNVERIFIED,UNVERIFIED,artifacts/ui-redesign/20260912-sprint/matrix-r19; artifacts/ui-redesign/20260912-sprint/control-reconciliation.json; artifacts/ui-redesign/20260912-sprint/controls-r3; docs/audit/ETP-UI-REDESIGN-ACCEPTANCE.md,"Source/control mapping and offscreen composition checked; these result columns reserve full interactive/installed acceptance, which is unverified. See acceptance record for scoped local passes. Settings sidebar defect reported 2026-09-13; reproduction and repair pending VM access and screen capture (ETP-UI-REDESIGN-ACCEPTANCE-RESUME-2026-09-13.md)."
src\Etp.Reporting.Desktop\Modules\OperationsAdministration\OperationsWorkspaceView.xaml#ReportSchedule_SelectionChanged-38,ReportSchedulesGrid,src\Etp.Reporting.Desktop\Modules\OperationsAdministration\OperationsWorkspaceView.xaml,,scheduler,Settings,Integrations,Scheduler,OperationsAdministration,3,ACTIVE,,Supporting action,ReportSchedule_SelectionChanged,Focused identity and primary action; bounded content,Reachable actions at 800x440 DIP,IMPLEMENTED,UNVERIFIED,UNVERIFIED,UNVERIFIED,UNVERIFIED,UNVERIFIED,UNVERIFIED,artifacts/ui-redesign/20260912-sprint/matrix-r19; artifacts/ui-redesign/20260912-sprint/control-reconciliation.json; artifacts/ui-redesign/20260912-sprint/controls-r3; docs/audit/ETP-UI-REDESIGN-ACCEPTANCE.md,"Source/control mapping and offscreen composition checked; these result columns reserve full interactive/installed acceptance, which is unverified. See acceptance record for scoped local passes. Settings sidebar defect reported 2026-09-13; reproduction and repair pending VM access and screen capture (ETP-UI-REDESIGN-ACCEPTANCE-RESUME-2026-09-13.md)."
src\Etp.Reporting.Desktop\Modules\OperationsAdministration\OperationsWorkspaceView.xaml#SaveSchedule_Click-45,Update selected schedule,src\Etp.Reporting.Desktop\Modules\OperationsAdministration\OperationsWorkspaceView.xaml,,scheduler,Settings,Integrations,Scheduler,OperationsAdministration,3,ACTIVE,,Supporting action,SaveSchedule_Click,Focused identity and primary action; bounded content,Reachable actions at 800x440 DIP,IMPLEMENTED,UNVERIFIED,UNVERIFIED,UNVERIFIED,UNVERIFIED,UNVERIFIED,UNVERIFIED,artifacts/ui-redesign/20260912-sprint/matrix-r19; artifacts/ui-redesign/20260912-sprint/control-reconciliation.json; artifacts/ui-redesign/20260912-sprint/controls-r3; docs/audit/ETP-UI-REDESIGN-ACCEPTANCE.md,"Source/control mapping and offscreen composition checked; these result columns reserve full interactive/installed acceptance, which is unverified. See acceptance record for scoped local passes. Settings sidebar defect reported 2026-09-13; reproduction and repair pending VM access and screen capture (ETP-UI-REDESIGN-ACCEPTANCE-RESUME-2026-09-13.md)."
src\Etp.Reporting.Desktop\Modules\OperationsAdministration\OperationsWorkspaceView.xaml#RunBackupNow_Click-51,Run checksum backup now,src\Etp.Reporting.Desktop\Modules\OperationsAdministration\OperationsWorkspaceView.xaml,,backups,Settings,Database & Recovery,Backups,OperationsAdministration,3,ACTIVE,,Supporting action,RunBackupNow_Click,Focused identity and primary action; bounded content,Reachable actions at 800x440 DIP,IMPLEMENTED,UNVERIFIED,UNVERIFIED,UNVERIFIED,UNVERIFIED,UNVERIFIED,UNVERIFIED,artifacts/ui-redesign/20260912-sprint/matrix-r19; artifacts/ui-redesign/20260912-sprint/control-reconciliation.json; artifacts/ui-redesign/20260912-sprint/controls-r3; docs/audit/ETP-UI-REDESIGN-ACCEPTANCE.md,"Source/control mapping and offscreen composition checked; these result columns reserve full interactive/installed acceptance, which is unverified. See acceptance record for scoped local passes. Settings sidebar defect reported 2026-09-13; reproduction and repair pending VM access and screen capture (ETP-UI-REDESIGN-ACCEPTANCE-RESUME-2026-09-13.md)."
src\Etp.Reporting.Desktop\Modules\OperationsAdministration\OperationsWorkspaceView.xaml#RunRecoveryDrillNow_Click-52,Run isolated recovery drill,src\Etp.Reporting.Desktop\Modules\OperationsAdministration\OperationsWorkspaceView.xaml,,recovery,Settings,Database & Recovery,Restore & Recovery Drill,OperationsAdministration,3,ACTIVE,,Supporting action,RunRecoveryDrillNow_Click,Focused identity and primary action; bounded content,Reachable actions at 800x440 DIP,IMPLEMENTED,UNVERIFIED,UNVERIFIED,UNVERIFIED,UNVERIFIED,UNVERIFIED,UNVERIFIED,artifacts/ui-redesign/20260912-sprint/matrix-r19; artifacts/ui-redesign/20260912-sprint/control-reconciliation.json; artifacts/ui-redesign/20260912-sprint/controls-r3; docs/audit/ETP-UI-REDESIGN-ACCEPTANCE.md,"Source/control mapping and offscreen composition checked; these result columns reserve full interactive/installed acceptance, which is unverified. See acceptance record for scoped local passes. Settings sidebar defect reported 2026-09-13; reproduction and repair pending VM access and screen capture (ETP-UI-REDESIGN-ACCEPTANCE-RESUME-2026-09-13.md)."
src\Etp.Reporting.Desktop\Modules\OperationsAdministration\OperationsWorkspaceView.xaml#CreateSupportPackage_Click-53,Create privacy-safe support package,src\Etp.Reporting.Desktop\Modules\OperationsAdministration\OperationsWorkspaceView.xaml,,support-package,Settings,Database & Recovery,Support Package,OperationsAdministration,3,ACTIVE,,Supporting action,CreateSupportPackage_Click,Focused identity and primary action; bounded content,Reachable actions at 800x440 DIP,IMPLEMENTED,UNVERIFIED,UNVERIFIED,UNVERIFIED,UNVERIFIED,UNVERIFIED,UNVERIFIED,artifacts/ui-redesign/20260912-sprint/matrix-r19; artifacts/ui-redesign/20260912-sprint/control-reconciliation.json; artifacts/ui-redesign/20260912-sprint/controls-r3; docs/audit/ETP-UI-REDESIGN-ACCEPTANCE.md,"Source/control mapping and offscreen composition checked; these result columns reserve full interactive/installed acceptance, which is unverified. See acceptance record for scoped local passes. Settings sidebar defect reported 2026-09-13; reproduction and repair pending VM access and screen capture (ETP-UI-REDESIGN-ACCEPTANCE-RESUME-2026-09-13.md)."
src\Etp.Reporting.Desktop\Modules\Registers\RegistersWorkspaceView.xaml#RefreshRegisters_Click-6,Refresh,src\Etp.Reporting.Desktop\Modules\Registers\RegistersWorkspaceView.xaml,,register-inward,Registers,Registers,Inward Register,Registers,2,ACTIVE,,Supporting action,RefreshRegisters_Click,Focused identity and primary action; bounded content,Reachable actions at 800x440 DIP,IMPLEMENTED,UNVERIFIED,UNVERIFIED,UNVERIFIED,UNVERIFIED,UNVERIFIED,UNVERIFIED,artifacts/ui-redesign/20260912-sprint/matrix-r19; artifacts/ui-redesign/20260912-sprint/control-reconciliation.json; artifacts/ui-redesign/20260912-sprint/controls-r3; docs/audit/ETP-UI-REDESIGN-ACCEPTANCE.md,"Source/control mapping and offscreen composition checked; these result columns reserve full interactive/installed acceptance, which is unverified. See acceptance record for scoped local passes."
src\Etp.Reporting.Desktop\Modules\Registers\RegistersWorkspaceView.xaml#RefreshRegisters_Click-9,Search,src\Etp.Reporting.Desktop\Modules\Registers\RegistersWorkspaceView.xaml,,register-inward,Registers,Registers,Inward Register,Registers,2,ACTIVE,,Supporting action,RefreshRegisters_Click,Focused identity and primary action; bounded content,Reachable actions at 800x440 DIP,IMPLEMENTED,UNVERIFIED,UNVERIFIED,UNVERIFIED,UNVERIFIED,UNVERIFIED,UNVERIFIED,artifacts/ui-redesign/20260912-sprint/matrix-r19; artifacts/ui-redesign/20260912-sprint/control-reconciliation.json; artifacts/ui-redesign/20260912-sprint/controls-r3; docs/audit/ETP-UI-REDESIGN-ACCEPTANCE.md,"Source/control mapping and offscreen composition checked; these result columns reserve full interactive/installed acceptance, which is unverified. See acceptance record for scoped local passes."
src\Etp.Reporting.Desktop\Modules\Registers\RegistersWorkspaceView.xaml#SaveRegisterEntry_Click-31,Save draft,src\Etp.Reporting.Desktop\Modules\Registers\RegistersWorkspaceView.xaml,,register-inward,Registers,Registers,Inward Register,Registers,2,ACTIVE,,Supporting action,SaveRegisterEntry_Click,Focused identity and primary action; bounded content,Reachable actions at 800x440 DIP,IMPLEMENTED,UNVERIFIED,UNVERIFIED,UNVERIFIED,UNVERIFIED,UNVERIFIED,UNVERIFIED,artifacts/ui-redesign/20260912-sprint/matrix-r19; artifacts/ui-redesign/20260912-sprint/control-reconciliation.json; artifacts/ui-redesign/20260912-sprint/controls-r3; docs/audit/ETP-UI-REDESIGN-ACCEPTANCE.md,"Source/control mapping and offscreen composition checked; these result columns reserve full interactive/installed acceptance, which is unverified. See acceptance record for scoped local passes."
src\Etp.Reporting.Desktop\Modules\Reports\ReportsWorkspaceView.xaml#RunCatalogueReport_Click-36,Daily Sales / DSR,src\Etp.Reporting.Desktop\Modules\Reports\ReportsWorkspaceView.xaml,,report-dsr,Reports,Sales,Daily Sales Report,Reports,1,ACTIVE,,Supporting action,RunCatalogueReport_Click,Focused identity and primary action; bounded content,Reachable actions at 800x440 DIP,IMPLEMENTED,UNVERIFIED,UNVERIFIED,UNVERIFIED,UNVERIFIED,UNVERIFIED,UNVERIFIED,artifacts/ui-redesign/20260912-sprint/matrix-r19; artifacts/ui-redesign/20260912-sprint/control-reconciliation.json; artifacts/ui-redesign/20260912-sprint/controls-r3; docs/audit/ETP-UI-REDESIGN-ACCEPTANCE.md; artifacts/ui-redesign/20260912-sprint/report-states-r7/report-state-results.json,"Source/control mapping and offscreen composition checked; these result columns reserve full interactive/installed acceptance, which is unverified. See acceptance record for scoped local passes."
src\Etp.Reporting.Desktop\Modules\Reports\ReportsWorkspaceView.xaml#RunCatalogueReport_Click-37,Titan Sales Summary,src\Etp.Reporting.Desktop\Modules\Reports\ReportsWorkspaceView.xaml,,report-sales-titan,Reports,Sales,Titan Sales Summary,Reports,1,ACTIVE,,Supporting action,RunCatalogueReport_Click,Focused identity and primary action; bounded content,Reachable actions at 800x440 DIP,IMPLEMENTED,UNVERIFIED,UNVERIFIED,UNVERIFIED,UNVERIFIED,UNVERIFIED,UNVERIFIED,artifacts/ui-redesign/20260912-sprint/matrix-r19; artifacts/ui-redesign/20260912-sprint/control-reconciliation.json; artifacts/ui-redesign/20260912-sprint/controls-r3; docs/audit/ETP-UI-REDESIGN-ACCEPTANCE.md; artifacts/ui-redesign/20260912-sprint/report-states-r7/report-state-results.json,"Source/control mapping and offscreen composition checked; these result columns reserve full interactive/installed acceptance, which is unverified. See acceptance record for scoped local passes."
src\Etp.Reporting.Desktop\Modules\Reports\ReportsWorkspaceView.xaml#RunCatalogueReport_Click-38,Helios Sales Summary,src\Etp.Reporting.Desktop\Modules\Reports\ReportsWorkspaceView.xaml,,report-sales-helios,Reports,Sales,Helios Sales Summary,Reports,1,ACTIVE,,Supporting action,RunCatalogueReport_Click,Focused identity and primary action; bounded content,Reachable actions at 800x440 DIP,IMPLEMENTED,UNVERIFIED,UNVERIFIED,UNVERIFIED,UNVERIFIED,UNVERIFIED,UNVERIFIED,artifacts/ui-redesign/20260912-sprint/matrix-r19; artifacts/ui-redesign/20260912-sprint/control-reconciliation.json; artifacts/ui-redesign/20260912-sprint/controls-r3; docs/audit/ETP-UI-REDESIGN-ACCEPTANCE.md; artifacts/ui-redesign/20260912-sprint/report-states-r7/report-state-results.json,"Source/control mapping and offscreen composition checked; these result columns reserve full interactive/installed acceptance, which is unverified. See acceptance record for scoped local passes."
src\Etp.Reporting.Desktop\Modules\Reports\ReportsWorkspaceView.xaml#RunCatalogueReport_Click-39,Combined Sales Summary,src\Etp.Reporting.Desktop\Modules\Reports\ReportsWorkspaceView.xaml,,report-sales-combined,Reports,Sales,Combined Sales Summary,Reports,1,ACTIVE,,Supporting action,RunCatalogueReport_Click,Focused identity and primary action; bounded content,Reachable actions at 800x440 DIP,IMPLEMENTED,UNVERIFIED,UNVERIFIED,UNVERIFIED,UNVERIFIED,UNVERIFIED,UNVERIFIED,artifacts/ui-redesign/20260912-sprint/matrix-r19; artifacts/ui-redesign/20260912-sprint/control-reconciliation.json; artifacts/ui-redesign/20260912-sprint/controls-r3; docs/audit/ETP-UI-REDESIGN-ACCEPTANCE.md; artifacts/ui-redesign/20260912-sprint/report-states-r7/report-state-results.json,"Source/control mapping and offscreen composition checked; these result columns reserve full interactive/installed acceptance, which is unverified. See acceptance record for scoped local passes."
src\Etp.Reporting.Desktop\Modules\Reports\ReportsWorkspaceView.xaml#RunCatalogueReport_Click-40,Invoice Summary,src\Etp.Reporting.Desktop\Modules\Reports\ReportsWorkspaceView.xaml,,report-invoice,Reports,Sales,Invoice Summary,Reports,1,ACTIVE,,Supporting action,RunCatalogueReport_Click,Focused identity and primary action; bounded content,Reachable actions at 800x440 DIP,IMPLEMENTED,UNVERIFIED,UNVERIFIED,UNVERIFIED,UNVERIFIED,UNVERIFIED,UNVERIFIED,artifacts/ui-redesign/20260912-sprint/matrix-r19; artifacts/ui-redesign/20260912-sprint/control-reconciliation.json; artifacts/ui-redesign/20260912-sprint/controls-r3; docs/audit/ETP-UI-REDESIGN-ACCEPTANCE.md; artifacts/ui-redesign/20260912-sprint/report-states-r7/report-state-results.json,"Source/control mapping and offscreen composition checked; these result columns reserve full interactive/installed acceptance, which is unverified. See acceptance record for scoped local passes."
src\Etp.Reporting.Desktop\Modules\Reports\ReportsWorkspaceView.xaml#RunCatalogueReport_Click-41,Returns,src\Etp.Reporting.Desktop\Modules\Reports\ReportsWorkspaceView.xaml,,report-sales-returns,Reports,Sales,Returns,Reports,1,ACTIVE,,Supporting action,RunCatalogueReport_Click,Focused identity and primary action; bounded content,Reachable actions at 800x440 DIP,IMPLEMENTED,UNVERIFIED,UNVERIFIED,UNVERIFIED,UNVERIFIED,UNVERIFIED,UNVERIFIED,artifacts/ui-redesign/20260912-sprint/matrix-r19; artifacts/ui-redesign/20260912-sprint/control-reconciliation.json; artifacts/ui-redesign/20260912-sprint/controls-r3; docs/audit/ETP-UI-REDESIGN-ACCEPTANCE.md; artifacts/ui-redesign/20260912-sprint/report-states-r7/report-state-results.json,"Source/control mapping and offscreen composition checked; these result columns reserve full interactive/installed acceptance, which is unverified. See acceptance record for scoped local passes."
src\Etp.Reporting.Desktop\Modules\Reports\ReportsWorkspaceView.xaml#RunCatalogueReport_Click-42,Brand-wise Sales,src\Etp.Reporting.Desktop\Modules\Reports\ReportsWorkspaceView.xaml,,report-sales-brand,Reports,Sales,Brand-wise Sales,Reports,1,ACTIVE,,Supporting action,RunCatalogueReport_Click,Focused identity and primary action; bounded content,Reachable actions at 800x440 DIP,IMPLEMENTED,UNVERIFIED,UNVERIFIED,UNVERIFIED,UNVERIFIED,UNVERIFIED,UNVERIFIED,artifacts/ui-redesign/20260912-sprint/matrix-r19; artifacts/ui-redesign/20260912-sprint/control-reconciliation.json; artifacts/ui-redesign/20260912-sprint/controls-r3; docs/audit/ETP-UI-REDESIGN-ACCEPTANCE.md; artifacts/ui-redesign/20260912-sprint/report-states-r7/report-state-results.json,"Source/control mapping and offscreen composition checked; these result columns reserve full interactive/installed acceptance, which is unverified. See acceptance record for scoped local passes."
src\Etp.Reporting.Desktop\Modules\Reports\ReportsWorkspaceView.xaml#RunCatalogueReport_Click-43,Brand-Segment Sales,src\Etp.Reporting.Desktop\Modules\Reports\ReportsWorkspaceView.xaml,,report-sales-segment,Reports,Sales,Brand-Segment Sales,Reports,1,ACTIVE,,Supporting action,RunCatalogueReport_Click,Focused identity and primary action; bounded content,Reachable actions at 800x440 DIP,IMPLEMENTED,UNVERIFIED,UNVERIFIED,UNVERIFIED,UNVERIFIED,UNVERIFIED,UNVERIFIED,artifacts/ui-redesign/20260912-sprint/matrix-r19; artifacts/ui-redesign/20260912-sprint/control-reconciliation.json; artifacts/ui-redesign/20260912-sprint/controls-r3; docs/audit/ETP-UI-REDESIGN-ACCEPTANCE.md; artifacts/ui-redesign/20260912-sprint/report-states-r7/report-state-results.json,"Source/control mapping and offscreen composition checked; these result columns reserve full interactive/installed acceptance, which is unverified. See acceptance record for scoped local passes."
src\Etp.Reporting.Desktop\Modules\Reports\ReportsWorkspaceView.xaml#RunCatalogueReport_Click-44,Item-wise Sales,src\Etp.Reporting.Desktop\Modules\Reports\ReportsWorkspaceView.xaml,,report-sales-item,Reports,Sales,Item-wise Sales,Reports,1,ACTIVE,,Supporting action,RunCatalogueReport_Click,Focused identity and primary action; bounded content,Reachable actions at 800x440 DIP,IMPLEMENTED,UNVERIFIED,UNVERIFIED,UNVERIFIED,UNVERIFIED,UNVERIFIED,UNVERIFIED,artifacts/ui-redesign/20260912-sprint/matrix-r19; artifacts/ui-redesign/20260912-sprint/control-reconciliation.json; artifacts/ui-redesign/20260912-sprint/controls-r3; docs/audit/ETP-UI-REDESIGN-ACCEPTANCE.md; artifacts/ui-redesign/20260912-sprint/report-states-r7/report-state-results.json,"Source/control mapping and offscreen composition checked; these result columns reserve full interactive/installed acceptance, which is unverified. See acceptance record for scoped local passes."
src\Etp.Reporting.Desktop\Modules\Reports\ReportsWorkspaceView.xaml#RunCatalogueReport_Click-45,LY / TY Comparison,src\Etp.Reporting.Desktop\Modules\Reports\ReportsWorkspaceView.xaml,,report-dsr,Reports,Sales,Daily Sales Report,Reports,1,ACTIVE,,Supporting action,RunCatalogueReport_Click,Focused identity and primary action; bounded content,Reachable actions at 800x440 DIP,IMPLEMENTED,UNVERIFIED,UNVERIFIED,UNVERIFIED,UNVERIFIED,UNVERIFIED,UNVERIFIED,artifacts/ui-redesign/20260912-sprint/matrix-r19; artifacts/ui-redesign/20260912-sprint/control-reconciliation.json; artifacts/ui-redesign/20260912-sprint/controls-r3; docs/audit/ETP-UI-REDESIGN-ACCEPTANCE.md; artifacts/ui-redesign/20260912-sprint/report-states-r7/report-state-results.json,"Source/control mapping and offscreen composition checked; these result columns reserve full interactive/installed acceptance, which is unverified. See acceptance record for scoped local passes."
src\Etp.Reporting.Desktop\Modules\Reports\ReportsWorkspaceView.xaml#RunCatalogueReport_Click-48,Closing Stock,src\Etp.Reporting.Desktop\Modules\Reports\ReportsWorkspaceView.xaml,,report-stock-closing,Reports,Stock,Closing Stock,Reports,1,ACTIVE,,Supporting action,RunCatalogueReport_Click,Focused identity and primary action; bounded content,Reachable actions at 800x440 DIP,IMPLEMENTED,UNVERIFIED,UNVERIFIED,UNVERIFIED,UNVERIFIED,UNVERIFIED,UNVERIFIED,artifacts/ui-redesign/20260912-sprint/matrix-r19; artifacts/ui-redesign/20260912-sprint/control-reconciliation.json; artifacts/ui-redesign/20260912-sprint/controls-r3; docs/audit/ETP-UI-REDESIGN-ACCEPTANCE.md; artifacts/ui-redesign/20260912-sprint/report-states-r7/report-state-results.json,"Source/control mapping and offscreen composition checked; these result columns reserve full interactive/installed acceptance, which is unverified. See acceptance record for scoped local passes."
src\Etp.Reporting.Desktop\Modules\Reports\ReportsWorkspaceView.xaml#RunCatalogueReport_Click-49,Physical Stock,src\Etp.Reporting.Desktop\Modules\Reports\ReportsWorkspaceView.xaml,,report-stock-physical,Reports,Stock,Physical Stock,Reports,1,ACTIVE,,Supporting action,RunCatalogueReport_Click,Focused identity and primary action; bounded content,Reachable actions at 800x440 DIP,IMPLEMENTED,UNVERIFIED,UNVERIFIED,UNVERIFIED,UNVERIFIED,UNVERIFIED,UNVERIFIED,artifacts/ui-redesign/20260912-sprint/matrix-r19; artifacts/ui-redesign/20260912-sprint/control-reconciliation.json; artifacts/ui-redesign/20260912-sprint/controls-r3; docs/audit/ETP-UI-REDESIGN-ACCEPTANCE.md; artifacts/ui-redesign/20260912-sprint/report-states-r7/report-state-results.json,"Source/control mapping and offscreen composition checked; these result columns reserve full interactive/installed acceptance, which is unverified. See acceptance record for scoped local passes."
src\Etp.Reporting.Desktop\Modules\Reports\ReportsWorkspaceView.xaml#RunCatalogueReport_Click-50,Stock Variance,src\Etp.Reporting.Desktop\Modules\Reports\ReportsWorkspaceView.xaml,,report-stock-variance,Reports,Stock,Stock Variance,Reports,1,ACTIVE,,Supporting action,RunCatalogueReport_Click,Focused identity and primary action; bounded content,Reachable actions at 800x440 DIP,IMPLEMENTED,UNVERIFIED,UNVERIFIED,UNVERIFIED,UNVERIFIED,UNVERIFIED,UNVERIFIED,artifacts/ui-redesign/20260912-sprint/matrix-r19; artifacts/ui-redesign/20260912-sprint/control-reconciliation.json; artifacts/ui-redesign/20260912-sprint/controls-r3; docs/audit/ETP-UI-REDESIGN-ACCEPTANCE.md; artifacts/ui-redesign/20260912-sprint/report-states-r7/report-state-results.json,"Source/control mapping and offscreen composition checked; these result columns reserve full interactive/installed acceptance, which is unverified. See acceptance record for scoped local passes."
src\Etp.Reporting.Desktop\Modules\Reports\ReportsWorkspaceView.xaml#RunCatalogueReport_Click-51,Stock Movement,src\Etp.Reporting.Desktop\Modules\Reports\ReportsWorkspaceView.xaml,,report-stock-movement,Reports,Stock,Stock Movement,Reports,1,ACTIVE,,Supporting action,RunCatalogueReport_Click,Focused identity and primary action; bounded content,Reachable actions at 800x440 DIP,IMPLEMENTED,UNVERIFIED,UNVERIFIED,UNVERIFIED,UNVERIFIED,UNVERIFIED,UNVERIFIED,artifacts/ui-redesign/20260912-sprint/matrix-r19; artifacts/ui-redesign/20260912-sprint/control-reconciliation.json; artifacts/ui-redesign/20260912-sprint/controls-r3; docs/audit/ETP-UI-REDESIGN-ACCEPTANCE.md; artifacts/ui-redesign/20260912-sprint/report-states-r7/report-state-results.json,"Source/control mapping and offscreen composition checked; these result columns reserve full interactive/installed acceptance, which is unverified. See acceptance record for scoped local passes."
src\Etp.Reporting.Desktop\Modules\Reports\ReportsWorkspaceView.xaml#RunCatalogueReport_Click-52,Inventory-Group Report,src\Etp.Reporting.Desktop\Modules\Reports\ReportsWorkspaceView.xaml,,report-stock-group,Reports,Stock,Inventory-Group Report,Reports,1,ACTIVE,,Supporting action,RunCatalogueReport_Click,Focused identity and primary action; bounded content,Reachable actions at 800x440 DIP,IMPLEMENTED,UNVERIFIED,UNVERIFIED,UNVERIFIED,UNVERIFIED,UNVERIFIED,UNVERIFIED,artifacts/ui-redesign/20260912-sprint/matrix-r19; artifacts/ui-redesign/20260912-sprint/control-reconciliation.json; artifacts/ui-redesign/20260912-sprint/controls-r3; docs/audit/ETP-UI-REDESIGN-ACCEPTANCE.md; artifacts/ui-redesign/20260912-sprint/report-states-r7/report-state-results.json,"Source/control mapping and offscreen composition checked; these result columns reserve full interactive/installed acceptance, which is unverified. See acceptance record for scoped local passes."
src\Etp.Reporting.Desktop\Modules\Reports\ReportsWorkspaceView.xaml#RunCatalogueReport_Click-53,Brand Stock,src\Etp.Reporting.Desktop\Modules\Reports\ReportsWorkspaceView.xaml,,report-stock-brand,Reports,Stock,Brand Stock,Reports,1,ACTIVE,,Supporting action,RunCatalogueReport_Click,Focused identity and primary action; bounded content,Reachable actions at 800x440 DIP,IMPLEMENTED,UNVERIFIED,UNVERIFIED,UNVERIFIED,UNVERIFIED,UNVERIFIED,UNVERIFIED,artifacts/ui-redesign/20260912-sprint/matrix-r19; artifacts/ui-redesign/20260912-sprint/control-reconciliation.json; artifacts/ui-redesign/20260912-sprint/controls-r3; docs/audit/ETP-UI-REDESIGN-ACCEPTANCE.md; artifacts/ui-redesign/20260912-sprint/report-states-r7/report-state-results.json,"Source/control mapping and offscreen composition checked; these result columns reserve full interactive/installed acceptance, which is unverified. See acceptance record for scoped local passes."
src\Etp.Reporting.Desktop\Modules\Reports\ReportsWorkspaceView.xaml#RunCatalogueReport_Click-54,Slow / Exception Stock,src\Etp.Reporting.Desktop\Modules\Reports\ReportsWorkspaceView.xaml,,report-stock-slow,Reports,Stock,Slow / Exception Stock,Reports,1,ACTIVE,,Supporting action,RunCatalogueReport_Click,Focused identity and primary action; bounded content,Reachable actions at 800x440 DIP,IMPLEMENTED,UNVERIFIED,UNVERIFIED,UNVERIFIED,UNVERIFIED,UNVERIFIED,UNVERIFIED,artifacts/ui-redesign/20260912-sprint/matrix-r19; artifacts/ui-redesign/20260912-sprint/control-reconciliation.json; artifacts/ui-redesign/20260912-sprint/controls-r3; docs/audit/ETP-UI-REDESIGN-ACCEPTANCE.md; artifacts/ui-redesign/20260912-sprint/report-states-r7/report-state-results.json,"Source/control mapping and offscreen composition checked; these result columns reserve full interactive/installed acceptance, which is unverified. See acceptance record for scoped local passes."
src\Etp.Reporting.Desktop\Modules\Reports\ReportsWorkspaceView.xaml#RunCatalogueReport_Click-57,Staff Performance,src\Etp.Reporting.Desktop\Modules\Reports\ReportsWorkspaceView.xaml,,report-staff,Reports,Staff,Staff/CRO Performance,Reports,1,ACTIVE,,Supporting action,RunCatalogueReport_Click,Focused identity and primary action; bounded content,Reachable actions at 800x440 DIP,IMPLEMENTED,UNVERIFIED,UNVERIFIED,UNVERIFIED,UNVERIFIED,UNVERIFIED,UNVERIFIED,artifacts/ui-redesign/20260912-sprint/matrix-r19; artifacts/ui-redesign/20260912-sprint/control-reconciliation.json; artifacts/ui-redesign/20260912-sprint/controls-r3; docs/audit/ETP-UI-REDESIGN-ACCEPTANCE.md; artifacts/ui-redesign/20260912-sprint/report-states-r7/report-state-results.json,"Source/control mapping and offscreen composition checked; these result columns reserve full interactive/installed acceptance, which is unverified. See acceptance record for scoped local passes."
src\Etp.Reporting.Desktop\Modules\Reports\ReportsWorkspaceView.xaml#RunCatalogueReport_Click-58,Targets & Achievement,src\Etp.Reporting.Desktop\Modules\Reports\ReportsWorkspaceView.xaml,,report-staff,Reports,Staff,Staff/CRO Performance,Reports,1,ACTIVE,,Supporting action,RunCatalogueReport_Click,Focused identity and primary action; bounded content,Reachable actions at 800x440 DIP,IMPLEMENTED,UNVERIFIED,UNVERIFIED,UNVERIFIED,UNVERIFIED,UNVERIFIED,UNVERIFIED,artifacts/ui-redesign/20260912-sprint/matrix-r19; artifacts/ui-redesign/20260912-sprint/control-reconciliation.json; artifacts/ui-redesign/20260912-sprint/controls-r3; docs/audit/ETP-UI-REDESIGN-ACCEPTANCE.md; artifacts/ui-redesign/20260912-sprint/report-states-r7/report-state-results.json,"Source/control mapping and offscreen composition checked; these result columns reserve full interactive/installed acceptance, which is unverified. See acceptance record for scoped local passes."
src\Etp.Reporting.Desktop\Modules\Reports\ReportsWorkspaceView.xaml#RunCatalogueReport_Click-59,Ranking,src\Etp.Reporting.Desktop\Modules\Reports\ReportsWorkspaceView.xaml,,report-staff,Reports,Staff,Staff/CRO Performance,Reports,1,ACTIVE,,Supporting action,RunCatalogueReport_Click,Focused identity and primary action; bounded content,Reachable actions at 800x440 DIP,IMPLEMENTED,UNVERIFIED,UNVERIFIED,UNVERIFIED,UNVERIFIED,UNVERIFIED,UNVERIFIED,artifacts/ui-redesign/20260912-sprint/matrix-r19; artifacts/ui-redesign/20260912-sprint/control-reconciliation.json; artifacts/ui-redesign/20260912-sprint/controls-r3; docs/audit/ETP-UI-REDESIGN-ACCEPTANCE.md; artifacts/ui-redesign/20260912-sprint/report-states-r7/report-state-results.json,"Source/control mapping and offscreen composition checked; these result columns reserve full interactive/installed acceptance, which is unverified. See acceptance record for scoped local passes."
src\Etp.Reporting.Desktop\Modules\Reports\ReportsWorkspaceView.xaml#RunCatalogueReport_Click-60,LY Comparison,src\Etp.Reporting.Desktop\Modules\Reports\ReportsWorkspaceView.xaml,,report-staff,Reports,Staff,Staff/CRO Performance,Reports,1,ACTIVE,,Supporting action,RunCatalogueReport_Click,Focused identity and primary action; bounded content,Reachable actions at 800x440 DIP,IMPLEMENTED,UNVERIFIED,UNVERIFIED,UNVERIFIED,UNVERIFIED,UNVERIFIED,UNVERIFIED,artifacts/ui-redesign/20260912-sprint/matrix-r19; artifacts/ui-redesign/20260912-sprint/control-reconciliation.json; artifacts/ui-redesign/20260912-sprint/controls-r3; docs/audit/ETP-UI-REDESIGN-ACCEPTANCE.md; artifacts/ui-redesign/20260912-sprint/report-states-r7/report-state-results.json,"Source/control mapping and offscreen composition checked; these result columns reserve full interactive/installed acceptance, which is unverified. See acceptance record for scoped local passes."
src\Etp.Reporting.Desktop\Modules\Reports\ReportsWorkspaceView.xaml#RunCatalogueReport_Click-61,Contribution,src\Etp.Reporting.Desktop\Modules\Reports\ReportsWorkspaceView.xaml,,report-staff,Reports,Staff,Staff/CRO Performance,Reports,1,ACTIVE,,Supporting action,RunCatalogueReport_Click,Focused identity and primary action; bounded content,Reachable actions at 800x440 DIP,IMPLEMENTED,UNVERIFIED,UNVERIFIED,UNVERIFIED,UNVERIFIED,UNVERIFIED,UNVERIFIED,artifacts/ui-redesign/20260912-sprint/matrix-r19; artifacts/ui-redesign/20260912-sprint/control-reconciliation.json; artifacts/ui-redesign/20260912-sprint/controls-r3; docs/audit/ETP-UI-REDESIGN-ACCEPTANCE.md; artifacts/ui-redesign/20260912-sprint/report-states-r7/report-state-results.json,"Source/control mapping and offscreen composition checked; these result columns reserve full interactive/installed acceptance, which is unverified. See acceptance record for scoped local passes."
src\Etp.Reporting.Desktop\Modules\Reports\ReportsWorkspaceView.xaml#RunCatalogueReport_Click-64,Tender Reconciliation,src\Etp.Reporting.Desktop\Modules\Reports\ReportsWorkspaceView.xaml,,report-tender,Reports,Tender / Cash,Tender Reconciliation,Reports,1,ACTIVE,,Supporting action,RunCatalogueReport_Click,Focused identity and primary action; bounded content,Reachable actions at 800x440 DIP,IMPLEMENTED,UNVERIFIED,UNVERIFIED,UNVERIFIED,UNVERIFIED,UNVERIFIED,UNVERIFIED,artifacts/ui-redesign/20260912-sprint/matrix-r19; artifacts/ui-redesign/20260912-sprint/control-reconciliation.json; artifacts/ui-redesign/20260912-sprint/controls-r3; docs/audit/ETP-UI-REDESIGN-ACCEPTANCE.md; artifacts/ui-redesign/20260912-sprint/report-states-r7/report-state-results.json,"Source/control mapping and offscreen composition checked; these result columns reserve full interactive/installed acceptance, which is unverified. See acceptance record for scoped local passes."
src\Etp.Reporting.Desktop\Modules\Reports\ReportsWorkspaceView.xaml#RunCatalogueReport_Click-65,Tender Exceptions,src\Etp.Reporting.Desktop\Modules\Reports\ReportsWorkspaceView.xaml,,report-exception-tender,Reports,Exceptions,Tender Exceptions,Reports,1,ACTIVE,,Supporting action,RunCatalogueReport_Click,Focused identity and primary action; bounded content,Reachable actions at 800x440 DIP,IMPLEMENTED,UNVERIFIED,UNVERIFIED,UNVERIFIED,UNVERIFIED,UNVERIFIED,UNVERIFIED,artifacts/ui-redesign/20260912-sprint/matrix-r19; artifacts/ui-redesign/20260912-sprint/control-reconciliation.json; artifacts/ui-redesign/20260912-sprint/controls-r3; docs/audit/ETP-UI-REDESIGN-ACCEPTANCE.md; artifacts/ui-redesign/20260912-sprint/report-states-r7/report-state-results.json,"Source/control mapping and offscreen composition checked; these result columns reserve full interactive/installed acceptance, which is unverified. See acceptance record for scoped local passes."
src\Etp.Reporting.Desktop\Modules\Reports\ReportsWorkspaceView.xaml#RunCatalogueReport_Click-66,Daily Cash Reconciliation,src\Etp.Reporting.Desktop\Modules\Reports\ReportsWorkspaceView.xaml,,report-cash,Reports,Tender / Cash,Daily Cash Reconciliation,Reports,1,ACTIVE,,Supporting action,RunCatalogueReport_Click,Focused identity and primary action; bounded content,Reachable actions at 800x440 DIP,IMPLEMENTED,UNVERIFIED,UNVERIFIED,UNVERIFIED,UNVERIFIED,UNVERIFIED,UNVERIFIED,artifacts/ui-redesign/20260912-sprint/matrix-r19; artifacts/ui-redesign/20260912-sprint/control-reconciliation.json; artifacts/ui-redesign/20260912-sprint/controls-r3; docs/audit/ETP-UI-REDESIGN-ACCEPTANCE.md; artifacts/ui-redesign/20260912-sprint/report-states-r7/report-state-results.json,"Source/control mapping and offscreen composition checked; these result columns reserve full interactive/installed acceptance, which is unverified. See acceptance record for scoped local passes."
src\Etp.Reporting.Desktop\Modules\Reports\ReportsWorkspaceView.xaml#RunCatalogueReport_Click-67,Service Sales,src\Etp.Reporting.Desktop\Modules\Reports\ReportsWorkspaceView.xaml,,report-service,Reports,Service,Service Sales,Reports,1,ACTIVE,,Supporting action,RunCatalogueReport_Click,Focused identity and primary action; bounded content,Reachable actions at 800x440 DIP,IMPLEMENTED,UNVERIFIED,UNVERIFIED,UNVERIFIED,UNVERIFIED,UNVERIFIED,UNVERIFIED,artifacts/ui-redesign/20260912-sprint/matrix-r19; artifacts/ui-redesign/20260912-sprint/control-reconciliation.json; artifacts/ui-redesign/20260912-sprint/controls-r3; docs/audit/ETP-UI-REDESIGN-ACCEPTANCE.md; artifacts/ui-redesign/20260912-sprint/report-states-r7/report-state-results.json,"Source/control mapping and offscreen composition checked; these result columns reserve full interactive/installed acceptance, which is unverified. See acceptance record for scoped local passes."
src\Etp.Reporting.Desktop\Modules\Reports\ReportsWorkspaceView.xaml#RunCatalogueReport_Click-68,Tender Diagnostics,src\Etp.Reporting.Desktop\Modules\Reports\ReportsWorkspaceView.xaml,,report-tender-diagnostic,Reports,Tender / Cash,Tender Diagnostics,Reports,1,ACTIVE,,Supporting action,RunCatalogueReport_Click,Focused identity and primary action; bounded content,Reachable actions at 800x440 DIP,IMPLEMENTED,UNVERIFIED,UNVERIFIED,UNVERIFIED,UNVERIFIED,UNVERIFIED,UNVERIFIED,artifacts/ui-redesign/20260912-sprint/matrix-r19; artifacts/ui-redesign/20260912-sprint/control-reconciliation.json; artifacts/ui-redesign/20260912-sprint/controls-r3; docs/audit/ETP-UI-REDESIGN-ACCEPTANCE.md; artifacts/ui-redesign/20260912-sprint/report-states-r7/report-state-results.json,"Source/control mapping and offscreen composition checked; these result columns reserve full interactive/installed acceptance, which is unverified. See acceptance record for scoped local passes."
src\Etp.Reporting.Desktop\Modules\Reports\ReportsWorkspaceView.xaml#RunCatalogueReport_Click-71,Daily Exception Report,src\Etp.Reporting.Desktop\Modules\Reports\ReportsWorkspaceView.xaml,,report-exceptions,Reports,Exceptions,Daily Exception Report,Reports,1,ACTIVE,,Supporting action,RunCatalogueReport_Click,Focused identity and primary action; bounded content,Reachable actions at 800x440 DIP,IMPLEMENTED,UNVERIFIED,UNVERIFIED,UNVERIFIED,UNVERIFIED,UNVERIFIED,UNVERIFIED,artifacts/ui-redesign/20260912-sprint/matrix-r19; artifacts/ui-redesign/20260912-sprint/control-reconciliation.json; artifacts/ui-redesign/20260912-sprint/controls-r3; docs/audit/ETP-UI-REDESIGN-ACCEPTANCE.md; artifacts/ui-redesign/20260912-sprint/report-states-r7/report-state-results.json,"Source/control mapping and offscreen composition checked; these result columns reserve full interactive/installed acceptance, which is unverified. See acceptance record for scoped local passes."
src\Etp.Reporting.Desktop\Modules\Reports\ReportsWorkspaceView.xaml#RunCatalogueReport_Click-72,Missing Source Report,src\Etp.Reporting.Desktop\Modules\Reports\ReportsWorkspaceView.xaml,,report-exception-source,Reports,Exceptions,Missing Source Report,Reports,1,ACTIVE,,Supporting action,RunCatalogueReport_Click,Focused identity and primary action; bounded content,Reachable actions at 800x440 DIP,IMPLEMENTED,UNVERIFIED,UNVERIFIED,UNVERIFIED,UNVERIFIED,UNVERIFIED,UNVERIFIED,artifacts/ui-redesign/20260912-sprint/matrix-r19; artifacts/ui-redesign/20260912-sprint/control-reconciliation.json; artifacts/ui-redesign/20260912-sprint/controls-r3; docs/audit/ETP-UI-REDESIGN-ACCEPTANCE.md; artifacts/ui-redesign/20260912-sprint/report-states-r7/report-state-results.json,"Source/control mapping and offscreen composition checked; these result columns reserve full interactive/installed acceptance, which is unverified. See acceptance record for scoped local passes."
src\Etp.Reporting.Desktop\Modules\Reports\ReportsWorkspaceView.xaml#RunCatalogueReport_Click-73,Unmapped Data,src\Etp.Reporting.Desktop\Modules\Reports\ReportsWorkspaceView.xaml,,report-exception-unmapped,Reports,Exceptions,Unmapped Data,Reports,1,ACTIVE,,Supporting action,RunCatalogueReport_Click,Focused identity and primary action; bounded content,Reachable actions at 800x440 DIP,IMPLEMENTED,UNVERIFIED,UNVERIFIED,UNVERIFIED,UNVERIFIED,UNVERIFIED,UNVERIFIED,artifacts/ui-redesign/20260912-sprint/matrix-r19; artifacts/ui-redesign/20260912-sprint/control-reconciliation.json; artifacts/ui-redesign/20260912-sprint/controls-r3; docs/audit/ETP-UI-REDESIGN-ACCEPTANCE.md; artifacts/ui-redesign/20260912-sprint/report-states-r7/report-state-results.json,"Source/control mapping and offscreen composition checked; these result columns reserve full interactive/installed acceptance, which is unverified. See acceptance record for scoped local passes."
src\Etp.Reporting.Desktop\Modules\Reports\ReportsWorkspaceView.xaml#RunCatalogueReport_Click-74,Stock Exceptions,src\Etp.Reporting.Desktop\Modules\Reports\ReportsWorkspaceView.xaml,,report-exception-stock,Reports,Exceptions,Stock Exceptions,Reports,1,ACTIVE,,Supporting action,RunCatalogueReport_Click,Focused identity and primary action; bounded content,Reachable actions at 800x440 DIP,IMPLEMENTED,UNVERIFIED,UNVERIFIED,UNVERIFIED,UNVERIFIED,UNVERIFIED,UNVERIFIED,artifacts/ui-redesign/20260912-sprint/matrix-r19; artifacts/ui-redesign/20260912-sprint/control-reconciliation.json; artifacts/ui-redesign/20260912-sprint/controls-r3; docs/audit/ETP-UI-REDESIGN-ACCEPTANCE.md; artifacts/ui-redesign/20260912-sprint/report-states-r7/report-state-results.json,"Source/control mapping and offscreen composition checked; these result columns reserve full interactive/installed acceptance, which is unverified. See acceptance record for scoped local passes."
src\Etp.Reporting.Desktop\Modules\Reports\ReportsWorkspaceView.xaml#RunCatalogueReport_Click-75,Staff Exceptions,src\Etp.Reporting.Desktop\Modules\Reports\ReportsWorkspaceView.xaml,,report-exception-staff,Reports,Exceptions,Staff Exceptions,Reports,1,ACTIVE,,Supporting action,RunCatalogueReport_Click,Focused identity and primary action; bounded content,Reachable actions at 800x440 DIP,IMPLEMENTED,UNVERIFIED,UNVERIFIED,UNVERIFIED,UNVERIFIED,UNVERIFIED,UNVERIFIED,artifacts/ui-redesign/20260912-sprint/matrix-r19; artifacts/ui-redesign/20260912-sprint/control-reconciliation.json; artifacts/ui-redesign/20260912-sprint/controls-r3; docs/audit/ETP-UI-REDESIGN-ACCEPTANCE.md; artifacts/ui-redesign/20260912-sprint/report-states-r7/report-state-results.json,"Source/control mapping and offscreen composition checked; these result columns reserve full interactive/installed acceptance, which is unverified. See acceptance record for scoped local passes."
src\Etp.Reporting.Desktop\Modules\Reports\ReportsWorkspaceView.xaml#RunCatalogueReport_Click-76,Management Trend,src\Etp.Reporting.Desktop\Modules\Reports\ReportsWorkspaceView.xaml,,report-management-trend,Reports,Management,Management Trend,Reports,1,ACTIVE,,Supporting action,RunCatalogueReport_Click,Focused identity and primary action; bounded content,Reachable actions at 800x440 DIP,IMPLEMENTED,UNVERIFIED,UNVERIFIED,UNVERIFIED,UNVERIFIED,UNVERIFIED,UNVERIFIED,artifacts/ui-redesign/20260912-sprint/matrix-r19; artifacts/ui-redesign/20260912-sprint/control-reconciliation.json; artifacts/ui-redesign/20260912-sprint/controls-r3; docs/audit/ETP-UI-REDESIGN-ACCEPTANCE.md; artifacts/ui-redesign/20260912-sprint/report-states-r7/report-state-results.json,"Source/control mapping and offscreen composition checked; these result columns reserve full interactive/installed acceptance, which is unverified. See acceptance record for scoped local passes."
src\Etp.Reporting.Desktop\Modules\Reports\ReportsWorkspaceView.xaml#RunCatalogueReport_Click-77,Invoice Source Drill-down,src\Etp.Reporting.Desktop\Modules\Reports\ReportsWorkspaceView.xaml,,report-invoice-lineage,Reports,Investigation,Invoice Source Drill-down,Reports,1,ACTIVE,,Supporting action,RunCatalogueReport_Click,Focused identity and primary action; bounded content,Reachable actions at 800x440 DIP,IMPLEMENTED,UNVERIFIED,UNVERIFIED,UNVERIFIED,UNVERIFIED,UNVERIFIED,UNVERIFIED,artifacts/ui-redesign/20260912-sprint/matrix-r19; artifacts/ui-redesign/20260912-sprint/control-reconciliation.json; artifacts/ui-redesign/20260912-sprint/controls-r3; docs/audit/ETP-UI-REDESIGN-ACCEPTANCE.md; artifacts/ui-redesign/20260912-sprint/report-states-r7/report-state-results.json,"Source/control mapping and offscreen composition checked; these result columns reserve full interactive/installed acceptance, which is unverified. See acceptance record for scoped local passes."
src\Etp.Reporting.Desktop\Modules\Reports\ReportsWorkspaceView.xaml#ExportExcel_Click-79,Export selected report to Excel…,src\Etp.Reporting.Desktop\Modules\Reports\ReportsWorkspaceView.xaml,,report-dsr,Reports,Sales,Daily Sales Report,Reports,1,ACTIVE,,Supporting action,ExportExcel_Click,Focused identity and primary action; bounded content,Reachable actions at 800x440 DIP,IMPLEMENTED,UNVERIFIED,UNVERIFIED,UNVERIFIED,UNVERIFIED,UNVERIFIED,UNVERIFIED,artifacts/ui-redesign/20260912-sprint/matrix-r19; artifacts/ui-redesign/20260912-sprint/control-reconciliation.json; artifacts/ui-redesign/20260912-sprint/controls-r3; docs/audit/ETP-UI-REDESIGN-ACCEPTANCE.md; artifacts/ui-redesign/20260912-sprint/report-states-r7/report-state-results.json,"Source/control mapping and offscreen composition checked; these result columns reserve full interactive/installed acceptance, which is unverified. See acceptance record for scoped local passes."
src\Etp.Reporting.Desktop\Modules\Reports\ReportsWorkspaceView.xaml#ExportPdf_Click-80,Export selected report to PDF…,src\Etp.Reporting.Desktop\Modules\Reports\ReportsWorkspaceView.xaml,,report-dsr,Reports,Sales,Daily Sales Report,Reports,1,ACTIVE,,Supporting action,ExportPdf_Click,Focused identity and primary action; bounded content,Reachable actions at 800x440 DIP,IMPLEMENTED,UNVERIFIED,UNVERIFIED,UNVERIFIED,UNVERIFIED,UNVERIFIED,UNVERIFIED,artifacts/ui-redesign/20260912-sprint/matrix-r19; artifacts/ui-redesign/20260912-sprint/control-reconciliation.json; artifacts/ui-redesign/20260912-sprint/controls-r3; docs/audit/ETP-UI-REDESIGN-ACCEPTANCE.md; artifacts/ui-redesign/20260912-sprint/report-states-r7/report-state-results.json,"Source/control mapping and offscreen composition checked; these result columns reserve full interactive/installed acceptance, which is unverified. See acceptance record for scoped local passes."
src\Etp.Reporting.Desktop\Modules\Reports\ReportsWorkspaceView.xaml#ViewDetails_Click-84,View selected details,src\Etp.Reporting.Desktop\Modules\Reports\ReportsWorkspaceView.xaml,,report-dsr,Reports,Sales,Daily Sales Report,Reports,1,ACTIVE,,Supporting action,ViewDetails_Click,Focused identity and primary action; bounded content,Reachable actions at 800x440 DIP,IMPLEMENTED,UNVERIFIED,UNVERIFIED,UNVERIFIED,UNVERIFIED,UNVERIFIED,UNVERIFIED,artifacts/ui-redesign/20260912-sprint/matrix-r19; artifacts/ui-redesign/20260912-sprint/control-reconciliation.json; artifacts/ui-redesign/20260912-sprint/controls-r3; docs/audit/ETP-UI-REDESIGN-ACCEPTANCE.md; artifacts/ui-redesign/20260912-sprint/report-states-r7/report-state-results.json,"Source/control mapping and offscreen composition checked; these result columns reserve full interactive/installed acceptance, which is unverified. See acceptance record for scoped local passes."
src\Etp.Reporting.Desktop\Modules\Settings\SettingsWorkspaceView.xaml#TestConnection_Click-6,Test connection,src\Etp.Reporting.Desktop\Modules\Settings\SettingsWorkspaceView.xaml,,connection,Settings,Database & Recovery,Database Connection,Settings,3,ACTIVE,,Supporting action,TestConnection_Click,Focused identity and primary action; bounded content,Reachable actions at 800x440 DIP,IMPLEMENTED,UNVERIFIED,UNVERIFIED,UNVERIFIED,UNVERIFIED,UNVERIFIED,UNVERIFIED,artifacts/ui-redesign/20260912-sprint/matrix-r19; artifacts/ui-redesign/20260912-sprint/control-reconciliation.json; artifacts/ui-redesign/20260912-sprint/controls-r3; docs/audit/ETP-UI-REDESIGN-ACCEPTANCE.md,"Source/control mapping and offscreen composition checked; these result columns reserve full interactive/installed acceptance, which is unverified. See acceptance record for scoped local passes. Settings sidebar defect reported 2026-09-13; reproduction and repair pending VM access and screen capture (ETP-UI-REDESIGN-ACCEPTANCE-RESUME-2026-09-13.md)."
src\Etp.Reporting.Desktop\Modules\Settings\SettingsWorkspaceView.xaml#BootstrapDatabase_Click-7,Create/update database,src\Etp.Reporting.Desktop\Modules\Settings\SettingsWorkspaceView.xaml,,connection,Settings,Database & Recovery,Database Connection,Settings,3,ACTIVE,,Supporting action,BootstrapDatabase_Click,Focused identity and primary action; bounded content,Reachable actions at 800x440 DIP,IMPLEMENTED,UNVERIFIED,UNVERIFIED,UNVERIFIED,UNVERIFIED,UNVERIFIED,UNVERIFIED,artifacts/ui-redesign/20260912-sprint/matrix-r19; artifacts/ui-redesign/20260912-sprint/control-reconciliation.json; artifacts/ui-redesign/20260912-sprint/controls-r3; docs/audit/ETP-UI-REDESIGN-ACCEPTANCE.md,"Source/control mapping and offscreen composition checked; these result columns reserve full interactive/installed acceptance, which is unverified. See acceptance record for scoped local passes. Settings sidebar defect reported 2026-09-13; reproduction and repair pending VM access and screen capture (ETP-UI-REDESIGN-ACCEPTANCE-RESUME-2026-09-13.md)."
src\Etp.Reporting.Desktop\Modules\Settings\SettingsWorkspaceView.xaml#SaveProductSettings_Click-27,Save integrations,src\Etp.Reporting.Desktop\Modules\Settings\SettingsWorkspaceView.xaml,,sharing,Settings,Integrations,Email & Sharing,Settings,3,ACTIVE,,Supporting action,SaveProductSettings_Click,Focused identity and primary action; bounded content,Reachable actions at 800x440 DIP,IMPLEMENTED,UNVERIFIED,UNVERIFIED,UNVERIFIED,UNVERIFIED,UNVERIFIED,UNVERIFIED,artifacts/ui-redesign/20260912-sprint/matrix-r19; artifacts/ui-redesign/20260912-sprint/control-reconciliation.json; artifacts/ui-redesign/20260912-sprint/controls-r3; docs/audit/ETP-UI-REDESIGN-ACCEPTANCE.md,"Source/control mapping and offscreen composition checked; these result columns reserve full interactive/installed acceptance, which is unverified. See acceptance record for scoped local passes. Settings sidebar defect reported 2026-09-13; reproduction and repair pending VM access and screen capture (ETP-UI-REDESIGN-ACCEPTANCE-RESUME-2026-09-13.md)."
src\Etp.Reporting.Desktop\Modules\SourceInbox\SourceInboxWorkspaceView.xaml#Refresh_Click-6,Refresh inbox,src\Etp.Reporting.Desktop\Modules\SourceInbox\SourceInboxWorkspaceView.xaml,,source-inbox,Imports,Intake,Source Inbox,SourceInbox,2,ACTIVE,,Supporting action,Refresh_Click,Focused identity and primary action; bounded content,Reachable actions at 800x440 DIP,IMPLEMENTED,UNVERIFIED,UNVERIFIED,UNVERIFIED,UNVERIFIED,UNVERIFIED,UNVERIFIED,artifacts/ui-redesign/20260912-sprint/matrix-r19; artifacts/ui-redesign/20260912-sprint/control-reconciliation.json; artifacts/ui-redesign/20260912-sprint/controls-r3; docs/audit/ETP-UI-REDESIGN-ACCEPTANCE.md,"Source/control mapping and offscreen composition checked; these result columns reserve full interactive/installed acceptance, which is unverified. See acceptance record for scoped local passes."
src\Etp.Reporting.Desktop\Modules\SourceInbox\SourceInboxWorkspaceView.xaml#Browse_Click-16,Add PDF or image…,src\Etp.Reporting.Desktop\Modules\SourceInbox\SourceInboxWorkspaceView.xaml,,native-pdf,Imports,Documents & Ocr,Native PDF Extraction,SourceInbox,2,ACTIVE,,Supporting action,Browse_Click,Focused identity and primary action; bounded content,Reachable actions at 800x440 DIP,IMPLEMENTED,UNVERIFIED,UNVERIFIED,UNVERIFIED,UNVERIFIED,UNVERIFIED,UNVERIFIED,artifacts/ui-redesign/20260912-sprint/matrix-r19; artifacts/ui-redesign/20260912-sprint/control-reconciliation.json; artifacts/ui-redesign/20260912-sprint/controls-r3; docs/audit/ETP-UI-REDESIGN-ACCEPTANCE.md,"Source/control mapping and offscreen composition checked; these result columns reserve full interactive/installed acceptance, which is unverified. See acceptance record for scoped local passes."
src\Etp.Reporting.Desktop\Modules\SourceInbox\SourceInboxWorkspaceView.xaml#Open_Click-17,Verify/open selected,src\Etp.Reporting.Desktop\Modules\SourceInbox\SourceInboxWorkspaceView.xaml,,documents,Imports,Documents & Ocr,Document Repository,SourceInbox,2,ACTIVE,,Supporting action,Open_Click,Focused identity and primary action; bounded content,Reachable actions at 800x440 DIP,IMPLEMENTED,UNVERIFIED,UNVERIFIED,UNVERIFIED,UNVERIFIED,UNVERIFIED,UNVERIFIED,artifacts/ui-redesign/20260912-sprint/matrix-r19; artifacts/ui-redesign/20260912-sprint/control-reconciliation.json; artifacts/ui-redesign/20260912-sprint/controls-r3; docs/audit/ETP-UI-REDESIGN-ACCEPTANCE.md,"Source/control mapping and offscreen composition checked; these result columns reserve full interactive/installed acceptance, which is unverified. See acceptance record for scoped local passes."
src\Etp.Reporting.Desktop\Modules\SourceInbox\SourceInboxWorkspaceView.xaml#Intake_Click-28,Store and extract,src\Etp.Reporting.Desktop\Modules\SourceInbox\SourceInboxWorkspaceView.xaml,,native-pdf,Imports,Documents & Ocr,Native PDF Extraction,SourceInbox,2,ACTIVE,,Supporting action,Intake_Click,Focused identity and primary action; bounded content,Reachable actions at 800x440 DIP,IMPLEMENTED,UNVERIFIED,UNVERIFIED,UNVERIFIED,UNVERIFIED,UNVERIFIED,UNVERIFIED,artifacts/ui-redesign/20260912-sprint/matrix-r19; artifacts/ui-redesign/20260912-sprint/control-reconciliation.json; artifacts/ui-redesign/20260912-sprint/controls-r3; docs/audit/ETP-UI-REDESIGN-ACCEPTANCE.md,"Source/control mapping and offscreen composition checked; these result columns reserve full interactive/installed acceptance, which is unverified. See acceptance record for scoped local passes."
src\Etp.Reporting.Desktop\Modules\SourceInbox\SourceInboxWorkspaceView.xaml#Documents_SelectionChanged-30,DocumentsGrid,src\Etp.Reporting.Desktop\Modules\SourceInbox\SourceInboxWorkspaceView.xaml,,documents,Imports,Documents & Ocr,Document Repository,SourceInbox,2,ACTIVE,,Supporting action,Documents_SelectionChanged,Focused identity and primary action; bounded content,Reachable actions at 800x440 DIP,IMPLEMENTED,UNVERIFIED,UNVERIFIED,UNVERIFIED,UNVERIFIED,UNVERIFIED,UNVERIFIED,artifacts/ui-redesign/20260912-sprint/matrix-r19; artifacts/ui-redesign/20260912-sprint/control-reconciliation.json; artifacts/ui-redesign/20260912-sprint/controls-r3; docs/audit/ETP-UI-REDESIGN-ACCEPTANCE.md,"Source/control mapping and offscreen composition checked; these result columns reserve full interactive/installed acceptance, which is unverified. See acceptance record for scoped local passes."
src\Etp.Reporting.Desktop\Modules\SourceInbox\SourceInboxWorkspaceView.xaml#Verify_Click-35,Verify extraction,src\Etp.Reporting.Desktop\Modules\SourceInbox\SourceInboxWorkspaceView.xaml,,ocr-review,Imports,Documents & Ocr,OCR Review Queue,SourceInbox,2,ACTIVE,,Supporting action,Verify_Click,Focused identity and primary action; bounded content,Reachable actions at 800x440 DIP,IMPLEMENTED,UNVERIFIED,UNVERIFIED,UNVERIFIED,UNVERIFIED,UNVERIFIED,UNVERIFIED,artifacts/ui-redesign/20260912-sprint/matrix-r19; artifacts/ui-redesign/20260912-sprint/control-reconciliation.json; artifacts/ui-redesign/20260912-sprint/controls-r3; docs/audit/ETP-UI-REDESIGN-ACCEPTANCE.md,"Source/control mapping and offscreen composition checked; these result columns reserve full interactive/installed acceptance, which is unverified. See acceptance record for scoped local passes."
src\Etp.Reporting.Desktop\Modules\SourceInbox\SourceInboxWorkspaceView.xaml#Reject_Click-36,Reject and quarantine,src\Etp.Reporting.Desktop\Modules\SourceInbox\SourceInboxWorkspaceView.xaml,,ocr-review,Imports,Documents & Ocr,OCR Review Queue,SourceInbox,2,ACTIVE,,Supporting action,Reject_Click,Focused identity and primary action; bounded content,Reachable actions at 800x440 DIP,IMPLEMENTED,UNVERIFIED,UNVERIFIED,UNVERIFIED,UNVERIFIED,UNVERIFIED,UNVERIFIED,artifacts/ui-redesign/20260912-sprint/matrix-r19; artifacts/ui-redesign/20260912-sprint/control-reconciliation.json; artifacts/ui-redesign/20260912-sprint/controls-r3; docs/audit/ETP-UI-REDESIGN-ACCEPTANCE.md,"Source/control mapping and offscreen composition checked; these result columns reserve full interactive/installed acceptance, which is unverified. See acceptance record for scoped local passes."
canonical:report-filters,Report Filters,Sales Reports,,report-filters,Reports,Filters,Report Filters,TaskNavigation,1,ACTIVE,,Focused task,Open the labelled task or selected item,1000x600 DIP; identity/actions visible; bounded task content,800x440 DIP; labelled secondary tabs/panels; bounded detail scrolling,IMPLEMENTED,UNVERIFIED,UNVERIFIED,UNVERIFIED,UNVERIFIED,UNVERIFIED,UNVERIFIED,artifacts/ui-redesign/20260912-sprint/matrix-r19; artifacts/ui-redesign/20260912-sprint/control-reconciliation.json; artifacts/ui-redesign/20260912-sprint/controls-r3; docs/audit/ETP-UI-REDESIGN-ACCEPTANCE.md,"Source/control mapping and offscreen composition checked; these result columns reserve full interactive/installed acceptance, which is unverified. See acceptance record for scoped local passes."
canonical:help:dashboard,Help: Dashboard,Home,,help:dashboard,Help,Getting Started,Help: Dashboard,TaskNavigation,1,ACTIVE,,Focused task,Open the labelled task or selected item,1000x600 DIP; identity/actions visible; bounded task content,800x440 DIP; labelled secondary tabs/panels; bounded detail scrolling,IMPLEMENTED,UNVERIFIED,UNVERIFIED,UNVERIFIED,UNVERIFIED,UNVERIFIED,UNVERIFIED,artifacts/ui-redesign/20260912-sprint/matrix-r19; artifacts/ui-redesign/20260912-sprint/control-reconciliation.json; artifacts/ui-redesign/20260912-sprint/controls-r3; docs/audit/ETP-UI-REDESIGN-ACCEPTANCE.md,"Source/control mapping and offscreen composition checked; these result columns reserve full interactive/installed acceptance, which is unverified. See acceptance record for scoped local passes."
canonical:help:business-day,Help: Business Day,Home,,help:business-day,Help,Daily Work,Help: Business Day,TaskNavigation,1,ACTIVE,,Focused task,Open the labelled task or selected item,1000x600 DIP; identity/actions visible; bounded task content,800x440 DIP; labelled secondary tabs/panels; bounded detail scrolling,IMPLEMENTED,UNVERIFIED,UNVERIFIED,UNVERIFIED,UNVERIFIED,UNVERIFIED,UNVERIFIED,artifacts/ui-redesign/20260912-sprint/matrix-r19; artifacts/ui-redesign/20260912-sprint/control-reconciliation.json; artifacts/ui-redesign/20260912-sprint/controls-r3; docs/audit/ETP-UI-REDESIGN-ACCEPTANCE.md,"Source/control mapping and offscreen composition checked; these result columns reserve full interactive/installed acceptance, which is unverified. See acceptance record for scoped local passes."
canonical:help:import-etp,Help: Import ETP,Home,,help:import-etp,Help,Daily Work,Help: Import ETP,TaskNavigation,1,ACTIVE,,Focused task,Open the labelled task or selected item,1000x600 DIP; identity/actions visible; bounded task content,800x440 DIP; labelled secondary tabs/panels; bounded detail scrolling,IMPLEMENTED,UNVERIFIED,UNVERIFIED,UNVERIFIED,UNVERIFIED,UNVERIFIED,UNVERIFIED,artifacts/ui-redesign/20260912-sprint/matrix-r19; artifacts/ui-redesign/20260912-sprint/control-reconciliation.json; artifacts/ui-redesign/20260912-sprint/controls-r3; docs/audit/ETP-UI-REDESIGN-ACCEPTANCE.md,"Source/control mapping and offscreen composition checked; these result columns reserve full interactive/installed acceptance, which is unverified. See acceptance record for scoped local passes."
canonical:help:daily-sales-report,Help: Daily Sales Report,Home,,help:daily-sales-report,Help,Reports,Help: Daily Sales Report,TaskNavigation,1,ACTIVE,,Focused task,Open the labelled task or selected item,1000x600 DIP; identity/actions visible; bounded task content,800x440 DIP; labelled secondary tabs/panels; bounded detail scrolling,IMPLEMENTED,UNVERIFIED,UNVERIFIED,UNVERIFIED,UNVERIFIED,UNVERIFIED,UNVERIFIED,artifacts/ui-redesign/20260912-sprint/matrix-r19; artifacts/ui-redesign/20260912-sprint/control-reconciliation.json; artifacts/ui-redesign/20260912-sprint/controls-r3; docs/audit/ETP-UI-REDESIGN-ACCEPTANCE.md,"Source/control mapping and offscreen composition checked; these result columns reserve full interactive/installed acceptance, which is unverified. See acceptance record for scoped local passes."
canonical:help:sales-reports,Help: Sales Reports,Home,,help:sales-reports,Help,Reports,Help: Sales Reports,TaskNavigation,1,ACTIVE,,Focused task,Open the labelled task or selected item,1000x600 DIP; identity/actions visible; bounded task content,800x440 DIP; labelled secondary tabs/panels; bounded detail scrolling,IMPLEMENTED,UNVERIFIED,UNVERIFIED,UNVERIFIED,UNVERIFIED,UNVERIFIED,UNVERIFIED,artifacts/ui-redesign/20260912-sprint/matrix-r19; artifacts/ui-redesign/20260912-sprint/control-reconciliation.json; artifacts/ui-redesign/20260912-sprint/controls-r3; docs/audit/ETP-UI-REDESIGN-ACCEPTANCE.md,"Source/control mapping and offscreen composition checked; these result columns reserve full interactive/installed acceptance, which is unverified. See acceptance record for scoped local passes."
canonical:help:stock-reports,Help: Stock Reports,Home,,help:stock-reports,Help,Reports,Help: Stock Reports,TaskNavigation,1,ACTIVE,,Focused task,Open the labelled task or selected item,1000x600 DIP; identity/actions visible; bounded task content,800x440 DIP; labelled secondary tabs/panels; bounded detail scrolling,IMPLEMENTED,UNVERIFIED,UNVERIFIED,UNVERIFIED,UNVERIFIED,UNVERIFIED,UNVERIFIED,artifacts/ui-redesign/20260912-sprint/matrix-r19; artifacts/ui-redesign/20260912-sprint/control-reconciliation.json; artifacts/ui-redesign/20260912-sprint/controls-r3; docs/audit/ETP-UI-REDESIGN-ACCEPTANCE.md,"Source/control mapping and offscreen composition checked; these result columns reserve full interactive/installed acceptance, which is unverified. See acceptance record for scoped local passes."
canonical:help:tender-cash-service,"Help: Tender, Cash & Service",Home,,help:tender-cash-service,Help,Reports,"Help: Tender, Cash & Service",TaskNavigation,1,ACTIVE,,Focused task,Open the labelled task or selected item,1000x600 DIP; identity/actions visible; bounded task content,800x440 DIP; labelled secondary tabs/panels; bounded detail scrolling,IMPLEMENTED,UNVERIFIED,UNVERIFIED,UNVERIFIED,UNVERIFIED,UNVERIFIED,UNVERIFIED,artifacts/ui-redesign/20260912-sprint/matrix-r19; artifacts/ui-redesign/20260912-sprint/control-reconciliation.json; artifacts/ui-redesign/20260912-sprint/controls-r3; docs/audit/ETP-UI-REDESIGN-ACCEPTANCE.md,"Source/control mapping and offscreen composition checked; these result columns reserve full interactive/installed acceptance, which is unverified. See acceptance record for scoped local passes."
canonical:help:staff-cro,Help: Staff / CRO,Home,,help:staff-cro,Help,Reports,Help: Staff / CRO,TaskNavigation,1,ACTIVE,,Focused task,Open the labelled task or selected item,1000x600 DIP; identity/actions visible; bounded task content,800x440 DIP; labelled secondary tabs/panels; bounded detail scrolling,IMPLEMENTED,UNVERIFIED,UNVERIFIED,UNVERIFIED,UNVERIFIED,UNVERIFIED,UNVERIFIED,artifacts/ui-redesign/20260912-sprint/matrix-r19; artifacts/ui-redesign/20260912-sprint/control-reconciliation.json; artifacts/ui-redesign/20260912-sprint/controls-r3; docs/audit/ETP-UI-REDESIGN-ACCEPTANCE.md,"Source/control mapping and offscreen composition checked; these result columns reserve full interactive/installed acceptance, which is unverified. See acceptance record for scoped local passes."
canonical:help:exception-centre,Help: Exception Centre,Home,,help:exception-centre,Help,Review & Records,Help: Exception Centre,TaskNavigation,1,ACTIVE,,Focused task,Open the labelled task or selected item,1000x600 DIP; identity/actions visible; bounded task content,800x440 DIP; labelled secondary tabs/panels; bounded detail scrolling,IMPLEMENTED,UNVERIFIED,UNVERIFIED,UNVERIFIED,UNVERIFIED,UNVERIFIED,UNVERIFIED,artifacts/ui-redesign/20260912-sprint/matrix-r19; artifacts/ui-redesign/20260912-sprint/control-reconciliation.json; artifacts/ui-redesign/20260912-sprint/controls-r3; docs/audit/ETP-UI-REDESIGN-ACCEPTANCE.md,"Source/control mapping and offscreen composition checked; these result columns reserve full interactive/installed acceptance, which is unverified. See acceptance record for scoped local passes."
canonical:help:management,Help: Management,Home,,help:management,Help,Reports,Help: Management,TaskNavigation,1,ACTIVE,,Focused task,Open the labelled task or selected item,1000x600 DIP; identity/actions visible; bounded task content,800x440 DIP; labelled secondary tabs/panels; bounded detail scrolling,IMPLEMENTED,UNVERIFIED,UNVERIFIED,UNVERIFIED,UNVERIFIED,UNVERIFIED,UNVERIFIED,artifacts/ui-redesign/20260912-sprint/matrix-r19; artifacts/ui-redesign/20260912-sprint/control-reconciliation.json; artifacts/ui-redesign/20260912-sprint/controls-r3; docs/audit/ETP-UI-REDESIGN-ACCEPTANCE.md,"Source/control mapping and offscreen composition checked; these result columns reserve full interactive/installed acceptance, which is unverified. See acceptance record for scoped local passes."
canonical:help:investigation,Help: Investigation,Home,,help:investigation,Help,Review & Records,Help: Investigation,TaskNavigation,1,ACTIVE,,Focused task,Open the labelled task or selected item,1000x600 DIP; identity/actions visible; bounded task content,800x440 DIP; labelled secondary tabs/panels; bounded detail scrolling,IMPLEMENTED,UNVERIFIED,UNVERIFIED,UNVERIFIED,UNVERIFIED,UNVERIFIED,UNVERIFIED,artifacts/ui-redesign/20260912-sprint/matrix-r19; artifacts/ui-redesign/20260912-sprint/control-reconciliation.json; artifacts/ui-redesign/20260912-sprint/controls-r3; docs/audit/ETP-UI-REDESIGN-ACCEPTANCE.md,"Source/control mapping and offscreen composition checked; these result columns reserve full interactive/installed acceptance, which is unverified. See acceptance record for scoped local passes."
canonical:help:digital-registers,Help: Digital Registers,Home,,help:digital-registers,Help,Daily Work,Help: Digital Registers,TaskNavigation,1,ACTIVE,,Focused task,Open the labelled task or selected item,1000x600 DIP; identity/actions visible; bounded task content,800x440 DIP; labelled secondary tabs/panels; bounded detail scrolling,IMPLEMENTED,UNVERIFIED,UNVERIFIED,UNVERIFIED,UNVERIFIED,UNVERIFIED,UNVERIFIED,artifacts/ui-redesign/20260912-sprint/matrix-r19; artifacts/ui-redesign/20260912-sprint/control-reconciliation.json; artifacts/ui-redesign/20260912-sprint/controls-r3; docs/audit/ETP-UI-REDESIGN-ACCEPTANCE.md,"Source/control mapping and offscreen composition checked; these result columns reserve full interactive/installed acceptance, which is unverified. See acceptance record for scoped local passes."
canonical:help:accounting,Help: Accounting,Home,,help:accounting,Help,Review & Records,Help: Accounting,TaskNavigation,1,ACTIVE,,Focused task,Open the labelled task or selected item,1000x600 DIP; identity/actions visible; bounded task content,800x440 DIP; labelled secondary tabs/panels; bounded detail scrolling,IMPLEMENTED,UNVERIFIED,UNVERIFIED,UNVERIFIED,UNVERIFIED,UNVERIFIED,UNVERIFIED,artifacts/ui-redesign/20260912-sprint/matrix-r19; artifacts/ui-redesign/20260912-sprint/control-reconciliation.json; artifacts/ui-redesign/20260912-sprint/controls-r3; docs/audit/ETP-UI-REDESIGN-ACCEPTANCE.md,"Source/control mapping and offscreen composition checked; these result columns reserve full interactive/installed acceptance, which is unverified. See acceptance record for scoped local passes."
canonical:help:operations-support,Help: Operations & Support,Home,,help:operations-support,Help,Settings & Support,Help: Operations & Support,TaskNavigation,3,ACTIVE,,Focused task,Open the labelled task or selected item,1000x600 DIP; identity/actions visible; bounded task content,800x440 DIP; labelled secondary tabs/panels; bounded detail scrolling,IMPLEMENTED,UNVERIFIED,UNVERIFIED,UNVERIFIED,UNVERIFIED,UNVERIFIED,UNVERIFIED,artifacts/ui-redesign/20260912-sprint/matrix-r19; artifacts/ui-redesign/20260912-sprint/control-reconciliation.json; artifacts/ui-redesign/20260912-sprint/controls-r3; docs/audit/ETP-UI-REDESIGN-ACCEPTANCE.md,"Source/control mapping and offscreen composition checked; these result columns reserve full interactive/installed acceptance, which is unverified. See acceptance record for scoped local passes."
canonical:help:administration,Help: Administration,Home,,help:administration,Help,Settings & Support,Help: Administration,TaskNavigation,3,ACTIVE,,Focused task,Open the labelled task or selected item,1000x600 DIP; identity/actions visible; bounded task content,800x440 DIP; labelled secondary tabs/panels; bounded detail scrolling,IMPLEMENTED,UNVERIFIED,UNVERIFIED,UNVERIFIED,UNVERIFIED,UNVERIFIED,UNVERIFIED,artifacts/ui-redesign/20260912-sprint/matrix-r19; artifacts/ui-redesign/20260912-sprint/control-reconciliation.json; artifacts/ui-redesign/20260912-sprint/controls-r3; docs/audit/ETP-UI-REDESIGN-ACCEPTANCE.md,"Source/control mapping and offscreen composition checked; these result columns reserve full interactive/installed acceptance, which is unverified. See acceptance record for scoped local passes."
canonical:help:report-archive,Help: Report Archive,Home,,help:report-archive,Help,Review & Records,Help: Report Archive,TaskNavigation,1,ACTIVE,,Focused task,Open the labelled task or selected item,1000x600 DIP; identity/actions visible; bounded task content,800x440 DIP; labelled secondary tabs/panels; bounded detail scrolling,IMPLEMENTED,UNVERIFIED,UNVERIFIED,UNVERIFIED,UNVERIFIED,UNVERIFIED,UNVERIFIED,artifacts/ui-redesign/20260912-sprint/matrix-r19; artifacts/ui-redesign/20260912-sprint/control-reconciliation.json; artifacts/ui-redesign/20260912-sprint/controls-r3; docs/audit/ETP-UI-REDESIGN-ACCEPTANCE.md,"Source/control mapping and offscreen composition checked; these result columns reserve full interactive/installed acceptance, which is unverified. See acceptance record for scoped local passes."
canonical:help:backup-recovery,Help: Backup & Recovery,Home,,help:backup-recovery,Help,Settings & Support,Help: Backup & Recovery,TaskNavigation,1,ACTIVE,,Focused task,Open the labelled task or selected item,1000x600 DIP; identity/actions visible; bounded task content,800x440 DIP; labelled secondary tabs/panels; bounded detail scrolling,IMPLEMENTED,UNVERIFIED,UNVERIFIED,UNVERIFIED,UNVERIFIED,UNVERIFIED,UNVERIFIED,artifacts/ui-redesign/20260912-sprint/matrix-r19; artifacts/ui-redesign/20260912-sprint/control-reconciliation.json; artifacts/ui-redesign/20260912-sprint/controls-r3; docs/audit/ETP-UI-REDESIGN-ACCEPTANCE.md,"Source/control mapping and offscreen composition checked; these result columns reserve full interactive/installed acceptance, which is unverified. See acceptance record for scoped local passes."
canonical:help:troubleshooting,Help: Troubleshooting,Home,,help:troubleshooting,Help,Settings & Support,Help: Troubleshooting,TaskNavigation,1,ACTIVE,,Focused task,Open the labelled task or selected item,1000x600 DIP; identity/actions visible; bounded task content,800x440 DIP; labelled secondary tabs/panels; bounded detail scrolling,IMPLEMENTED,UNVERIFIED,UNVERIFIED,UNVERIFIED,UNVERIFIED,UNVERIFIED,UNVERIFIED,artifacts/ui-redesign/20260912-sprint/matrix-r19; artifacts/ui-redesign/20260912-sprint/control-reconciliation.json; artifacts/ui-redesign/20260912-sprint/controls-r3; docs/audit/ETP-UI-REDESIGN-ACCEPTANCE.md,"Source/control mapping and offscreen composition checked; these result columns reserve full interactive/installed acceptance, which is unverified. See acceptance record for scoped local passes."
canonical:help:keyboard-shortcuts,Help: Keyboard Shortcuts,Home,,help:keyboard-shortcuts,Help,Getting Started,Help: Keyboard Shortcuts,TaskNavigation,1,ACTIVE,,Focused task,Open the labelled task or selected item,1000x600 DIP; identity/actions visible; bounded task content,800x440 DIP; labelled secondary tabs/panels; bounded detail scrolling,IMPLEMENTED,UNVERIFIED,UNVERIFIED,UNVERIFIED,UNVERIFIED,UNVERIFIED,UNVERIFIED,artifacts/ui-redesign/20260912-sprint/matrix-r19; artifacts/ui-redesign/20260912-sprint/control-reconciliation.json; artifacts/ui-redesign/20260912-sprint/controls-r3; docs/audit/ETP-UI-REDESIGN-ACCEPTANCE.md,"Source/control mapping and offscreen composition checked; these result columns reserve full interactive/installed acceptance, which is unverified. See acceptance record for scoped local passes."
dialog:register-unsaved,Save / Discard / Stay,,,register-inward,Registers,Registers,Inward Register,Registers,2,ACTIVE,,Supporting dialog,Save / Discard / Stay,1000x600 DIP; identity/actions visible; bounded task content,800x440 DIP; labelled secondary tabs/panels; bounded detail scrolling,IMPLEMENTED,UNVERIFIED,UNVERIFIED,UNVERIFIED,UNVERIFIED,UNVERIFIED,UNVERIFIED,artifacts/ui-redesign/20260912-sprint/matrix-r19; artifacts/ui-redesign/20260912-sprint/control-reconciliation.json; artifacts/ui-redesign/20260912-sprint/controls-r3; docs/audit/ETP-UI-REDESIGN-ACCEPTANCE.md,"Source/control mapping and offscreen composition checked; these result columns reserve full interactive/installed acceptance, which is unverified. See acceptance record for scoped local passes."
dialog:profile,Profile drawer,,,profile,Help,Your account,Profile,Shell,1,ACTIVE,,Supporting dialog,Profile drawer,1000x600 DIP; identity/actions visible; bounded task content,800x440 DIP; labelled secondary tabs/panels; bounded detail scrolling,IMPLEMENTED,UNVERIFIED,UNVERIFIED,UNVERIFIED,UNVERIFIED,UNVERIFIED,UNVERIFIED,artifacts/ui-redesign/20260912-sprint/matrix-r19; artifacts/ui-redesign/20260912-sprint/control-reconciliation.json; artifacts/ui-redesign/20260912-sprint/controls-r3; docs/audit/ETP-UI-REDESIGN-ACCEPTANCE.md,"Source/control mapping and offscreen composition checked; these result columns reserve full interactive/installed acceptance, which is unverified. See acceptance record for scoped local passes."
dialog:report-details,Report row details,,,report-invoice-lineage,Reports,Investigation,Invoice Source Drill-down,Reports,1,ACTIVE,,Supporting dialog,Report row details,1000x600 DIP; identity/actions visible; bounded task content,800x440 DIP; labelled secondary tabs/panels; bounded detail scrolling,IMPLEMENTED,UNVERIFIED,UNVERIFIED,UNVERIFIED,UNVERIFIED,UNVERIFIED,UNVERIFIED,artifacts/ui-redesign/20260912-sprint/matrix-r19; artifacts/ui-redesign/20260912-sprint/control-reconciliation.json; artifacts/ui-redesign/20260912-sprint/controls-r3; docs/audit/ETP-UI-REDESIGN-ACCEPTANCE.md; artifacts/ui-redesign/20260912-sprint/report-states-r7/report-state-results.json,"Source/control mapping and offscreen composition checked; these result columns reserve full interactive/installed acceptance, which is unverified. See acceptance record for scoped local passes."
dialog:restricted,Access restricted,,,shell:access-restricted,,,,Shell,,ACTIVE,,Supporting dialog,Access restricted,1000x600 DIP; identity/actions visible; bounded task content,800x440 DIP; labelled secondary tabs/panels; bounded detail scrolling,IMPLEMENTED,UNVERIFIED,UNVERIFIED,UNVERIFIED,UNVERIFIED,UNVERIFIED,UNVERIFIED,artifacts/ui-redesign/20260912-sprint/matrix-r19; artifacts/ui-redesign/20260912-sprint/control-reconciliation.json; artifacts/ui-redesign/20260912-sprint/controls-r3; docs/audit/ETP-UI-REDESIGN-ACCEPTANCE.md,"Source/control mapping and offscreen composition checked; these result columns reserve full interactive/installed acceptance, which is unverified. See acceptance record for scoped local passes."
dialog:global-error,Unexpected error,,,shell:global-error,,,,Shell,,ACTIVE,,Supporting dialog,Unexpected error,1000x600 DIP; identity/actions visible; bounded task content,800x440 DIP; labelled secondary tabs/panels; bounded detail scrolling,IMPLEMENTED,UNVERIFIED,UNVERIFIED,UNVERIFIED,UNVERIFIED,UNVERIFIED,UNVERIFIED,artifacts/ui-redesign/20260912-sprint/matrix-r19; artifacts/ui-redesign/20260912-sprint/control-reconciliation.json; artifacts/ui-redesign/20260912-sprint/controls-r3; docs/audit/ETP-UI-REDESIGN-ACCEPTANCE.md,"Source/control mapping and offscreen composition checked; these result columns reserve full interactive/installed acceptance, which is unverified. See acceptance record for scoped local passes."
dialog:import-file,Select workbook or ZIP,,,import-files,Imports,Intake,Import Files,Imports,2,ACTIVE,,Supporting dialog,Select workbook or ZIP,1000x600 DIP; identity/actions visible; bounded task content,800x440 DIP; labelled secondary tabs/panels; bounded detail scrolling,IMPLEMENTED,UNVERIFIED,UNVERIFIED,UNVERIFIED,UNVERIFIED,UNVERIFIED,UNVERIFIED,artifacts/ui-redesign/20260912-sprint/matrix-r19; artifacts/ui-redesign/20260912-sprint/control-reconciliation.json; artifacts/ui-redesign/20260912-sprint/controls-r3; docs/audit/ETP-UI-REDESIGN-ACCEPTANCE.md,"Source/control mapping and offscreen composition checked; these result columns reserve full interactive/installed acceptance, which is unverified. See acceptance record for scoped local passes."
dialog:import-folder,Select import folder,,,import-files,Imports,Intake,Import Files,Imports,2,ACTIVE,,Supporting dialog,Select import folder,1000x600 DIP; identity/actions visible; bounded task content,800x440 DIP; labelled secondary tabs/panels; bounded detail scrolling,IMPLEMENTED,UNVERIFIED,UNVERIFIED,UNVERIFIED,UNVERIFIED,UNVERIFIED,UNVERIFIED,artifacts/ui-redesign/20260912-sprint/matrix-r19; artifacts/ui-redesign/20260912-sprint/control-reconciliation.json; artifacts/ui-redesign/20260912-sprint/controls-r3; docs/audit/ETP-UI-REDESIGN-ACCEPTANCE.md,"Source/control mapping and offscreen composition checked; these result columns reserve full interactive/installed acceptance, which is unverified. See acceptance record for scoped local passes."
dialog:source-file,Select PDF or image,,,native-pdf,Imports,Documents & Ocr,Native PDF Extraction,SourceInbox,2,ACTIVE,,Supporting dialog,Select PDF or image,1000x600 DIP; identity/actions visible; bounded task content,800x440 DIP; labelled secondary tabs/panels; bounded detail scrolling,IMPLEMENTED,UNVERIFIED,UNVERIFIED,UNVERIFIED,UNVERIFIED,UNVERIFIED,UNVERIFIED,artifacts/ui-redesign/20260912-sprint/matrix-r19; artifacts/ui-redesign/20260912-sprint/control-reconciliation.json; artifacts/ui-redesign/20260912-sprint/controls-r3; docs/audit/ETP-UI-REDESIGN-ACCEPTANCE.md,"Source/control mapping and offscreen composition checked; these result columns reserve full interactive/installed acceptance, which is unverified. See acceptance record for scoped local passes."
dialog:report-export,Excel / PDF destination,,,report-dsr,Reports,Sales,Daily Sales Report,Reports,1,ACTIVE,,Supporting dialog,Excel / PDF destination,1000x600 DIP; identity/actions visible; bounded task content,800x440 DIP; labelled secondary tabs/panels; bounded detail scrolling,IMPLEMENTED,UNVERIFIED,UNVERIFIED,UNVERIFIED,UNVERIFIED,UNVERIFIED,UNVERIFIED,artifacts/ui-redesign/20260912-sprint/matrix-r19; artifacts/ui-redesign/20260912-sprint/control-reconciliation.json; artifacts/ui-redesign/20260912-sprint/controls-r3; docs/audit/ETP-UI-REDESIGN-ACCEPTANCE.md; artifacts/ui-redesign/20260912-sprint/report-states-r7/report-state-results.json,"Source/control mapping and offscreen composition checked; these result columns reserve full interactive/installed acceptance, which is unverified. See acceptance record for scoped local passes."
dialog:archive-export,Archive Excel / PDF / ZIP destination,,,re-export,Archive,Archive,Re-export,Archive,1,ACTIVE,,Supporting dialog,Archive Excel / PDF / ZIP destination,1000x600 DIP; identity/actions visible; bounded task content,800x440 DIP; labelled secondary tabs/panels; bounded detail scrolling,IMPLEMENTED,UNVERIFIED,UNVERIFIED,UNVERIFIED,UNVERIFIED,UNVERIFIED,UNVERIFIED,artifacts/ui-redesign/20260912-sprint/matrix-r19; artifacts/ui-redesign/20260912-sprint/control-reconciliation.json; artifacts/ui-redesign/20260912-sprint/controls-r3; docs/audit/ETP-UI-REDESIGN-ACCEPTANCE.md,"Source/control mapping and offscreen composition checked; these result columns reserve full interactive/installed acceptance, which is unverified. See acceptance record for scoped local passes."
dialog:tally-export,Tally XML destination,,,tally-export,Accounting,Export,Tally Export,Accounting,1,ACTIVE,,Supporting dialog,Tally XML destination,1000x600 DIP; identity/actions visible; bounded task content,800x440 DIP; labelled secondary tabs/panels; bounded detail scrolling,IMPLEMENTED,UNVERIFIED,UNVERIFIED,UNVERIFIED,UNVERIFIED,UNVERIFIED,UNVERIFIED,artifacts/ui-redesign/20260912-sprint/matrix-r19; artifacts/ui-redesign/20260912-sprint/control-reconciliation.json; artifacts/ui-redesign/20260912-sprint/controls-r3; docs/audit/ETP-UI-REDESIGN-ACCEPTANCE.md,"Source/control mapping and offscreen composition checked; these result columns reserve full interactive/installed acceptance, which is unverified. See acceptance record for scoped local passes."
dialog:pack-export,Daily pack destination,,,store-daily-pack,Reports,Report Packs,Store Daily Pack,DailyWorkflow,1,ACTIVE,,Supporting dialog,Daily pack destination,1000x600 DIP; identity/actions visible; bounded task content,800x440 DIP; labelled secondary tabs/panels; bounded detail scrolling,IMPLEMENTED,UNVERIFIED,UNVERIFIED,UNVERIFIED,UNVERIFIED,UNVERIFIED,UNVERIFIED,artifacts/ui-redesign/20260912-sprint/matrix-r19; artifacts/ui-redesign/20260912-sprint/control-reconciliation.json; artifacts/ui-redesign/20260912-sprint/controls-r3; docs/audit/ETP-UI-REDESIGN-ACCEPTANCE.md,"Source/control mapping and offscreen composition checked; these result columns reserve full interactive/installed acceptance, which is unverified. See acceptance record for scoped local passes."
report-action:export-pdf,Export PDF,,,shell:report-action:export-pdf,,,,Reports / Shell,,ACTIVE,,Supporting action,Export PDF,1000x600 DIP; identity/actions visible; bounded task content,800x440 DIP; labelled secondary tabs/panels; bounded detail scrolling,IMPLEMENTED,UNVERIFIED,UNVERIFIED,UNVERIFIED,UNVERIFIED,UNVERIFIED,UNVERIFIED,artifacts/ui-redesign/20260912-sprint/matrix-r19; artifacts/ui-redesign/20260912-sprint/control-reconciliation.json; artifacts/ui-redesign/20260912-sprint/controls-r3; docs/audit/ETP-UI-REDESIGN-ACCEPTANCE.md,"Source/control mapping and offscreen composition checked; these result columns reserve full interactive/installed acceptance, which is unverified. See acceptance record for scoped local passes."
report-action:export-excel,Export Excel,,,shell:report-action:export-excel,,,,Reports / Shell,,ACTIVE,,Supporting action,Export Excel,1000x600 DIP; identity/actions visible; bounded task content,800x440 DIP; labelled secondary tabs/panels; bounded detail scrolling,IMPLEMENTED,UNVERIFIED,UNVERIFIED,UNVERIFIED,UNVERIFIED,UNVERIFIED,UNVERIFIED,artifacts/ui-redesign/20260912-sprint/matrix-r19; artifacts/ui-redesign/20260912-sprint/control-reconciliation.json; artifacts/ui-redesign/20260912-sprint/controls-r3; docs/audit/ETP-UI-REDESIGN-ACCEPTANCE.md,"Source/control mapping and offscreen composition checked; these result columns reserve full interactive/installed acceptance, which is unverified. See acceptance record for scoped local passes."
report-action:generate-report-pack,Generate report pack,,,shell:report-action:generate-report-pack,,,,Reports / Shell,,ACTIVE,,Supporting action,Generate report pack,1000x600 DIP; identity/actions visible; bounded task content,800x440 DIP; labelled secondary tabs/panels; bounded detail scrolling,IMPLEMENTED,UNVERIFIED,UNVERIFIED,UNVERIFIED,UNVERIFIED,UNVERIFIED,UNVERIFIED,artifacts/ui-redesign/20260912-sprint/matrix-r19; artifacts/ui-redesign/20260912-sprint/control-reconciliation.json; artifacts/ui-redesign/20260912-sprint/controls-r3; docs/audit/ETP-UI-REDESIGN-ACCEPTANCE.md,"Source/control mapping and offscreen composition checked; these result columns reserve full interactive/installed acceptance, which is unverified. See acceptance record for scoped local passes."
report-action:open-export-folder,Open export folder,,,shell:report-action:open-export-folder,,,,Reports / Shell,,ACTIVE,,Supporting action,Open export folder,1000x600 DIP; identity/actions visible; bounded task content,800x440 DIP; labelled secondary tabs/panels; bounded detail scrolling,IMPLEMENTED,UNVERIFIED,UNVERIFIED,UNVERIFIED,UNVERIFIED,UNVERIFIED,UNVERIFIED,artifacts/ui-redesign/20260912-sprint/matrix-r19; artifacts/ui-redesign/20260912-sprint/control-reconciliation.json; artifacts/ui-redesign/20260912-sprint/controls-r3; docs/audit/ETP-UI-REDESIGN-ACCEPTANCE.md,"Source/control mapping and offscreen composition checked; these result columns reserve full interactive/installed acceptance, which is unverified. See acceptance record for scoped local passes."
report-action:manual-entry,Manual entry,,,shell:report-action:manual-entry,,,,Reports / Shell,,ACTIVE,,Supporting action,Manual entry,1000x600 DIP; identity/actions visible; bounded task content,800x440 DIP; labelled secondary tabs/panels; bounded detail scrolling,IMPLEMENTED,UNVERIFIED,UNVERIFIED,UNVERIFIED,UNVERIFIED,UNVERIFIED,UNVERIFIED,artifacts/ui-redesign/20260912-sprint/matrix-r19; artifacts/ui-redesign/20260912-sprint/control-reconciliation.json; artifacts/ui-redesign/20260912-sprint/controls-r3; docs/audit/ETP-UI-REDESIGN-ACCEPTANCE.md,"Source/control mapping and offscreen composition checked; these result columns reserve full interactive/installed acceptance, which is unverified. See acceptance record for scoped local passes."
report-action:local-page-search,Local page search,,,shell:report-action:local-page-search,,,,Reports / Shell,,ACTIVE,,Supporting action,Local page search,1000x600 DIP; identity/actions visible; bounded task content,800x440 DIP; labelled secondary tabs/panels; bounded detail scrolling,IMPLEMENTED,UNVERIFIED,UNVERIFIED,UNVERIFIED,UNVERIFIED,UNVERIFIED,UNVERIFIED,artifacts/ui-redesign/20260912-sprint/matrix-r19; artifacts/ui-redesign/20260912-sprint/control-reconciliation.json; artifacts/ui-redesign/20260912-sprint/controls-r3; docs/audit/ETP-UI-REDESIGN-ACCEPTANCE.md,"Source/control mapping and offscreen composition checked; these result columns reserve full interactive/installed acceptance, which is unverified. See acceptance record for scoped local passes."
task:favourite-reports,Favourite Reports,FavouriteReportsView,,favourite-reports,Reports,Favourites,Favourite Reports,FavouriteReportsView,1,ACTIVE,,Focused task or supporting dialog,Favourite Reports,1000x600 DIP; identity/actions visible; bounded task content,800x440 DIP; labelled secondary tabs/panels; bounded detail scrolling,IMPLEMENTED,UNVERIFIED,UNVERIFIED,UNVERIFIED,UNVERIFIED,UNVERIFIED,UNVERIFIED,artifacts/ui-redesign/20260912-sprint/matrix-r19; artifacts/ui-redesign/20260912-sprint/control-reconciliation.json; artifacts/ui-redesign/20260912-sprint/controls-r3; docs/audit/ETP-UI-REDESIGN-ACCEPTANCE.md,"Source/control mapping and offscreen composition checked; these result columns reserve full interactive/installed acceptance, which is unverified. See acceptance record for scoped local passes."
dialog:status-details,Status details,StatusDetailsDialog,,support-package,Settings,Database & Recovery,Support Package,StatusDetailsDialog,3,ACTIVE,,Focused task or supporting dialog,Status details,1000x600 DIP; identity/actions visible; bounded task content,800x440 DIP; labelled secondary tabs/panels; bounded detail scrolling,IMPLEMENTED,UNVERIFIED,UNVERIFIED,UNVERIFIED,UNVERIFIED,UNVERIFIED,UNVERIFIED,artifacts/ui-redesign/20260912-sprint/matrix-r19; artifacts/ui-redesign/20260912-sprint/control-reconciliation.json; artifacts/ui-redesign/20260912-sprint/controls-r3; docs/audit/ETP-UI-REDESIGN-ACCEPTANCE.md,"Source/control mapping and offscreen composition checked; these result columns reserve full interactive/installed acceptance, which is unverified. See acceptance record for scoped local passes. Settings sidebar defect reported 2026-09-13; reproduction and repair pending VM access and screen capture (ETP-UI-REDESIGN-ACCEPTANCE-RESUME-2026-09-13.md)."
dialog:calendar,Calendar popup,Themes.ControlsTheme,,connection,Settings,Database & Recovery,Database Connection,Themes.ControlsTheme,3,ACTIVE,,Focused task or supporting dialog,Calendar popup,1000x600 DIP; identity/actions visible; bounded task content,800x440 DIP; labelled secondary tabs/panels; bounded detail scrolling,IMPLEMENTED,UNVERIFIED,UNVERIFIED,UNVERIFIED,UNVERIFIED,UNVERIFIED,UNVERIFIED,artifacts/ui-redesign/20260912-sprint/matrix-r19; artifacts/ui-redesign/20260912-sprint/control-reconciliation.json; artifacts/ui-redesign/20260912-sprint/controls-r3; docs/audit/ETP-UI-REDESIGN-ACCEPTANCE.md,"Source/control mapping and offscreen composition checked; these result columns reserve full interactive/installed acceptance, which is unverified. See acceptance record for scoped local passes. Settings sidebar defect reported 2026-09-13; reproduction and repair pending VM access and screen capture (ETP-UI-REDESIGN-ACCEPTANCE-RESUME-2026-09-13.md)."
dialog:welcome,Windows identity startup,MainWindow,,dashboard,Dashboard,Overview,Today Overview,MainWindow,1,ACTIVE,,Focused task or supporting dialog,Windows identity startup,1000x600 DIP; identity/actions visible; bounded task content,800x440 DIP; labelled secondary tabs/panels; bounded detail scrolling,IMPLEMENTED,UNVERIFIED,UNVERIFIED,UNVERIFIED,UNVERIFIED,UNVERIFIED,UNVERIFIED,artifacts/ui-redesign/20260912-sprint/matrix-r19; artifacts/ui-redesign/20260912-sprint/control-reconciliation.json; artifacts/ui-redesign/20260912-sprint/controls-r3; docs/audit/ETP-UI-REDESIGN-ACCEPTANCE.md,"Source/control mapping and offscreen composition checked; these result columns reserve full interactive/installed acceptance, which is unverified. See acceptance record for scoped local passes."
dialog:dashboard-pdf,Management summary PDF destination,DashboardView,,dashboard,Dashboard,Overview,Today Overview,DashboardView,1,ACTIVE,,Focused task or supporting dialog,Management summary PDF destination,1000x600 DIP; identity/actions visible; bounded task content,800x440 DIP; labelled secondary tabs/panels; bounded detail scrolling,IMPLEMENTED,UNVERIFIED,UNVERIFIED,UNVERIFIED,UNVERIFIED,UNVERIFIED,UNVERIFIED,artifacts/ui-redesign/20260912-sprint/matrix-r19; artifacts/ui-redesign/20260912-sprint/control-reconciliation.json; artifacts/ui-redesign/20260912-sprint/controls-r3; docs/audit/ETP-UI-REDESIGN-ACCEPTANCE.md,"Source/control mapping and offscreen composition checked; these result columns reserve full interactive/installed acceptance, which is unverified. See acceptance record for scoped local passes."
dialog:review-unsaved,Stay / Discard review drafts,DraftNavigationDialog,,approval-centre,Approvals,Review,Approval Centre,DraftNavigationDialog,3,ACTIVE,,Focused task or supporting dialog,Stay / Discard review drafts,1000x600 DIP; identity/actions visible; bounded task content,800x440 DIP; labelled secondary tabs/panels; bounded detail scrolling,IMPLEMENTED,UNVERIFIED,UNVERIFIED,UNVERIFIED,UNVERIFIED,UNVERIFIED,UNVERIFIED,artifacts/ui-redesign/20260912-sprint/matrix-r19; artifacts/ui-redesign/20260912-sprint/control-reconciliation.json; artifacts/ui-redesign/20260912-sprint/controls-r3; docs/audit/ETP-UI-REDESIGN-ACCEPTANCE.md,"Source/control mapping and offscreen composition checked; these result columns reserve full interactive/installed acceptance, which is unverified. See acceptance record for scoped local passes."
control:001,Refresh dashboard,DashboardView,,dashboard,Dashboard,Overview,Today Overview,DashboardView,1,ACTIVE,,Retained focused control or documented replacement,Refresh dashboard,Focused control or labelled subordinate tab/action,Bounded content; visible primary task action,IMPLEMENTED,UNVERIFIED,UNVERIFIED,UNVERIFIED,UNVERIFIED,UNVERIFIED,UNVERIFIED,artifacts/ui-redesign/20260912-sprint/matrix-r19; artifacts/ui-redesign/20260912-sprint/control-reconciliation.json; artifacts/ui-redesign/20260912-sprint/controls-r3; docs/audit/ETP-UI-REDESIGN-ACCEPTANCE.md,"Source/control mapping and offscreen composition checked; these result columns reserve full interactive/installed acceptance, which is unverified. See acceptance record for scoped local passes."
control:002,Export management summary PDF,DashboardView,,dashboard,Dashboard,Overview,Today Overview,DashboardView,1,ACTIVE,,Retained focused control or documented replacement,Export management summary PDF,Focused control or labelled subordinate tab/action,Bounded content; visible primary task action,IMPLEMENTED,UNVERIFIED,UNVERIFIED,UNVERIFIED,UNVERIFIED,UNVERIFIED,UNVERIFIED,artifacts/ui-redesign/20260912-sprint/matrix-r19; artifacts/ui-redesign/20260912-sprint/control-reconciliation.json; artifacts/ui-redesign/20260912-sprint/controls-r3; docs/audit/ETP-UI-REDESIGN-ACCEPTANCE.md,"Source/control mapping and offscreen composition checked; these result columns reserve full interactive/installed acceptance, which is unverified. See acceptance record for scoped local passes."
control:003,Overview group for short windows,DashboardView,,dashboard,Dashboard,Overview,Today Overview,DashboardView,1,ACTIVE,,Retained focused control or documented replacement,Overview group for short windows,Focused control or labelled subordinate tab/action,Bounded content; visible primary task action,IMPLEMENTED,UNVERIFIED,UNVERIFIED,UNVERIFIED,UNVERIFIED,UNVERIFIED,UNVERIFIED,artifacts/ui-redesign/20260912-sprint/matrix-r19; artifacts/ui-redesign/20260912-sprint/control-reconciliation.json; artifacts/ui-redesign/20260912-sprint/controls-r3; docs/audit/ETP-UI-REDESIGN-ACCEPTANCE.md,"Source/control mapping and offscreen composition checked; these result columns reserve full interactive/installed acceptance, which is unverified. See acceptance record for scoped local passes."
control:004,Manual inputs,DashboardView,,dashboard,Dashboard,Overview,Today Overview,DashboardView,1,ACTIVE,,Retained focused control or documented replacement,Manual inputs,Focused control or labelled subordinate tab/action,Bounded content; visible primary task action,IMPLEMENTED,UNVERIFIED,UNVERIFIED,UNVERIFIED,UNVERIFIED,UNVERIFIED,UNVERIFIED,artifacts/ui-redesign/20260912-sprint/matrix-r19; artifacts/ui-redesign/20260912-sprint/control-reconciliation.json; artifacts/ui-redesign/20260912-sprint/controls-r3; docs/audit/ETP-UI-REDESIGN-ACCEPTANCE.md,"Source/control mapping and offscreen composition checked; these result columns reserve full interactive/installed acceptance, which is unverified. See acceptance record for scoped local passes."
control:005,Readiness,DashboardView,,dashboard,Dashboard,Overview,Today Overview,DashboardView,1,ACTIVE,,Retained focused control or documented replacement,Readiness,Focused control or labelled subordinate tab/action,Bounded content; visible primary task action,IMPLEMENTED,UNVERIFIED,UNVERIFIED,UNVERIFIED,UNVERIFIED,UNVERIFIED,UNVERIFIED,artifacts/ui-redesign/20260912-sprint/matrix-r19; artifacts/ui-redesign/20260912-sprint/control-reconciliation.json; artifacts/ui-redesign/20260912-sprint/controls-r3; docs/audit/ETP-UI-REDESIGN-ACCEPTANCE.md,"Source/control mapping and offscreen composition checked; these result columns reserve full interactive/installed acceptance, which is unverified. See acceptance record for scoped local passes."
control:006,Reports,DashboardView,,dashboard,Dashboard,Overview,Today Overview,DashboardView,1,ACTIVE,,Retained focused control or documented replacement,Reports,Focused control or labelled subordinate tab/action,Bounded content; visible primary task action,IMPLEMENTED,UNVERIFIED,UNVERIFIED,UNVERIFIED,UNVERIFIED,UNVERIFIED,UNVERIFIED,artifacts/ui-redesign/20260912-sprint/matrix-r19; artifacts/ui-redesign/20260912-sprint/control-reconciliation.json; artifacts/ui-redesign/20260912-sprint/controls-r3; docs/audit/ETP-UI-REDESIGN-ACCEPTANCE.md,"Source/control mapping and offscreen composition checked; these result columns reserve full interactive/installed acceptance, which is unverified. See acceptance record for scoped local passes."
control:007,Archive,DashboardView,,dashboard,Dashboard,Overview,Today Overview,DashboardView,1,ACTIVE,,Retained focused control or documented replacement,Archive,Focused control or labelled subordinate tab/action,Bounded content; visible primary task action,IMPLEMENTED,UNVERIFIED,UNVERIFIED,UNVERIFIED,UNVERIFIED,UNVERIFIED,UNVERIFIED,artifacts/ui-redesign/20260912-sprint/matrix-r19; artifacts/ui-redesign/20260912-sprint/control-reconciliation.json; artifacts/ui-redesign/20260912-sprint/controls-r3; docs/audit/ETP-UI-REDESIGN-ACCEPTANCE.md,"Source/control mapping and offscreen composition checked; these result columns reserve full interactive/installed acceptance, which is unverified. See acceptance record for scoped local passes."
control:008,Continue daily workflow,DashboardView,,dashboard,Dashboard,Overview,Today Overview,DashboardView,1,ACTIVE,,Retained focused control or documented replacement,Continue daily workflow,Focused control or labelled subordinate tab/action,Bounded content; visible primary task action,IMPLEMENTED,UNVERIFIED,UNVERIFIED,UNVERIFIED,UNVERIFIED,UNVERIFIED,UNVERIFIED,artifacts/ui-redesign/20260912-sprint/matrix-r19; artifacts/ui-redesign/20260912-sprint/control-reconciliation.json; artifacts/ui-redesign/20260912-sprint/controls-r3; docs/audit/ETP-UI-REDESIGN-ACCEPTANCE.md,"Source/control mapping and offscreen composition checked; these result columns reserve full interactive/installed acceptance, which is unverified. See acceptance record for scoped local passes."
control:009,Open health and recovery,DashboardView,,dashboard,Dashboard,Overview,Today Overview,DashboardView,1,ACTIVE,,Retained focused control or documented replacement,Open health and recovery,Focused control or labelled subordinate tab/action,Bounded content; visible primary task action,IMPLEMENTED,UNVERIFIED,UNVERIFIED,UNVERIFIED,UNVERIFIED,UNVERIFIED,UNVERIFIED,artifacts/ui-redesign/20260912-sprint/matrix-r19; artifacts/ui-redesign/20260912-sprint/control-reconciliation.json; artifacts/ui-redesign/20260912-sprint/controls-r3; docs/audit/ETP-UI-REDESIGN-ACCEPTANCE.md,"Source/control mapping and offscreen composition checked; these result columns reserve full interactive/installed acceptance, which is unverified. See acceptance record for scoped local passes."
control:010,Windows-integrated SQL Server connection string,SettingsWorkspaceView,,connection,Settings,Database & Recovery,Database Connection,SettingsWorkspaceView,3,ACTIVE,,Retained focused control or documented replacement,Windows-integrated SQL Server connection string,Focused control or labelled subordinate tab/action,Bounded content; visible primary task action,IMPLEMENTED,UNVERIFIED,UNVERIFIED,UNVERIFIED,UNVERIFIED,UNVERIFIED,UNVERIFIED,artifacts/ui-redesign/20260912-sprint/matrix-r19; artifacts/ui-redesign/20260912-sprint/control-reconciliation.json; artifacts/ui-redesign/20260912-sprint/controls-r3; docs/audit/ETP-UI-REDESIGN-ACCEPTANCE.md,"Source/control mapping and offscreen composition checked; these result columns reserve full interactive/installed acceptance, which is unverified. See acceptance record for scoped local passes. Settings sidebar defect reported 2026-09-13; reproduction and repair pending VM access and screen capture (ETP-UI-REDESIGN-ACCEPTANCE-RESUME-2026-09-13.md)."
control:011,Test Windows-integrated database connection,SettingsWorkspaceView,,connection,Settings,Database & Recovery,Database Connection,SettingsWorkspaceView,3,ACTIVE,,Retained focused control or documented replacement,Test Windows-integrated database connection,Focused control or labelled subordinate tab/action,Bounded content; visible primary task action,IMPLEMENTED,UNVERIFIED,UNVERIFIED,UNVERIFIED,UNVERIFIED,UNVERIFIED,UNVERIFIED,artifacts/ui-redesign/20260912-sprint/matrix-r19; artifacts/ui-redesign/20260912-sprint/control-reconciliation.json; artifacts/ui-redesign/20260912-sprint/controls-r3; docs/audit/ETP-UI-REDESIGN-ACCEPTANCE.md,"Source/control mapping and offscreen composition checked; these result columns reserve full interactive/installed acceptance, which is unverified. See acceptance record for scoped local passes. Settings sidebar defect reported 2026-09-13; reproduction and repair pending VM access and screen capture (ETP-UI-REDESIGN-ACCEPTANCE-RESUME-2026-09-13.md)."
control:012,Create or update the ETP database,SettingsWorkspaceView,,connection,Settings,Database & Recovery,Database Connection,SettingsWorkspaceView,3,ACTIVE,,Retained focused control or documented replacement,Create or update the ETP database,Focused control or labelled subordinate tab/action,Bounded content; visible primary task action,IMPLEMENTED,UNVERIFIED,UNVERIFIED,UNVERIFIED,UNVERIFIED,UNVERIFIED,UNVERIFIED,artifacts/ui-redesign/20260912-sprint/matrix-r19; artifacts/ui-redesign/20260912-sprint/control-reconciliation.json; artifacts/ui-redesign/20260912-sprint/controls-r3; docs/audit/ETP-UI-REDESIGN-ACCEPTANCE.md,"Source/control mapping and offscreen composition checked; these result columns reserve full interactive/installed acceptance, which is unverified. See acceptance record for scoped local passes. Settings sidebar defect reported 2026-09-13; reproduction and repair pending VM access and screen capture (ETP-UI-REDESIGN-ACCEPTANCE-RESUME-2026-09-13.md)."
control:013,Document repository path,SettingsWorkspaceView,,sharing,Settings,Integrations,Email & Sharing,SettingsWorkspaceView,3,ACTIVE,,Retained focused control or documented replacement,Document repository path,Focused control or labelled subordinate tab/action,Bounded content; visible primary task action,IMPLEMENTED,UNVERIFIED,UNVERIFIED,UNVERIFIED,UNVERIFIED,UNVERIFIED,UNVERIFIED,artifacts/ui-redesign/20260912-sprint/matrix-r19; artifacts/ui-redesign/20260912-sprint/control-reconciliation.json; artifacts/ui-redesign/20260912-sprint/controls-r3; docs/audit/ETP-UI-REDESIGN-ACCEPTANCE.md,"Source/control mapping and offscreen composition checked; these result columns reserve full interactive/installed acceptance, which is unverified. See acceptance record for scoped local passes. Settings sidebar defect reported 2026-09-13; reproduction and repair pending VM access and screen capture (ETP-UI-REDESIGN-ACCEPTANCE-RESUME-2026-09-13.md)."
control:014,Report share folder path,SettingsWorkspaceView,,sharing,Settings,Integrations,Email & Sharing,SettingsWorkspaceView,3,ACTIVE,,Retained focused control or documented replacement,Report share folder path,Focused control or labelled subordinate tab/action,Bounded content; visible primary task action,IMPLEMENTED,UNVERIFIED,UNVERIFIED,UNVERIFIED,UNVERIFIED,UNVERIFIED,UNVERIFIED,artifacts/ui-redesign/20260912-sprint/matrix-r19; artifacts/ui-redesign/20260912-sprint/control-reconciliation.json; artifacts/ui-redesign/20260912-sprint/controls-r3; docs/audit/ETP-UI-REDESIGN-ACCEPTANCE.md,"Source/control mapping and offscreen composition checked; these result columns reserve full interactive/installed acceptance, which is unverified. See acceptance record for scoped local passes. Settings sidebar defect reported 2026-09-13; reproduction and repair pending VM access and screen capture (ETP-UI-REDESIGN-ACCEPTANCE-RESUME-2026-09-13.md)."
control:015,Optional PaddleOCR helper path,SettingsWorkspaceView,,ocr,Settings,Integrations,OCR,SettingsWorkspaceView,3,ACTIVE,,Retained focused control or documented replacement,Optional PaddleOCR helper path,Focused control or labelled subordinate tab/action,Bounded content; visible primary task action,IMPLEMENTED,UNVERIFIED,UNVERIFIED,UNVERIFIED,UNVERIFIED,UNVERIFIED,UNVERIFIED,artifacts/ui-redesign/20260912-sprint/matrix-r19; artifacts/ui-redesign/20260912-sprint/control-reconciliation.json; artifacts/ui-redesign/20260912-sprint/controls-r3; docs/audit/ETP-UI-REDESIGN-ACCEPTANCE.md,"Source/control mapping and offscreen composition checked; these result columns reserve full interactive/installed acceptance, which is unverified. See acceptance record for scoped local passes. Settings sidebar defect reported 2026-09-13; reproduction and repair pending VM access and screen capture (ETP-UI-REDESIGN-ACCEPTANCE-RESUME-2026-09-13.md)."
control:016,Optional PaddleOCR model folder,SettingsWorkspaceView,,ocr,Settings,Integrations,OCR,SettingsWorkspaceView,3,ACTIVE,,Retained focused control or documented replacement,Optional PaddleOCR model folder,Focused control or labelled subordinate tab/action,Bounded content; visible primary task action,IMPLEMENTED,UNVERIFIED,UNVERIFIED,UNVERIFIED,UNVERIFIED,UNVERIFIED,UNVERIFIED,artifacts/ui-redesign/20260912-sprint/matrix-r19; artifacts/ui-redesign/20260912-sprint/control-reconciliation.json; artifacts/ui-redesign/20260912-sprint/controls-r3; docs/audit/ETP-UI-REDESIGN-ACCEPTANCE.md,"Source/control mapping and offscreen composition checked; these result columns reserve full interactive/installed acceptance, which is unverified. See acceptance record for scoped local passes. Settings sidebar defect reported 2026-09-13; reproduction and repair pending VM access and screen capture (ETP-UI-REDESIGN-ACCEPTANCE-RESUME-2026-09-13.md)."
control:017,Optional SMTP host metadata,SettingsWorkspaceView,,sharing,Settings,Integrations,Email & Sharing,SettingsWorkspaceView,3,ACTIVE,,Retained focused control or documented replacement,Optional SMTP host metadata,Focused control or labelled subordinate tab/action,Bounded content; visible primary task action,IMPLEMENTED,UNVERIFIED,UNVERIFIED,UNVERIFIED,UNVERIFIED,UNVERIFIED,UNVERIFIED,artifacts/ui-redesign/20260912-sprint/matrix-r19; artifacts/ui-redesign/20260912-sprint/control-reconciliation.json; artifacts/ui-redesign/20260912-sprint/controls-r3; docs/audit/ETP-UI-REDESIGN-ACCEPTANCE.md,"Source/control mapping and offscreen composition checked; these result columns reserve full interactive/installed acceptance, which is unverified. See acceptance record for scoped local passes. Settings sidebar defect reported 2026-09-13; reproduction and repair pending VM access and screen capture (ETP-UI-REDESIGN-ACCEPTANCE-RESUME-2026-09-13.md)."
control:018,SMTP port,SettingsWorkspaceView,,sharing,Settings,Integrations,Email & Sharing,SettingsWorkspaceView,3,ACTIVE,,Retained focused control or documented replacement,SMTP port,Focused control or labelled subordinate tab/action,Bounded content; visible primary task action,IMPLEMENTED,UNVERIFIED,UNVERIFIED,UNVERIFIED,UNVERIFIED,UNVERIFIED,UNVERIFIED,artifacts/ui-redesign/20260912-sprint/matrix-r19; artifacts/ui-redesign/20260912-sprint/control-reconciliation.json; artifacts/ui-redesign/20260912-sprint/controls-r3; docs/audit/ETP-UI-REDESIGN-ACCEPTANCE.md,"Source/control mapping and offscreen composition checked; these result columns reserve full interactive/installed acceptance, which is unverified. See acceptance record for scoped local passes. Settings sidebar defect reported 2026-09-13; reproduction and repair pending VM access and screen capture (ETP-UI-REDESIGN-ACCEPTANCE-RESUME-2026-09-13.md)."
control:019,SMTP from address,SettingsWorkspaceView,,sharing,Settings,Integrations,Email & Sharing,SettingsWorkspaceView,3,ACTIVE,,Retained focused control or documented replacement,SMTP from address,Focused control or labelled subordinate tab/action,Bounded content; visible primary task action,IMPLEMENTED,UNVERIFIED,UNVERIFIED,UNVERIFIED,UNVERIFIED,UNVERIFIED,UNVERIFIED,artifacts/ui-redesign/20260912-sprint/matrix-r19; artifacts/ui-redesign/20260912-sprint/control-reconciliation.json; artifacts/ui-redesign/20260912-sprint/controls-r3; docs/audit/ETP-UI-REDESIGN-ACCEPTANCE.md,"Source/control mapping and offscreen composition checked; these result columns reserve full interactive/installed acceptance, which is unverified. See acceptance record for scoped local passes. Settings sidebar defect reported 2026-09-13; reproduction and repair pending VM access and screen capture (ETP-UI-REDESIGN-ACCEPTANCE-RESUME-2026-09-13.md)."
control:020,Maximum attachment size in megabytes,SettingsWorkspaceView,,sharing,Settings,Integrations,Email & Sharing,SettingsWorkspaceView,3,ACTIVE,,Retained focused control or documented replacement,Maximum attachment size in megabytes,Focused control or labelled subordinate tab/action,Bounded content; visible primary task action,IMPLEMENTED,UNVERIFIED,UNVERIFIED,UNVERIFIED,UNVERIFIED,UNVERIFIED,UNVERIFIED,artifacts/ui-redesign/20260912-sprint/matrix-r19; artifacts/ui-redesign/20260912-sprint/control-reconciliation.json; artifacts/ui-redesign/20260912-sprint/controls-r3; docs/audit/ETP-UI-REDESIGN-ACCEPTANCE.md,"Source/control mapping and offscreen composition checked; these result columns reserve full interactive/installed acceptance, which is unverified. See acceptance record for scoped local passes. Settings sidebar defect reported 2026-09-13; reproduction and repair pending VM access and screen capture (ETP-UI-REDESIGN-ACCEPTANCE-RESUME-2026-09-13.md)."
control:021,Owner product-settings change reason,SettingsWorkspaceView,,ocr,Settings,Integrations,OCR,SettingsWorkspaceView,3,ACTIVE,,Retained focused control or documented replacement,Owner product-settings change reason,Focused control or labelled subordinate tab/action,Bounded content; visible primary task action,IMPLEMENTED,UNVERIFIED,UNVERIFIED,UNVERIFIED,UNVERIFIED,UNVERIFIED,UNVERIFIED,artifacts/ui-redesign/20260912-sprint/matrix-r19; artifacts/ui-redesign/20260912-sprint/control-reconciliation.json; artifacts/ui-redesign/20260912-sprint/controls-r3; docs/audit/ETP-UI-REDESIGN-ACCEPTANCE.md,"Source/control mapping and offscreen composition checked; these result columns reserve full interactive/installed acceptance, which is unverified. See acceptance record for scoped local passes. Settings sidebar defect reported 2026-09-13; reproduction and repair pending VM access and screen capture (ETP-UI-REDESIGN-ACCEPTANCE-RESUME-2026-09-13.md)."
control:022,Save product integrations,SettingsWorkspaceView,,ocr,Settings,Integrations,OCR,SettingsWorkspaceView,3,ACTIVE,,Retained focused control or documented replacement,Save product integrations,Focused control or labelled subordinate tab/action,Bounded content; visible primary task action,IMPLEMENTED,UNVERIFIED,UNVERIFIED,UNVERIFIED,UNVERIFIED,UNVERIFIED,UNVERIFIED,artifacts/ui-redesign/20260912-sprint/matrix-r19; artifacts/ui-redesign/20260912-sprint/control-reconciliation.json; artifacts/ui-redesign/20260912-sprint/controls-r3; docs/audit/ETP-UI-REDESIGN-ACCEPTANCE.md,"Source/control mapping and offscreen composition checked; these result columns reserve full interactive/installed acceptance, which is unverified. See acceptance record for scoped local passes. Settings sidebar defect reported 2026-09-13; reproduction and repair pending VM access and screen capture (ETP-UI-REDESIGN-ACCEPTANCE-RESUME-2026-09-13.md)."
control:023,Archive store,ArchiveWorkspaceView,,historical-packs,Reports,Report Packs,Historical Packs,ArchiveWorkspaceView,1,ACTIVE,,Retained focused control or documented replacement,Archive store,Focused control or labelled subordinate tab/action,Bounded content; visible primary task action,IMPLEMENTED,UNVERIFIED,UNVERIFIED,UNVERIFIED,UNVERIFIED,UNVERIFIED,UNVERIFIED,artifacts/ui-redesign/20260912-sprint/matrix-r19; artifacts/ui-redesign/20260912-sprint/control-reconciliation.json; artifacts/ui-redesign/20260912-sprint/controls-r3; docs/audit/ETP-UI-REDESIGN-ACCEPTANCE.md,"Source/control mapping and offscreen composition checked; these result columns reserve full interactive/installed acceptance, which is unverified. See acceptance record for scoped local passes."
control:024,Archive business date,ArchiveWorkspaceView,,historical-packs,Reports,Report Packs,Historical Packs,ArchiveWorkspaceView,1,ACTIVE,,Retained focused control or documented replacement,Archive business date,Focused control or labelled subordinate tab/action,Bounded content; visible primary task action,IMPLEMENTED,UNVERIFIED,UNVERIFIED,UNVERIFIED,UNVERIFIED,UNVERIFIED,UNVERIFIED,artifacts/ui-redesign/20260912-sprint/matrix-r19; artifacts/ui-redesign/20260912-sprint/control-reconciliation.json; artifacts/ui-redesign/20260912-sprint/controls-r3; docs/audit/ETP-UI-REDESIGN-ACCEPTANCE.md,"Source/control mapping and offscreen composition checked; these result columns reserve full interactive/installed acceptance, which is unverified. See acceptance record for scoped local passes."
control:025,Search all archive dates,ArchiveWorkspaceView,,historical-packs,Reports,Report Packs,Historical Packs,ArchiveWorkspaceView,1,ACTIVE,,Retained focused control or documented replacement,Search all archive dates,Focused control or labelled subordinate tab/action,Bounded content; visible primary task action,IMPLEMENTED,UNVERIFIED,UNVERIFIED,UNVERIFIED,UNVERIFIED,UNVERIFIED,UNVERIFIED,artifacts/ui-redesign/20260912-sprint/matrix-r19; artifacts/ui-redesign/20260912-sprint/control-reconciliation.json; artifacts/ui-redesign/20260912-sprint/controls-r3; docs/audit/ETP-UI-REDESIGN-ACCEPTANCE.md,"Source/control mapping and offscreen composition checked; these result columns reserve full interactive/installed acceptance, which is unverified. See acceptance record for scoped local passes."
control:026,Refresh report archive,ArchiveWorkspaceView,,historical-packs,Reports,Report Packs,Historical Packs,ArchiveWorkspaceView,1,ACTIVE,,Retained focused control or documented replacement,Refresh report archive,Focused control or labelled subordinate tab/action,Bounded content; visible primary task action,IMPLEMENTED,UNVERIFIED,UNVERIFIED,UNVERIFIED,UNVERIFIED,UNVERIFIED,UNVERIFIED,artifacts/ui-redesign/20260912-sprint/matrix-r19; artifacts/ui-redesign/20260912-sprint/control-reconciliation.json; artifacts/ui-redesign/20260912-sprint/controls-r3; docs/audit/ETP-UI-REDESIGN-ACCEPTANCE.md,"Source/control mapping and offscreen composition checked; these result columns reserve full interactive/installed acceptance, which is unverified. See acceptance record for scoped local passes."
control:027,Archived report generations,ArchiveWorkspaceView,,historical-packs,Reports,Report Packs,Historical Packs,ArchiveWorkspaceView,1,ACTIVE,,Retained focused control or documented replacement,Archived report generations,Focused control or labelled subordinate tab/action,Bounded content; visible primary task action,IMPLEMENTED,UNVERIFIED,UNVERIFIED,UNVERIFIED,UNVERIFIED,UNVERIFIED,UNVERIFIED,artifacts/ui-redesign/20260912-sprint/matrix-r19; artifacts/ui-redesign/20260912-sprint/control-reconciliation.json; artifacts/ui-redesign/20260912-sprint/controls-r3; docs/audit/ETP-UI-REDESIGN-ACCEPTANCE.md,"Source/control mapping and offscreen composition checked; these result columns reserve full interactive/installed acceptance, which is unverified. See acceptance record for scoped local passes."
control:028,Open selected generation,ArchiveWorkspaceView,,historical-packs,Reports,Report Packs,Historical Packs,ArchiveWorkspaceView,1,ACTIVE,,Retained focused control or documented replacement,Open selected generation,Focused control or labelled subordinate tab/action,Bounded content; visible primary task action,IMPLEMENTED,UNVERIFIED,UNVERIFIED,UNVERIFIED,UNVERIFIED,UNVERIFIED,UNVERIFIED,artifacts/ui-redesign/20260912-sprint/matrix-r19; artifacts/ui-redesign/20260912-sprint/control-reconciliation.json; artifacts/ui-redesign/20260912-sprint/controls-r3; docs/audit/ETP-UI-REDESIGN-ACCEPTANCE.md,"Source/control mapping and offscreen composition checked; these result columns reserve full interactive/installed acceptance, which is unverified. See acceptance record for scoped local passes."
control:029,Compare two selected,ArchiveWorkspaceView,,compare,Archive,Generations,Compare Generations,ArchiveWorkspaceView,1,ACTIVE,,Retained focused control or documented replacement,Compare two selected,Focused control or labelled subordinate tab/action,Bounded content; visible primary task action,IMPLEMENTED,UNVERIFIED,UNVERIFIED,UNVERIFIED,UNVERIFIED,UNVERIFIED,UNVERIFIED,artifacts/ui-redesign/20260912-sprint/matrix-r19; artifacts/ui-redesign/20260912-sprint/control-reconciliation.json; artifacts/ui-redesign/20260912-sprint/controls-r3; docs/audit/ETP-UI-REDESIGN-ACCEPTANCE.md,"Source/control mapping and offscreen composition checked; these result columns reserve full interactive/installed acceptance, which is unverified. See acceptance record for scoped local passes."
control:030,Export archived Excel…,ArchiveWorkspaceView,,final-packs,Archive,Archive,Finalised Packs,ArchiveWorkspaceView,1,ACTIVE,,Retained focused control or documented replacement,Export archived Excel…,Focused control or labelled subordinate tab/action,Bounded content; visible primary task action,IMPLEMENTED,UNVERIFIED,UNVERIFIED,UNVERIFIED,UNVERIFIED,UNVERIFIED,UNVERIFIED,artifacts/ui-redesign/20260912-sprint/matrix-r19; artifacts/ui-redesign/20260912-sprint/control-reconciliation.json; artifacts/ui-redesign/20260912-sprint/controls-r3; docs/audit/ETP-UI-REDESIGN-ACCEPTANCE.md,"Source/control mapping and offscreen composition checked; these result columns reserve full interactive/installed acceptance, which is unverified. See acceptance record for scoped local passes."
control:031,Export archived PDF…,ArchiveWorkspaceView,,final-packs,Archive,Archive,Finalised Packs,ArchiveWorkspaceView,1,ACTIVE,,Retained focused control or documented replacement,Export archived PDF…,Focused control or labelled subordinate tab/action,Bounded content; visible primary task action,IMPLEMENTED,UNVERIFIED,UNVERIFIED,UNVERIFIED,UNVERIFIED,UNVERIFIED,UNVERIFIED,artifacts/ui-redesign/20260912-sprint/matrix-r19; artifacts/ui-redesign/20260912-sprint/control-reconciliation.json; artifacts/ui-redesign/20260912-sprint/controls-r3; docs/audit/ETP-UI-REDESIGN-ACCEPTANCE.md,"Source/control mapping and offscreen composition checked; these result columns reserve full interactive/installed acceptance, which is unverified. See acceptance record for scoped local passes."
control:032,Export ZIP…,ArchiveWorkspaceView,,final-packs,Archive,Archive,Finalised Packs,ArchiveWorkspaceView,1,ACTIVE,,Retained focused control or documented replacement,Export ZIP…,Focused control or labelled subordinate tab/action,Bounded content; visible primary task action,IMPLEMENTED,UNVERIFIED,UNVERIFIED,UNVERIFIED,UNVERIFIED,UNVERIFIED,UNVERIFIED,artifacts/ui-redesign/20260912-sprint/matrix-r19; artifacts/ui-redesign/20260912-sprint/control-reconciliation.json; artifacts/ui-redesign/20260912-sprint/controls-r3; docs/audit/ETP-UI-REDESIGN-ACCEPTANCE.md,"Source/control mapping and offscreen composition checked; these result columns reserve full interactive/installed acceptance, which is unverified. See acceptance record for scoped local passes."
control:033,WhatsApp,ArchiveWorkspaceView,,shared,Archive,Archive,Shared Reports,ArchiveWorkspaceView,1,ACTIVE,,Retained focused control or documented replacement,WhatsApp,Focused control or labelled subordinate tab/action,Bounded content; visible primary task action,IMPLEMENTED,UNVERIFIED,UNVERIFIED,UNVERIFIED,UNVERIFIED,UNVERIFIED,UNVERIFIED,artifacts/ui-redesign/20260912-sprint/matrix-r19; artifacts/ui-redesign/20260912-sprint/control-reconciliation.json; artifacts/ui-redesign/20260912-sprint/controls-r3; docs/audit/ETP-UI-REDESIGN-ACCEPTANCE.md,"Source/control mapping and offscreen composition checked; these result columns reserve full interactive/installed acceptance, which is unverified. See acceptance record for scoped local passes."
control:034,Email draft,ArchiveWorkspaceView,,shared,Archive,Archive,Shared Reports,ArchiveWorkspaceView,1,ACTIVE,,Retained focused control or documented replacement,Email draft,Focused control or labelled subordinate tab/action,Bounded content; visible primary task action,IMPLEMENTED,UNVERIFIED,UNVERIFIED,UNVERIFIED,UNVERIFIED,UNVERIFIED,UNVERIFIED,artifacts/ui-redesign/20260912-sprint/matrix-r19; artifacts/ui-redesign/20260912-sprint/control-reconciliation.json; artifacts/ui-redesign/20260912-sprint/controls-r3; docs/audit/ETP-UI-REDESIGN-ACCEPTANCE.md,"Source/control mapping and offscreen composition checked; these result columns reserve full interactive/installed acceptance, which is unverified. See acceptance record for scoped local passes."
control:035,WhatsApp phone,ArchiveWorkspaceView,,shared,Archive,Archive,Shared Reports,ArchiveWorkspaceView,1,ACTIVE,,Retained focused control or documented replacement,WhatsApp phone,Focused control or labelled subordinate tab/action,Bounded content; visible primary task action,IMPLEMENTED,UNVERIFIED,UNVERIFIED,UNVERIFIED,UNVERIFIED,UNVERIFIED,UNVERIFIED,artifacts/ui-redesign/20260912-sprint/matrix-r19; artifacts/ui-redesign/20260912-sprint/control-reconciliation.json; artifacts/ui-redesign/20260912-sprint/controls-r3; docs/audit/ETP-UI-REDESIGN-ACCEPTANCE.md,"Source/control mapping and offscreen composition checked; these result columns reserve full interactive/installed acceptance, which is unverified. See acceptance record for scoped local passes."
control:036,Email recipient,ArchiveWorkspaceView,,shared,Archive,Archive,Shared Reports,ArchiveWorkspaceView,1,ACTIVE,,Retained focused control or documented replacement,Email recipient,Focused control or labelled subordinate tab/action,Bounded content; visible primary task action,IMPLEMENTED,UNVERIFIED,UNVERIFIED,UNVERIFIED,UNVERIFIED,UNVERIFIED,UNVERIFIED,artifacts/ui-redesign/20260912-sprint/matrix-r19; artifacts/ui-redesign/20260912-sprint/control-reconciliation.json; artifacts/ui-redesign/20260912-sprint/controls-r3; docs/audit/ETP-UI-REDESIGN-ACCEPTANCE.md,"Source/control mapping and offscreen composition checked; these result columns reserve full interactive/installed acceptance, which is unverified. See acceptance record for scoped local passes."
control:037,Email CC,ArchiveWorkspaceView,,shared,Archive,Archive,Shared Reports,ArchiveWorkspaceView,1,ACTIVE,,Retained focused control or documented replacement,Email CC,Focused control or labelled subordinate tab/action,Bounded content; visible primary task action,IMPLEMENTED,UNVERIFIED,UNVERIFIED,UNVERIFIED,UNVERIFIED,UNVERIFIED,UNVERIFIED,artifacts/ui-redesign/20260912-sprint/matrix-r19; artifacts/ui-redesign/20260912-sprint/control-reconciliation.json; artifacts/ui-redesign/20260912-sprint/controls-r3; docs/audit/ETP-UI-REDESIGN-ACCEPTANCE.md,"Source/control mapping and offscreen composition checked; these result columns reserve full interactive/installed acceptance, which is unverified. See acceptance record for scoped local passes."
control:038,Sharing contacts,ArchiveWorkspaceView,,sharing-contacts,Settings,Integrations,Sharing Contacts,ArchiveWorkspaceView,3,ACTIVE,,Retained focused control or documented replacement,Sharing contacts,Focused control or labelled subordinate tab/action,Bounded content; visible primary task action,IMPLEMENTED,UNVERIFIED,UNVERIFIED,UNVERIFIED,UNVERIFIED,UNVERIFIED,UNVERIFIED,artifacts/ui-redesign/20260912-sprint/matrix-r19; artifacts/ui-redesign/20260912-sprint/control-reconciliation.json; artifacts/ui-redesign/20260912-sprint/controls-r3; docs/audit/ETP-UI-REDESIGN-ACCEPTANCE.md,"Source/control mapping and offscreen composition checked; these result columns reserve full interactive/installed acceptance, which is unverified. See acceptance record for scoped local passes. Settings sidebar defect reported 2026-09-13; reproduction and repair pending VM access and screen capture (ETP-UI-REDESIGN-ACCEPTANCE-RESUME-2026-09-13.md)."
control:039,Sharing contact name,ArchiveWorkspaceView,,sharing-contacts,Settings,Integrations,Sharing Contacts,ArchiveWorkspaceView,3,ACTIVE,,Retained focused control or documented replacement,Sharing contact name,Focused control or labelled subordinate tab/action,Bounded content; visible primary task action,IMPLEMENTED,UNVERIFIED,UNVERIFIED,UNVERIFIED,UNVERIFIED,UNVERIFIED,UNVERIFIED,artifacts/ui-redesign/20260912-sprint/matrix-r19; artifacts/ui-redesign/20260912-sprint/control-reconciliation.json; artifacts/ui-redesign/20260912-sprint/controls-r3; docs/audit/ETP-UI-REDESIGN-ACCEPTANCE.md,"Source/control mapping and offscreen composition checked; these result columns reserve full interactive/installed acceptance, which is unverified. See acceptance record for scoped local passes. Settings sidebar defect reported 2026-09-13; reproduction and repair pending VM access and screen capture (ETP-UI-REDESIGN-ACCEPTANCE-RESUME-2026-09-13.md)."
control:040,Sharing contact role,ArchiveWorkspaceView,,sharing-contacts,Settings,Integrations,Sharing Contacts,ArchiveWorkspaceView,3,ACTIVE,,Retained focused control or documented replacement,Sharing contact role,Focused control or labelled subordinate tab/action,Bounded content; visible primary task action,IMPLEMENTED,UNVERIFIED,UNVERIFIED,UNVERIFIED,UNVERIFIED,UNVERIFIED,UNVERIFIED,artifacts/ui-redesign/20260912-sprint/matrix-r19; artifacts/ui-redesign/20260912-sprint/control-reconciliation.json; artifacts/ui-redesign/20260912-sprint/controls-r3; docs/audit/ETP-UI-REDESIGN-ACCEPTANCE.md,"Source/control mapping and offscreen composition checked; these result columns reserve full interactive/installed acceptance, which is unverified. See acceptance record for scoped local passes. Settings sidebar defect reported 2026-09-13; reproduction and repair pending VM access and screen capture (ETP-UI-REDESIGN-ACCEPTANCE-RESUME-2026-09-13.md)."
control:041,Sharing contact email,ArchiveWorkspaceView,,sharing-contacts,Settings,Integrations,Sharing Contacts,ArchiveWorkspaceView,3,ACTIVE,,Retained focused control or documented replacement,Sharing contact email,Focused control or labelled subordinate tab/action,Bounded content; visible primary task action,IMPLEMENTED,UNVERIFIED,UNVERIFIED,UNVERIFIED,UNVERIFIED,UNVERIFIED,UNVERIFIED,artifacts/ui-redesign/20260912-sprint/matrix-r19; artifacts/ui-redesign/20260912-sprint/control-reconciliation.json; artifacts/ui-redesign/20260912-sprint/controls-r3; docs/audit/ETP-UI-REDESIGN-ACCEPTANCE.md,"Source/control mapping and offscreen composition checked; these result columns reserve full interactive/installed acceptance, which is unverified. See acceptance record for scoped local passes. Settings sidebar defect reported 2026-09-13; reproduction and repair pending VM access and screen capture (ETP-UI-REDESIGN-ACCEPTANCE-RESUME-2026-09-13.md)."
control:042,Sharing contact phone,ArchiveWorkspaceView,,sharing-contacts,Settings,Integrations,Sharing Contacts,ArchiveWorkspaceView,3,ACTIVE,,Retained focused control or documented replacement,Sharing contact phone,Focused control or labelled subordinate tab/action,Bounded content; visible primary task action,IMPLEMENTED,UNVERIFIED,UNVERIFIED,UNVERIFIED,UNVERIFIED,UNVERIFIED,UNVERIFIED,artifacts/ui-redesign/20260912-sprint/matrix-r19; artifacts/ui-redesign/20260912-sprint/control-reconciliation.json; artifacts/ui-redesign/20260912-sprint/controls-r3; docs/audit/ETP-UI-REDESIGN-ACCEPTANCE.md,"Source/control mapping and offscreen composition checked; these result columns reserve full interactive/installed acceptance, which is unverified. See acceptance record for scoped local passes. Settings sidebar defect reported 2026-09-13; reproduction and repair pending VM access and screen capture (ETP-UI-REDESIGN-ACCEPTANCE-RESUME-2026-09-13.md)."
control:043,Default report subscriptions,ArchiveWorkspaceView,,sharing-contacts,Settings,Integrations,Sharing Contacts,ArchiveWorkspaceView,3,ACTIVE,,Retained focused control or documented replacement,Default report subscriptions,Focused control or labelled subordinate tab/action,Bounded content; visible primary task action,IMPLEMENTED,UNVERIFIED,UNVERIFIED,UNVERIFIED,UNVERIFIED,UNVERIFIED,UNVERIFIED,artifacts/ui-redesign/20260912-sprint/matrix-r19; artifacts/ui-redesign/20260912-sprint/control-reconciliation.json; artifacts/ui-redesign/20260912-sprint/controls-r3; docs/audit/ETP-UI-REDESIGN-ACCEPTANCE.md,"Source/control mapping and offscreen composition checked; these result columns reserve full interactive/installed acceptance, which is unverified. See acceptance record for scoped local passes. Settings sidebar defect reported 2026-09-13; reproduction and repair pending VM access and screen capture (ETP-UI-REDESIGN-ACCEPTANCE-RESUME-2026-09-13.md)."
control:044,Sharing contact active,ArchiveWorkspaceView,,sharing-contacts,Settings,Integrations,Sharing Contacts,ArchiveWorkspaceView,3,ACTIVE,,Retained focused control or documented replacement,Sharing contact active,Focused control or labelled subordinate tab/action,Bounded content; visible primary task action,IMPLEMENTED,UNVERIFIED,UNVERIFIED,UNVERIFIED,UNVERIFIED,UNVERIFIED,UNVERIFIED,artifacts/ui-redesign/20260912-sprint/matrix-r19; artifacts/ui-redesign/20260912-sprint/control-reconciliation.json; artifacts/ui-redesign/20260912-sprint/controls-r3; docs/audit/ETP-UI-REDESIGN-ACCEPTANCE.md,"Source/control mapping and offscreen composition checked; these result columns reserve full interactive/installed acceptance, which is unverified. See acceptance record for scoped local passes. Settings sidebar defect reported 2026-09-13; reproduction and repair pending VM access and screen capture (ETP-UI-REDESIGN-ACCEPTANCE-RESUME-2026-09-13.md)."
control:045,Sharing contact change reason,ArchiveWorkspaceView,,sharing-contacts,Settings,Integrations,Sharing Contacts,ArchiveWorkspaceView,3,ACTIVE,,Retained focused control or documented replacement,Sharing contact change reason,Focused control or labelled subordinate tab/action,Bounded content; visible primary task action,IMPLEMENTED,UNVERIFIED,UNVERIFIED,UNVERIFIED,UNVERIFIED,UNVERIFIED,UNVERIFIED,artifacts/ui-redesign/20260912-sprint/matrix-r19; artifacts/ui-redesign/20260912-sprint/control-reconciliation.json; artifacts/ui-redesign/20260912-sprint/controls-r3; docs/audit/ETP-UI-REDESIGN-ACCEPTANCE.md,"Source/control mapping and offscreen composition checked; these result columns reserve full interactive/installed acceptance, which is unverified. See acceptance record for scoped local passes. Settings sidebar defect reported 2026-09-13; reproduction and repair pending VM access and screen capture (ETP-UI-REDESIGN-ACCEPTANCE-RESUME-2026-09-13.md)."
control:046,Save sharing contact,ArchiveWorkspaceView,,sharing-contacts,Settings,Integrations,Sharing Contacts,ArchiveWorkspaceView,3,ACTIVE,,Retained focused control or documented replacement,Save sharing contact,Focused control or labelled subordinate tab/action,Bounded content; visible primary task action,IMPLEMENTED,UNVERIFIED,UNVERIFIED,UNVERIFIED,UNVERIFIED,UNVERIFIED,UNVERIFIED,artifacts/ui-redesign/20260912-sprint/matrix-r19; artifacts/ui-redesign/20260912-sprint/control-reconciliation.json; artifacts/ui-redesign/20260912-sprint/controls-r3; docs/audit/ETP-UI-REDESIGN-ACCEPTANCE.md,"Source/control mapping and offscreen composition checked; these result columns reserve full interactive/installed acceptance, which is unverified. See acceptance record for scoped local passes. Settings sidebar defect reported 2026-09-13; reproduction and repair pending VM access and screen capture (ETP-UI-REDESIGN-ACCEPTANCE-RESUME-2026-09-13.md)."
control:047,Archive detail or comparison,ArchiveWorkspaceView,,historical-packs,Reports,Report Packs,Historical Packs,ArchiveWorkspaceView,1,ACTIVE,,Retained focused control or documented replacement,Archive detail or comparison,Focused control or labelled subordinate tab/action,Bounded content; visible primary task action,IMPLEMENTED,UNVERIFIED,UNVERIFIED,UNVERIFIED,UNVERIFIED,UNVERIFIED,UNVERIFIED,artifacts/ui-redesign/20260912-sprint/matrix-r19; artifacts/ui-redesign/20260912-sprint/control-reconciliation.json; artifacts/ui-redesign/20260912-sprint/controls-r3; docs/audit/ETP-UI-REDESIGN-ACCEPTANCE.md,"Source/control mapping and offscreen composition checked; these result columns reserve full interactive/installed acceptance, which is unverified. See acceptance record for scoped local passes."
control:048,Refresh,RegistersWorkspaceView,,register-inward,Registers,Registers,Inward Register,RegistersWorkspaceView,2,ACTIVE,,Retained focused control or documented replacement,Refresh,Focused control or labelled subordinate tab/action,Bounded content; visible primary task action,IMPLEMENTED,UNVERIFIED,UNVERIFIED,UNVERIFIED,UNVERIFIED,UNVERIFIED,UNVERIFIED,artifacts/ui-redesign/20260912-sprint/matrix-r19; artifacts/ui-redesign/20260912-sprint/control-reconciliation.json; artifacts/ui-redesign/20260912-sprint/controls-r3; docs/audit/ETP-UI-REDESIGN-ACCEPTANCE.md,"Source/control mapping and offscreen composition checked; these result columns reserve full interactive/installed acceptance, which is unverified. See acceptance record for scoped local passes."
control:049,Register search,RegistersWorkspaceView,,register-inward,Registers,Registers,Inward Register,RegistersWorkspaceView,2,ACTIVE,,Retained focused control or documented replacement,Register search,Focused control or labelled subordinate tab/action,Bounded content; visible primary task action,IMPLEMENTED,UNVERIFIED,UNVERIFIED,UNVERIFIED,UNVERIFIED,UNVERIFIED,UNVERIFIED,artifacts/ui-redesign/20260912-sprint/matrix-r19; artifacts/ui-redesign/20260912-sprint/control-reconciliation.json; artifacts/ui-redesign/20260912-sprint/controls-r3; docs/audit/ETP-UI-REDESIGN-ACCEPTANCE.md,"Source/control mapping and offscreen composition checked; these result columns reserve full interactive/installed acceptance, which is unverified. See acceptance record for scoped local passes."
control:050,Search,RegistersWorkspaceView,,register-inward,Registers,Registers,Inward Register,RegistersWorkspaceView,2,ACTIVE,,Retained focused control or documented replacement,Search,Focused control or labelled subordinate tab/action,Bounded content; visible primary task action,IMPLEMENTED,UNVERIFIED,UNVERIFIED,UNVERIFIED,UNVERIFIED,UNVERIFIED,UNVERIFIED,artifacts/ui-redesign/20260912-sprint/matrix-r19; artifacts/ui-redesign/20260912-sprint/control-reconciliation.json; artifacts/ui-redesign/20260912-sprint/controls-r3; docs/audit/ETP-UI-REDESIGN-ACCEPTANCE.md,"Source/control mapping and offscreen composition checked; these result columns reserve full interactive/installed acceptance, which is unverified. See acceptance record for scoped local passes."
control:051,Digital register entries,RegistersWorkspaceView,,register-inward,Registers,Registers,Inward Register,RegistersWorkspaceView,2,ACTIVE,,Retained focused control or documented replacement,Digital register entries,Focused control or labelled subordinate tab/action,Bounded content; visible primary task action,IMPLEMENTED,UNVERIFIED,UNVERIFIED,UNVERIFIED,UNVERIFIED,UNVERIFIED,UNVERIFIED,artifacts/ui-redesign/20260912-sprint/matrix-r19; artifacts/ui-redesign/20260912-sprint/control-reconciliation.json; artifacts/ui-redesign/20260912-sprint/controls-r3; docs/audit/ETP-UI-REDESIGN-ACCEPTANCE.md,"Source/control mapping and offscreen composition checked; these result columns reserve full interactive/installed acceptance, which is unverified. See acceptance record for scoped local passes."
control:052,Register type,RegistersWorkspaceView,,register-inward,Registers,Registers,Inward Register,RegistersWorkspaceView,2,ACTIVE,,Retained focused control or documented replacement,Register type,Focused control or labelled subordinate tab/action,Bounded content; visible primary task action,IMPLEMENTED,UNVERIFIED,UNVERIFIED,UNVERIFIED,UNVERIFIED,UNVERIFIED,UNVERIFIED,artifacts/ui-redesign/20260912-sprint/matrix-r19; artifacts/ui-redesign/20260912-sprint/control-reconciliation.json; artifacts/ui-redesign/20260912-sprint/controls-r3; docs/audit/ETP-UI-REDESIGN-ACCEPTANCE.md,"Source/control mapping and offscreen composition checked; these result columns reserve full interactive/installed acceptance, which is unverified. See acceptance record for scoped local passes."
control:053,Register store code,RegistersWorkspaceView,,register-inward,Registers,Registers,Inward Register,RegistersWorkspaceView,2,ACTIVE,,Retained focused control or documented replacement,Register store code,Focused control or labelled subordinate tab/action,Bounded content; visible primary task action,IMPLEMENTED,UNVERIFIED,UNVERIFIED,UNVERIFIED,UNVERIFIED,UNVERIFIED,UNVERIFIED,artifacts/ui-redesign/20260912-sprint/matrix-r19; artifacts/ui-redesign/20260912-sprint/control-reconciliation.json; artifacts/ui-redesign/20260912-sprint/controls-r3; docs/audit/ETP-UI-REDESIGN-ACCEPTANCE.md,"Source/control mapping and offscreen composition checked; these result columns reserve full interactive/installed acceptance, which is unverified. See acceptance record for scoped local passes."
control:054,Register business date,RegistersWorkspaceView,,register-inward,Registers,Registers,Inward Register,RegistersWorkspaceView,2,ACTIVE,,Retained focused control or documented replacement,Register business date,Focused control or labelled subordinate tab/action,Bounded content; visible primary task action,IMPLEMENTED,UNVERIFIED,UNVERIFIED,UNVERIFIED,UNVERIFIED,UNVERIFIED,UNVERIFIED,artifacts/ui-redesign/20260912-sprint/matrix-r19; artifacts/ui-redesign/20260912-sprint/control-reconciliation.json; artifacts/ui-redesign/20260912-sprint/controls-r3; docs/audit/ETP-UI-REDESIGN-ACCEPTANCE.md,"Source/control mapping and offscreen composition checked; these result columns reserve full interactive/installed acceptance, which is unverified. See acceptance record for scoped local passes."
control:055,Register document number,RegistersWorkspaceView,,register-inward,Registers,Registers,Inward Register,RegistersWorkspaceView,2,ACTIVE,,Retained focused control or documented replacement,Register document number,Focused control or labelled subordinate tab/action,Bounded content; visible primary task action,IMPLEMENTED,UNVERIFIED,UNVERIFIED,UNVERIFIED,UNVERIFIED,UNVERIFIED,UNVERIFIED,artifacts/ui-redesign/20260912-sprint/matrix-r19; artifacts/ui-redesign/20260912-sprint/control-reconciliation.json; artifacts/ui-redesign/20260912-sprint/controls-r3; docs/audit/ETP-UI-REDESIGN-ACCEPTANCE.md,"Source/control mapping and offscreen composition checked; these result columns reserve full interactive/installed acceptance, which is unverified. See acceptance record for scoped local passes."
control:056,Register counterparty,RegistersWorkspaceView,,register-inward,Registers,Registers,Inward Register,RegistersWorkspaceView,2,ACTIVE,,Retained focused control or documented replacement,Register counterparty,Focused control or labelled subordinate tab/action,Bounded content; visible primary task action,IMPLEMENTED,UNVERIFIED,UNVERIFIED,UNVERIFIED,UNVERIFIED,UNVERIFIED,UNVERIFIED,artifacts/ui-redesign/20260912-sprint/matrix-r19; artifacts/ui-redesign/20260912-sprint/control-reconciliation.json; artifacts/ui-redesign/20260912-sprint/controls-r3; docs/audit/ETP-UI-REDESIGN-ACCEPTANCE.md,"Source/control mapping and offscreen composition checked; these result columns reserve full interactive/installed acceptance, which is unverified. See acceptance record for scoped local passes."
control:057,Register quantity,RegistersWorkspaceView,,register-inward,Registers,Registers,Inward Register,RegistersWorkspaceView,2,ACTIVE,,Retained focused control or documented replacement,Register quantity,Focused control or labelled subordinate tab/action,Bounded content; visible primary task action,IMPLEMENTED,UNVERIFIED,UNVERIFIED,UNVERIFIED,UNVERIFIED,UNVERIFIED,UNVERIFIED,artifacts/ui-redesign/20260912-sprint/matrix-r19; artifacts/ui-redesign/20260912-sprint/control-reconciliation.json; artifacts/ui-redesign/20260912-sprint/controls-r3; docs/audit/ETP-UI-REDESIGN-ACCEPTANCE.md,"Source/control mapping and offscreen composition checked; these result columns reserve full interactive/installed acceptance, which is unverified. See acceptance record for scoped local passes."
control:058,Register amount,RegistersWorkspaceView,,register-inward,Registers,Registers,Inward Register,RegistersWorkspaceView,2,ACTIVE,,Retained focused control or documented replacement,Register amount,Focused control or labelled subordinate tab/action,Bounded content; visible primary task action,IMPLEMENTED,UNVERIFIED,UNVERIFIED,UNVERIFIED,UNVERIFIED,UNVERIFIED,UNVERIFIED,artifacts/ui-redesign/20260912-sprint/matrix-r19; artifacts/ui-redesign/20260912-sprint/control-reconciliation.json; artifacts/ui-redesign/20260912-sprint/controls-r3; docs/audit/ETP-UI-REDESIGN-ACCEPTANCE.md,"Source/control mapping and offscreen composition checked; these result columns reserve full interactive/installed acceptance, which is unverified. See acceptance record for scoped local passes."
control:059,Register reference,RegistersWorkspaceView,,register-inward,Registers,Registers,Inward Register,RegistersWorkspaceView,2,ACTIVE,,Retained focused control or documented replacement,Register reference,Focused control or labelled subordinate tab/action,Bounded content; visible primary task action,IMPLEMENTED,UNVERIFIED,UNVERIFIED,UNVERIFIED,UNVERIFIED,UNVERIFIED,UNVERIFIED,artifacts/ui-redesign/20260912-sprint/matrix-r19; artifacts/ui-redesign/20260912-sprint/control-reconciliation.json; artifacts/ui-redesign/20260912-sprint/controls-r3; docs/audit/ETP-UI-REDESIGN-ACCEPTANCE.md,"Source/control mapping and offscreen composition checked; these result columns reserve full interactive/installed acceptance, which is unverified. See acceptance record for scoped local passes."
control:060,Register remarks,RegistersWorkspaceView,,register-inward,Registers,Registers,Inward Register,RegistersWorkspaceView,2,ACTIVE,,Retained focused control or documented replacement,Register remarks,Focused control or labelled subordinate tab/action,Bounded content; visible primary task action,IMPLEMENTED,UNVERIFIED,UNVERIFIED,UNVERIFIED,UNVERIFIED,UNVERIFIED,UNVERIFIED,artifacts/ui-redesign/20260912-sprint/matrix-r19; artifacts/ui-redesign/20260912-sprint/control-reconciliation.json; artifacts/ui-redesign/20260912-sprint/controls-r3; docs/audit/ETP-UI-REDESIGN-ACCEPTANCE.md,"Source/control mapping and offscreen composition checked; these result columns reserve full interactive/installed acceptance, which is unverified. See acceptance record for scoped local passes."
control:061,Register change reason,RegistersWorkspaceView,,register-inward,Registers,Registers,Inward Register,RegistersWorkspaceView,2,ACTIVE,,Retained focused control or documented replacement,Register change reason,Focused control or labelled subordinate tab/action,Bounded content; visible primary task action,IMPLEMENTED,UNVERIFIED,UNVERIFIED,UNVERIFIED,UNVERIFIED,UNVERIFIED,UNVERIFIED,artifacts/ui-redesign/20260912-sprint/matrix-r19; artifacts/ui-redesign/20260912-sprint/control-reconciliation.json; artifacts/ui-redesign/20260912-sprint/controls-r3; docs/audit/ETP-UI-REDESIGN-ACCEPTANCE.md,"Source/control mapping and offscreen composition checked; these result columns reserve full interactive/installed acceptance, which is unverified. See acceptance record for scoped local passes."
control:062,Save draft,RegistersWorkspaceView,,register-inward,Registers,Registers,Inward Register,RegistersWorkspaceView,2,ACTIVE,,Retained focused control or documented replacement,Save draft,Focused control or labelled subordinate tab/action,Bounded content; visible primary task action,IMPLEMENTED,UNVERIFIED,UNVERIFIED,UNVERIFIED,UNVERIFIED,UNVERIFIED,UNVERIFIED,artifacts/ui-redesign/20260912-sprint/matrix-r19; artifacts/ui-redesign/20260912-sprint/control-reconciliation.json; artifacts/ui-redesign/20260912-sprint/controls-r3; docs/audit/ETP-UI-REDESIGN-ACCEPTANCE.md,"Source/control mapping and offscreen composition checked; these result columns reserve full interactive/installed acceptance, which is unverified. See acceptance record for scoped local passes."
control:063,Daily workflow business date,DailyWorkflowWorkspaceView,,walk-ins,Dashboard,Daily Close,Walk-ins,DailyWorkflowWorkspaceView,2,ACTIVE,,Retained focused control or documented replacement,Daily workflow business date,Focused control or labelled subordinate tab/action,Bounded content; visible primary task action,IMPLEMENTED,UNVERIFIED,UNVERIFIED,UNVERIFIED,UNVERIFIED,UNVERIFIED,UNVERIFIED,artifacts/ui-redesign/20260912-sprint/matrix-r19; artifacts/ui-redesign/20260912-sprint/control-reconciliation.json; artifacts/ui-redesign/20260912-sprint/controls-r3; docs/audit/ETP-UI-REDESIGN-ACCEPTANCE.md,"Source/control mapping and offscreen composition checked; these result columns reserve full interactive/installed acceptance, which is unverified. See acceptance record for scoped local passes."
control:064,Daily workflow store,DailyWorkflowWorkspaceView,,walk-ins,Dashboard,Daily Close,Walk-ins,DailyWorkflowWorkspaceView,2,ACTIVE,,Retained focused control or documented replacement,Daily workflow store,Focused control or labelled subordinate tab/action,Bounded content; visible primary task action,IMPLEMENTED,UNVERIFIED,UNVERIFIED,UNVERIFIED,UNVERIFIED,UNVERIFIED,UNVERIFIED,artifacts/ui-redesign/20260912-sprint/matrix-r19; artifacts/ui-redesign/20260912-sprint/control-reconciliation.json; artifacts/ui-redesign/20260912-sprint/controls-r3; docs/audit/ETP-UI-REDESIGN-ACCEPTANCE.md,"Source/control mapping and offscreen composition checked; these result columns reserve full interactive/installed acceptance, which is unverified. See acceptance record for scoped local passes."
control:065,Refresh daily workflow,DailyWorkflowWorkspaceView,,walk-ins,Dashboard,Daily Close,Walk-ins,DailyWorkflowWorkspaceView,2,ACTIVE,,Retained focused control or documented replacement,Refresh daily workflow,Focused control or labelled subordinate tab/action,Bounded content; visible primary task action,IMPLEMENTED,UNVERIFIED,UNVERIFIED,UNVERIFIED,UNVERIFIED,UNVERIFIED,UNVERIFIED,artifacts/ui-redesign/20260912-sprint/matrix-r19; artifacts/ui-redesign/20260912-sprint/control-reconciliation.json; artifacts/ui-redesign/20260912-sprint/controls-r3; docs/audit/ETP-UI-REDESIGN-ACCEPTANCE.md,"Source/control mapping and offscreen composition checked; these result columns reserve full interactive/installed acceptance, which is unverified. See acceptance record for scoped local passes."
control:066,Daily manual operational inputs,DailyWorkflowWorkspaceView,,walk-ins,Dashboard,Daily Close,Walk-ins,DailyWorkflowWorkspaceView,2,ACTIVE,,Retained focused control or documented replacement,Daily manual operational inputs,Focused control or labelled subordinate tab/action,Bounded content; visible primary task action,IMPLEMENTED,UNVERIFIED,UNVERIFIED,UNVERIFIED,UNVERIFIED,UNVERIFIED,UNVERIFIED,artifacts/ui-redesign/20260912-sprint/matrix-r19; artifacts/ui-redesign/20260912-sprint/control-reconciliation.json; artifacts/ui-redesign/20260912-sprint/controls-r3; docs/audit/ETP-UI-REDESIGN-ACCEPTANCE.md,"Source/control mapping and offscreen composition checked; these result columns reserve full interactive/installed acceptance, which is unverified. See acceptance record for scoped local passes."
control:067,Manual input field,DailyWorkflowWorkspaceView,,walk-ins,Dashboard,Daily Close,Walk-ins,DailyWorkflowWorkspaceView,2,ACTIVE,,Retained focused control or documented replacement,Manual input field,Focused control or labelled subordinate tab/action,Bounded content; visible primary task action,IMPLEMENTED,UNVERIFIED,UNVERIFIED,UNVERIFIED,UNVERIFIED,UNVERIFIED,UNVERIFIED,artifacts/ui-redesign/20260912-sprint/matrix-r19; artifacts/ui-redesign/20260912-sprint/control-reconciliation.json; artifacts/ui-redesign/20260912-sprint/controls-r3; docs/audit/ETP-UI-REDESIGN-ACCEPTANCE.md,"Source/control mapping and offscreen composition checked; these result columns reserve full interactive/installed acceptance, which is unverified. See acceptance record for scoped local passes."
control:068,Manual input value,DailyWorkflowWorkspaceView,,walk-ins,Dashboard,Daily Close,Walk-ins,DailyWorkflowWorkspaceView,2,ACTIVE,,Retained focused control or documented replacement,Manual input value,Focused control or labelled subordinate tab/action,Bounded content; visible primary task action,IMPLEMENTED,UNVERIFIED,UNVERIFIED,UNVERIFIED,UNVERIFIED,UNVERIFIED,UNVERIFIED,artifacts/ui-redesign/20260912-sprint/matrix-r19; artifacts/ui-redesign/20260912-sprint/control-reconciliation.json; artifacts/ui-redesign/20260912-sprint/controls-r3; docs/audit/ETP-UI-REDESIGN-ACCEPTANCE.md,"Source/control mapping and offscreen composition checked; these result columns reserve full interactive/installed acceptance, which is unverified. See acceptance record for scoped local passes."
control:069,Manual input change reason,DailyWorkflowWorkspaceView,,walk-ins,Dashboard,Daily Close,Walk-ins,DailyWorkflowWorkspaceView,2,ACTIVE,,Retained focused control or documented replacement,Manual input change reason,Focused control or labelled subordinate tab/action,Bounded content; visible primary task action,IMPLEMENTED,UNVERIFIED,UNVERIFIED,UNVERIFIED,UNVERIFIED,UNVERIFIED,UNVERIFIED,artifacts/ui-redesign/20260912-sprint/matrix-r19; artifacts/ui-redesign/20260912-sprint/control-reconciliation.json; artifacts/ui-redesign/20260912-sprint/controls-r3; docs/audit/ETP-UI-REDESIGN-ACCEPTANCE.md,"Source/control mapping and offscreen composition checked; these result columns reserve full interactive/installed acceptance, which is unverified. See acceptance record for scoped local passes."
control:070,Save manual input,DailyWorkflowWorkspaceView,,walk-ins,Dashboard,Daily Close,Walk-ins,DailyWorkflowWorkspaceView,2,ACTIVE,,Retained focused control or documented replacement,Save manual input,Focused control or labelled subordinate tab/action,Bounded content; visible primary task action,IMPLEMENTED,UNVERIFIED,UNVERIFIED,UNVERIFIED,UNVERIFIED,UNVERIFIED,UNVERIFIED,artifacts/ui-redesign/20260912-sprint/matrix-r19; artifacts/ui-redesign/20260912-sprint/control-reconciliation.json; artifacts/ui-redesign/20260912-sprint/controls-r3; docs/audit/ETP-UI-REDESIGN-ACCEPTANCE.md,"Source/control mapping and offscreen composition checked; these result columns reserve full interactive/installed acceptance, which is unverified. See acceptance record for scoped local passes."
control:071,Physical stock counts by inventory group,DailyWorkflowWorkspaceView,,stock-count,Dashboard,Daily Close,Stock Counts,DailyWorkflowWorkspaceView,2,ACTIVE,,Retained focused control or documented replacement,Physical stock counts by inventory group,Focused control or labelled subordinate tab/action,Bounded content; visible primary task action,IMPLEMENTED,UNVERIFIED,UNVERIFIED,UNVERIFIED,UNVERIFIED,UNVERIFIED,UNVERIFIED,artifacts/ui-redesign/20260912-sprint/matrix-r19; artifacts/ui-redesign/20260912-sprint/control-reconciliation.json; artifacts/ui-redesign/20260912-sprint/controls-r3; docs/audit/ETP-UI-REDESIGN-ACCEPTANCE.md,"Source/control mapping and offscreen composition checked; these result columns reserve full interactive/installed acceptance, which is unverified. See acceptance record for scoped local passes."
control:072,Inventory group code,DailyWorkflowWorkspaceView,,stock-count,Dashboard,Daily Close,Stock Counts,DailyWorkflowWorkspaceView,2,ACTIVE,,Retained focused control or documented replacement,Inventory group code,Focused control or labelled subordinate tab/action,Bounded content; visible primary task action,IMPLEMENTED,UNVERIFIED,UNVERIFIED,UNVERIFIED,UNVERIFIED,UNVERIFIED,UNVERIFIED,artifacts/ui-redesign/20260912-sprint/matrix-r19; artifacts/ui-redesign/20260912-sprint/control-reconciliation.json; artifacts/ui-redesign/20260912-sprint/controls-r3; docs/audit/ETP-UI-REDESIGN-ACCEPTANCE.md,"Source/control mapping and offscreen composition checked; these result columns reserve full interactive/installed acceptance, which is unverified. See acceptance record for scoped local passes."
control:073,Display quantity,DailyWorkflowWorkspaceView,,stock-count,Dashboard,Daily Close,Stock Counts,DailyWorkflowWorkspaceView,2,ACTIVE,,Retained focused control or documented replacement,Display quantity,Focused control or labelled subordinate tab/action,Bounded content; visible primary task action,IMPLEMENTED,UNVERIFIED,UNVERIFIED,UNVERIFIED,UNVERIFIED,UNVERIFIED,UNVERIFIED,artifacts/ui-redesign/20260912-sprint/matrix-r19; artifacts/ui-redesign/20260912-sprint/control-reconciliation.json; artifacts/ui-redesign/20260912-sprint/controls-r3; docs/audit/ETP-UI-REDESIGN-ACCEPTANCE.md,"Source/control mapping and offscreen composition checked; these result columns reserve full interactive/installed acceptance, which is unverified. See acceptance record for scoped local passes."
control:074,Backstock quantity,DailyWorkflowWorkspaceView,,stock-count,Dashboard,Daily Close,Stock Counts,DailyWorkflowWorkspaceView,2,ACTIVE,,Retained focused control or documented replacement,Backstock quantity,Focused control or labelled subordinate tab/action,Bounded content; visible primary task action,IMPLEMENTED,UNVERIFIED,UNVERIFIED,UNVERIFIED,UNVERIFIED,UNVERIFIED,UNVERIFIED,artifacts/ui-redesign/20260912-sprint/matrix-r19; artifacts/ui-redesign/20260912-sprint/control-reconciliation.json; artifacts/ui-redesign/20260912-sprint/controls-r3; docs/audit/ETP-UI-REDESIGN-ACCEPTANCE.md,"Source/control mapping and offscreen composition checked; these result columns reserve full interactive/installed acceptance, which is unverified. See acceptance record for scoped local passes."
control:075,Defective quantity,DailyWorkflowWorkspaceView,,stock-count,Dashboard,Daily Close,Stock Counts,DailyWorkflowWorkspaceView,2,ACTIVE,,Retained focused control or documented replacement,Defective quantity,Focused control or labelled subordinate tab/action,Bounded content; visible primary task action,IMPLEMENTED,UNVERIFIED,UNVERIFIED,UNVERIFIED,UNVERIFIED,UNVERIFIED,UNVERIFIED,artifacts/ui-redesign/20260912-sprint/matrix-r19; artifacts/ui-redesign/20260912-sprint/control-reconciliation.json; artifacts/ui-redesign/20260912-sprint/controls-r3; docs/audit/ETP-UI-REDESIGN-ACCEPTANCE.md,"Source/control mapping and offscreen composition checked; these result columns reserve full interactive/installed acceptance, which is unverified. See acceptance record for scoped local passes."
control:076,Y location quantity,DailyWorkflowWorkspaceView,,stock-count,Dashboard,Daily Close,Stock Counts,DailyWorkflowWorkspaceView,2,ACTIVE,,Retained focused control or documented replacement,Y location quantity,Focused control or labelled subordinate tab/action,Bounded content; visible primary task action,IMPLEMENTED,UNVERIFIED,UNVERIFIED,UNVERIFIED,UNVERIFIED,UNVERIFIED,UNVERIFIED,artifacts/ui-redesign/20260912-sprint/matrix-r19; artifacts/ui-redesign/20260912-sprint/control-reconciliation.json; artifacts/ui-redesign/20260912-sprint/controls-r3; docs/audit/ETP-UI-REDESIGN-ACCEPTANCE.md,"Source/control mapping and offscreen composition checked; these result columns reserve full interactive/installed acceptance, which is unverified. See acceptance record for scoped local passes."
control:077,Counted physical quantity,DailyWorkflowWorkspaceView,,stock-count,Dashboard,Daily Close,Stock Counts,DailyWorkflowWorkspaceView,2,ACTIVE,,Retained focused control or documented replacement,Counted physical quantity,Focused control or labelled subordinate tab/action,Bounded content; visible primary task action,IMPLEMENTED,UNVERIFIED,UNVERIFIED,UNVERIFIED,UNVERIFIED,UNVERIFIED,UNVERIFIED,artifacts/ui-redesign/20260912-sprint/matrix-r19; artifacts/ui-redesign/20260912-sprint/control-reconciliation.json; artifacts/ui-redesign/20260912-sprint/controls-r3; docs/audit/ETP-UI-REDESIGN-ACCEPTANCE.md,"Source/control mapping and offscreen composition checked; these result columns reserve full interactive/installed acceptance, which is unverified. See acceptance record for scoped local passes."
control:078,Stock remarks,DailyWorkflowWorkspaceView,,stock-count,Dashboard,Daily Close,Stock Counts,DailyWorkflowWorkspaceView,2,ACTIVE,,Retained focused control or documented replacement,Stock remarks,Focused control or labelled subordinate tab/action,Bounded content; visible primary task action,IMPLEMENTED,UNVERIFIED,UNVERIFIED,UNVERIFIED,UNVERIFIED,UNVERIFIED,UNVERIFIED,artifacts/ui-redesign/20260912-sprint/matrix-r19; artifacts/ui-redesign/20260912-sprint/control-reconciliation.json; artifacts/ui-redesign/20260912-sprint/controls-r3; docs/audit/ETP-UI-REDESIGN-ACCEPTANCE.md,"Source/control mapping and offscreen composition checked; these result columns reserve full interactive/installed acceptance, which is unverified. See acceptance record for scoped local passes."
control:079,Stock count change reason,DailyWorkflowWorkspaceView,,stock-count,Dashboard,Daily Close,Stock Counts,DailyWorkflowWorkspaceView,2,ACTIVE,,Retained focused control or documented replacement,Stock count change reason,Focused control or labelled subordinate tab/action,Bounded content; visible primary task action,IMPLEMENTED,UNVERIFIED,UNVERIFIED,UNVERIFIED,UNVERIFIED,UNVERIFIED,UNVERIFIED,artifacts/ui-redesign/20260912-sprint/matrix-r19; artifacts/ui-redesign/20260912-sprint/control-reconciliation.json; artifacts/ui-redesign/20260912-sprint/controls-r3; docs/audit/ETP-UI-REDESIGN-ACCEPTANCE.md,"Source/control mapping and offscreen composition checked; these result columns reserve full interactive/installed acceptance, which is unverified. See acceptance record for scoped local passes."
control:080,Save physical stock count,DailyWorkflowWorkspaceView,,stock-count,Dashboard,Daily Close,Stock Counts,DailyWorkflowWorkspaceView,2,ACTIVE,,Retained focused control or documented replacement,Save physical stock count,Focused control or labelled subordinate tab/action,Bounded content; visible primary task action,IMPLEMENTED,UNVERIFIED,UNVERIFIED,UNVERIFIED,UNVERIFIED,UNVERIFIED,UNVERIFIED,artifacts/ui-redesign/20260912-sprint/matrix-r19; artifacts/ui-redesign/20260912-sprint/control-reconciliation.json; artifacts/ui-redesign/20260912-sprint/controls-r3; docs/audit/ETP-UI-REDESIGN-ACCEPTANCE.md,"Source/control mapping and offscreen composition checked; these result columns reserve full interactive/installed acceptance, which is unverified. See acceptance record for scoped local passes."
control:081,Staff CRO number,DailyWorkflowWorkspaceView,,staff-target,Dashboard,Daily Close,Staff Targets,DailyWorkflowWorkspaceView,2,ACTIVE,,Retained focused control or documented replacement,Staff CRO number,Focused control or labelled subordinate tab/action,Bounded content; visible primary task action,IMPLEMENTED,UNVERIFIED,UNVERIFIED,UNVERIFIED,UNVERIFIED,UNVERIFIED,UNVERIFIED,artifacts/ui-redesign/20260912-sprint/matrix-r19; artifacts/ui-redesign/20260912-sprint/control-reconciliation.json; artifacts/ui-redesign/20260912-sprint/controls-r3; docs/audit/ETP-UI-REDESIGN-ACCEPTANCE.md,"Source/control mapping and offscreen composition checked; these result columns reserve full interactive/installed acceptance, which is unverified. See acceptance record for scoped local passes."
control:082,Staff target start date,DailyWorkflowWorkspaceView,,staff-target,Dashboard,Daily Close,Staff Targets,DailyWorkflowWorkspaceView,2,ACTIVE,,Retained focused control or documented replacement,Staff target start date,Focused control or labelled subordinate tab/action,Bounded content; visible primary task action,IMPLEMENTED,UNVERIFIED,UNVERIFIED,UNVERIFIED,UNVERIFIED,UNVERIFIED,UNVERIFIED,artifacts/ui-redesign/20260912-sprint/matrix-r19; artifacts/ui-redesign/20260912-sprint/control-reconciliation.json; artifacts/ui-redesign/20260912-sprint/controls-r3; docs/audit/ETP-UI-REDESIGN-ACCEPTANCE.md,"Source/control mapping and offscreen composition checked; these result columns reserve full interactive/installed acceptance, which is unverified. See acceptance record for scoped local passes."
control:083,Staff target end date,DailyWorkflowWorkspaceView,,staff-target,Dashboard,Daily Close,Staff Targets,DailyWorkflowWorkspaceView,2,ACTIVE,,Retained focused control or documented replacement,Staff target end date,Focused control or labelled subordinate tab/action,Bounded content; visible primary task action,IMPLEMENTED,UNVERIFIED,UNVERIFIED,UNVERIFIED,UNVERIFIED,UNVERIFIED,UNVERIFIED,artifacts/ui-redesign/20260912-sprint/matrix-r19; artifacts/ui-redesign/20260912-sprint/control-reconciliation.json; artifacts/ui-redesign/20260912-sprint/controls-r3; docs/audit/ETP-UI-REDESIGN-ACCEPTANCE.md,"Source/control mapping and offscreen composition checked; these result columns reserve full interactive/installed acceptance, which is unverified. See acceptance record for scoped local passes."
control:084,Staff target sales,DailyWorkflowWorkspaceView,,staff-target,Dashboard,Daily Close,Staff Targets,DailyWorkflowWorkspaceView,2,ACTIVE,,Retained focused control or documented replacement,Staff target sales,Focused control or labelled subordinate tab/action,Bounded content; visible primary task action,IMPLEMENTED,UNVERIFIED,UNVERIFIED,UNVERIFIED,UNVERIFIED,UNVERIFIED,UNVERIFIED,artifacts/ui-redesign/20260912-sprint/matrix-r19; artifacts/ui-redesign/20260912-sprint/control-reconciliation.json; artifacts/ui-redesign/20260912-sprint/controls-r3; docs/audit/ETP-UI-REDESIGN-ACCEPTANCE.md,"Source/control mapping and offscreen composition checked; these result columns reserve full interactive/installed acceptance, which is unverified. See acceptance record for scoped local passes."
control:085,Staff target change reason,DailyWorkflowWorkspaceView,,staff-target,Dashboard,Daily Close,Staff Targets,DailyWorkflowWorkspaceView,2,ACTIVE,,Retained focused control or documented replacement,Staff target change reason,Focused control or labelled subordinate tab/action,Bounded content; visible primary task action,IMPLEMENTED,UNVERIFIED,UNVERIFIED,UNVERIFIED,UNVERIFIED,UNVERIFIED,UNVERIFIED,artifacts/ui-redesign/20260912-sprint/matrix-r19; artifacts/ui-redesign/20260912-sprint/control-reconciliation.json; artifacts/ui-redesign/20260912-sprint/controls-r3; docs/audit/ETP-UI-REDESIGN-ACCEPTANCE.md,"Source/control mapping and offscreen composition checked; these result columns reserve full interactive/installed acceptance, which is unverified. See acceptance record for scoped local passes."
control:086,Save staff target,DailyWorkflowWorkspaceView,,staff-target,Dashboard,Daily Close,Staff Targets,DailyWorkflowWorkspaceView,2,ACTIVE,,Retained focused control or documented replacement,Save staff target,Focused control or labelled subordinate tab/action,Bounded content; visible primary task action,IMPLEMENTED,UNVERIFIED,UNVERIFIED,UNVERIFIED,UNVERIFIED,UNVERIFIED,UNVERIFIED,artifacts/ui-redesign/20260912-sprint/matrix-r19; artifacts/ui-redesign/20260912-sprint/control-reconciliation.json; artifacts/ui-redesign/20260912-sprint/controls-r3; docs/audit/ETP-UI-REDESIGN-ACCEPTANCE.md,"Source/control mapping and offscreen composition checked; these result columns reserve full interactive/installed acceptance, which is unverified. See acceptance record for scoped local passes."
control:087,Finalise business day,DailyWorkflowWorkspaceView,,finalisation,Dashboard,Daily Close,Finalisation Status,DailyWorkflowWorkspaceView,1,ACTIVE,,Retained focused control or documented replacement,Finalise business day,Focused control or labelled subordinate tab/action,Bounded content; visible primary task action,IMPLEMENTED,UNVERIFIED,UNVERIFIED,UNVERIFIED,UNVERIFIED,UNVERIFIED,UNVERIFIED,artifacts/ui-redesign/20260912-sprint/matrix-r19; artifacts/ui-redesign/20260912-sprint/control-reconciliation.json; artifacts/ui-redesign/20260912-sprint/controls-r3; docs/audit/ETP-UI-REDESIGN-ACCEPTANCE.md,"Source/control mapping and offscreen composition checked; these result columns reserve full interactive/installed acceptance, which is unverified. See acceptance record for scoped local passes."
control:088,Reopen reason,DailyWorkflowWorkspaceView,,finalisation,Dashboard,Daily Close,Finalisation Status,DailyWorkflowWorkspaceView,1,ACTIVE,,Retained focused control or documented replacement,Reopen reason,Focused control or labelled subordinate tab/action,Bounded content; visible primary task action,IMPLEMENTED,UNVERIFIED,UNVERIFIED,UNVERIFIED,UNVERIFIED,UNVERIFIED,UNVERIFIED,artifacts/ui-redesign/20260912-sprint/matrix-r19; artifacts/ui-redesign/20260912-sprint/control-reconciliation.json; artifacts/ui-redesign/20260912-sprint/controls-r3; docs/audit/ETP-UI-REDESIGN-ACCEPTANCE.md,"Source/control mapping and offscreen composition checked; these result columns reserve full interactive/installed acceptance, which is unverified. See acceptance record for scoped local passes."
control:089,Reopen finalised business day,DailyWorkflowWorkspaceView,,finalisation,Dashboard,Daily Close,Finalisation Status,DailyWorkflowWorkspaceView,1,ACTIVE,,Retained focused control or documented replacement,Reopen finalised business day,Focused control or labelled subordinate tab/action,Bounded content; visible primary task action,IMPLEMENTED,UNVERIFIED,UNVERIFIED,UNVERIFIED,UNVERIFIED,UNVERIFIED,UNVERIFIED,artifacts/ui-redesign/20260912-sprint/matrix-r19; artifacts/ui-redesign/20260912-sprint/control-reconciliation.json; artifacts/ui-redesign/20260912-sprint/controls-r3; docs/audit/ETP-UI-REDESIGN-ACCEPTANCE.md,"Source/control mapping and offscreen composition checked; these result columns reserve full interactive/installed acceptance, which is unverified. See acceptance record for scoped local passes."
control:090,Generate selected store daily reporting pack,DailyWorkflowWorkspaceView,,store-daily-pack,Reports,Report Packs,Store Daily Pack,DailyWorkflowWorkspaceView,1,ACTIVE,,Retained focused control or documented replacement,Generate selected store daily reporting pack,Focused control or labelled subordinate tab/action,Bounded content; visible primary task action,IMPLEMENTED,UNVERIFIED,UNVERIFIED,UNVERIFIED,UNVERIFIED,UNVERIFIED,UNVERIFIED,artifacts/ui-redesign/20260912-sprint/matrix-r19; artifacts/ui-redesign/20260912-sprint/control-reconciliation.json; artifacts/ui-redesign/20260912-sprint/controls-r3; docs/audit/ETP-UI-REDESIGN-ACCEPTANCE.md,"Source/control mapping and offscreen composition checked; these result columns reserve full interactive/installed acceptance, which is unverified. See acceptance record for scoped local passes."
control:091,Generate combined Titan and Helios daily reporting pack,DailyWorkflowWorkspaceView,,combined-pack,Reports,Report Packs,Combined Pack,DailyWorkflowWorkspaceView,1,ACTIVE,,Retained focused control or documented replacement,Generate combined Titan and Helios daily reporting pack,Focused control or labelled subordinate tab/action,Bounded content; visible primary task action,IMPLEMENTED,UNVERIFIED,UNVERIFIED,UNVERIFIED,UNVERIFIED,UNVERIFIED,UNVERIFIED,artifacts/ui-redesign/20260912-sprint/matrix-r19; artifacts/ui-redesign/20260912-sprint/control-reconciliation.json; artifacts/ui-redesign/20260912-sprint/controls-r3; docs/audit/ETP-UI-REDESIGN-ACCEPTANCE.md,"Source/control mapping and offscreen composition checked; these result columns reserve full interactive/installed acceptance, which is unverified. See acceptance record for scoped local passes."
control:092,Export complete report pack Excel,DailyWorkflowWorkspaceView,,store-daily-pack,Reports,Report Packs,Store Daily Pack,DailyWorkflowWorkspaceView,1,ACTIVE,,Retained focused control or documented replacement,Export complete report pack Excel,Focused control or labelled subordinate tab/action,Bounded content; visible primary task action,IMPLEMENTED,UNVERIFIED,UNVERIFIED,UNVERIFIED,UNVERIFIED,UNVERIFIED,UNVERIFIED,artifacts/ui-redesign/20260912-sprint/matrix-r19; artifacts/ui-redesign/20260912-sprint/control-reconciliation.json; artifacts/ui-redesign/20260912-sprint/controls-r3; docs/audit/ETP-UI-REDESIGN-ACCEPTANCE.md,"Source/control mapping and offscreen composition checked; these result columns reserve full interactive/installed acceptance, which is unverified. See acceptance record for scoped local passes."
control:093,Export complete report pack PDF,DailyWorkflowWorkspaceView,,store-daily-pack,Reports,Report Packs,Store Daily Pack,DailyWorkflowWorkspaceView,1,ACTIVE,,Retained focused control or documented replacement,Export complete report pack PDF,Focused control or labelled subordinate tab/action,Bounded content; visible primary task action,IMPLEMENTED,UNVERIFIED,UNVERIFIED,UNVERIFIED,UNVERIFIED,UNVERIFIED,UNVERIFIED,artifacts/ui-redesign/20260912-sprint/matrix-r19; artifacts/ui-redesign/20260912-sprint/control-reconciliation.json; artifacts/ui-redesign/20260912-sprint/controls-r3; docs/audit/ETP-UI-REDESIGN-ACCEPTANCE.md,"Source/control mapping and offscreen composition checked; these result columns reserve full interactive/installed acceptance, which is unverified. See acceptance record for scoped local passes."
control:094,Daily reporting pack status,DailyWorkflowWorkspaceView,,store-daily-pack,Reports,Report Packs,Store Daily Pack,DailyWorkflowWorkspaceView,1,ACTIVE,,Retained focused control or documented replacement,Daily reporting pack status,Focused control or labelled subordinate tab/action,Bounded content; visible primary task action,IMPLEMENTED,UNVERIFIED,UNVERIFIED,UNVERIFIED,UNVERIFIED,UNVERIFIED,UNVERIFIED,artifacts/ui-redesign/20260912-sprint/matrix-r19; artifacts/ui-redesign/20260912-sprint/control-reconciliation.json; artifacts/ui-redesign/20260912-sprint/controls-r3; docs/audit/ETP-UI-REDESIGN-ACCEPTANCE.md,"Source/control mapping and offscreen composition checked; these result columns reserve full interactive/installed acceptance, which is unverified. See acceptance record for scoped local passes."
control:095,Refresh Source Inbox,SourceInboxWorkspaceView,,source-inbox,Imports,Intake,Source Inbox,SourceInboxWorkspaceView,2,ACTIVE,,Retained focused control or documented replacement,Refresh Source Inbox,Focused control or labelled subordinate tab/action,Bounded content; visible primary task action,IMPLEMENTED,UNVERIFIED,UNVERIFIED,UNVERIFIED,UNVERIFIED,UNVERIFIED,UNVERIFIED,artifacts/ui-redesign/20260912-sprint/matrix-r19; artifacts/ui-redesign/20260912-sprint/control-reconciliation.json; artifacts/ui-redesign/20260912-sprint/controls-r3; docs/audit/ETP-UI-REDESIGN-ACCEPTANCE.md,"Source/control mapping and offscreen composition checked; these result columns reserve full interactive/installed acceptance, which is unverified. See acceptance record for scoped local passes."
control:096,Source Inbox status filter,SourceInboxWorkspaceView,,source-inbox,Imports,Intake,Source Inbox,SourceInboxWorkspaceView,2,ACTIVE,,Retained focused control or documented replacement,Source Inbox status filter,Focused control or labelled subordinate tab/action,Bounded content; visible primary task action,IMPLEMENTED,UNVERIFIED,UNVERIFIED,UNVERIFIED,UNVERIFIED,UNVERIFIED,UNVERIFIED,artifacts/ui-redesign/20260912-sprint/matrix-r19; artifacts/ui-redesign/20260912-sprint/control-reconciliation.json; artifacts/ui-redesign/20260912-sprint/controls-r3; docs/audit/ETP-UI-REDESIGN-ACCEPTANCE.md,"Source/control mapping and offscreen composition checked; these result columns reserve full interactive/installed acceptance, which is unverified. See acceptance record for scoped local passes."
control:097,Add PDF or image to Source Inbox,SourceInboxWorkspaceView,,source-inbox,Imports,Intake,Source Inbox,SourceInboxWorkspaceView,2,ACTIVE,,Retained focused control or documented replacement,Add PDF or image to Source Inbox,Focused control or labelled subordinate tab/action,Bounded content; visible primary task action,IMPLEMENTED,UNVERIFIED,UNVERIFIED,UNVERIFIED,UNVERIFIED,UNVERIFIED,UNVERIFIED,artifacts/ui-redesign/20260912-sprint/matrix-r19; artifacts/ui-redesign/20260912-sprint/control-reconciliation.json; artifacts/ui-redesign/20260912-sprint/controls-r3; docs/audit/ETP-UI-REDESIGN-ACCEPTANCE.md,"Source/control mapping and offscreen composition checked; these result columns reserve full interactive/installed acceptance, which is unverified. See acceptance record for scoped local passes."
control:098,Verify and open selected source document,SourceInboxWorkspaceView,,source-inbox,Imports,Intake,Source Inbox,SourceInboxWorkspaceView,2,ACTIVE,,Retained focused control or documented replacement,Verify and open selected source document,Focused control or labelled subordinate tab/action,Bounded content; visible primary task action,IMPLEMENTED,UNVERIFIED,UNVERIFIED,UNVERIFIED,UNVERIFIED,UNVERIFIED,UNVERIFIED,artifacts/ui-redesign/20260912-sprint/matrix-r19; artifacts/ui-redesign/20260912-sprint/control-reconciliation.json; artifacts/ui-redesign/20260912-sprint/controls-r3; docs/audit/ETP-UI-REDESIGN-ACCEPTANCE.md,"Source/control mapping and offscreen composition checked; these result columns reserve full interactive/installed acceptance, which is unverified. See acceptance record for scoped local passes."
control:099,Selected source document,SourceInboxWorkspaceView,,source-inbox,Imports,Intake,Source Inbox,SourceInboxWorkspaceView,2,ACTIVE,,Retained focused control or documented replacement,Selected source document,Focused control or labelled subordinate tab/action,Bounded content; visible primary task action,IMPLEMENTED,UNVERIFIED,UNVERIFIED,UNVERIFIED,UNVERIFIED,UNVERIFIED,UNVERIFIED,artifacts/ui-redesign/20260912-sprint/matrix-r19; artifacts/ui-redesign/20260912-sprint/control-reconciliation.json; artifacts/ui-redesign/20260912-sprint/controls-r3; docs/audit/ETP-UI-REDESIGN-ACCEPTANCE.md,"Source/control mapping and offscreen composition checked; these result columns reserve full interactive/installed acceptance, which is unverified. See acceptance record for scoped local passes."
control:100,Document store,SourceInboxWorkspaceView,,source-inbox,Imports,Intake,Source Inbox,SourceInboxWorkspaceView,2,ACTIVE,,Retained focused control or documented replacement,Document store,Focused control or labelled subordinate tab/action,Bounded content; visible primary task action,IMPLEMENTED,UNVERIFIED,UNVERIFIED,UNVERIFIED,UNVERIFIED,UNVERIFIED,UNVERIFIED,artifacts/ui-redesign/20260912-sprint/matrix-r19; artifacts/ui-redesign/20260912-sprint/control-reconciliation.json; artifacts/ui-redesign/20260912-sprint/controls-r3; docs/audit/ETP-UI-REDESIGN-ACCEPTANCE.md,"Source/control mapping and offscreen composition checked; these result columns reserve full interactive/installed acceptance, which is unverified. See acceptance record for scoped local passes."
control:101,Document business date,SourceInboxWorkspaceView,,source-inbox,Imports,Intake,Source Inbox,SourceInboxWorkspaceView,2,ACTIVE,,Retained focused control or documented replacement,Document business date,Focused control or labelled subordinate tab/action,Bounded content; visible primary task action,IMPLEMENTED,UNVERIFIED,UNVERIFIED,UNVERIFIED,UNVERIFIED,UNVERIFIED,UNVERIFIED,artifacts/ui-redesign/20260912-sprint/matrix-r19; artifacts/ui-redesign/20260912-sprint/control-reconciliation.json; artifacts/ui-redesign/20260912-sprint/controls-r3; docs/audit/ETP-UI-REDESIGN-ACCEPTANCE.md,"Source/control mapping and offscreen composition checked; these result columns reserve full interactive/installed acceptance, which is unverified. See acceptance record for scoped local passes."
control:102,Document type,SourceInboxWorkspaceView,,source-inbox,Imports,Intake,Source Inbox,SourceInboxWorkspaceView,2,ACTIVE,,Retained focused control or documented replacement,Document type,Focused control or labelled subordinate tab/action,Bounded content; visible primary task action,IMPLEMENTED,UNVERIFIED,UNVERIFIED,UNVERIFIED,UNVERIFIED,UNVERIFIED,UNVERIFIED,artifacts/ui-redesign/20260912-sprint/matrix-r19; artifacts/ui-redesign/20260912-sprint/control-reconciliation.json; artifacts/ui-redesign/20260912-sprint/controls-r3; docs/audit/ETP-UI-REDESIGN-ACCEPTANCE.md,"Source/control mapping and offscreen composition checked; these result columns reserve full interactive/installed acceptance, which is unverified. See acceptance record for scoped local passes."
control:103,Store document and extract text,SourceInboxWorkspaceView,,source-inbox,Imports,Intake,Source Inbox,SourceInboxWorkspaceView,2,ACTIVE,,Retained focused control or documented replacement,Store document and extract text,Focused control or labelled subordinate tab/action,Bounded content; visible primary task action,IMPLEMENTED,UNVERIFIED,UNVERIFIED,UNVERIFIED,UNVERIFIED,UNVERIFIED,UNVERIFIED,artifacts/ui-redesign/20260912-sprint/matrix-r19; artifacts/ui-redesign/20260912-sprint/control-reconciliation.json; artifacts/ui-redesign/20260912-sprint/controls-r3; docs/audit/ETP-UI-REDESIGN-ACCEPTANCE.md,"Source/control mapping and offscreen composition checked; these result columns reserve full interactive/installed acceptance, which is unverified. See acceptance record for scoped local passes."
control:104,Source Inbox documents,SourceInboxWorkspaceView,,source-inbox,Imports,Intake,Source Inbox,SourceInboxWorkspaceView,2,ACTIVE,,Retained focused control or documented replacement,Source Inbox documents,Focused control or labelled subordinate tab/action,Bounded content; visible primary task action,IMPLEMENTED,UNVERIFIED,UNVERIFIED,UNVERIFIED,UNVERIFIED,UNVERIFIED,UNVERIFIED,artifacts/ui-redesign/20260912-sprint/matrix-r19; artifacts/ui-redesign/20260912-sprint/control-reconciliation.json; artifacts/ui-redesign/20260912-sprint/controls-r3; docs/audit/ETP-UI-REDESIGN-ACCEPTANCE.md,"Source/control mapping and offscreen composition checked; these result columns reserve full interactive/installed acceptance, which is unverified. See acceptance record for scoped local passes."
control:105,Document extraction review,SourceInboxWorkspaceView,,ocr-review,Imports,Documents & Ocr,OCR Review Queue,SourceInboxWorkspaceView,2,ACTIVE,,Retained focused control or documented replacement,Document extraction review,Focused control or labelled subordinate tab/action,Bounded content; visible primary task action,IMPLEMENTED,UNVERIFIED,UNVERIFIED,UNVERIFIED,UNVERIFIED,UNVERIFIED,UNVERIFIED,artifacts/ui-redesign/20260912-sprint/matrix-r19; artifacts/ui-redesign/20260912-sprint/control-reconciliation.json; artifacts/ui-redesign/20260912-sprint/controls-r3; docs/audit/ETP-UI-REDESIGN-ACCEPTANCE.md,"Source/control mapping and offscreen composition checked; these result columns reserve full interactive/installed acceptance, which is unverified. See acceptance record for scoped local passes."
control:106,Extraction review reason,SourceInboxWorkspaceView,,ocr-review,Imports,Documents & Ocr,OCR Review Queue,SourceInboxWorkspaceView,2,ACTIVE,,Retained focused control or documented replacement,Extraction review reason,Focused control or labelled subordinate tab/action,Bounded content; visible primary task action,IMPLEMENTED,UNVERIFIED,UNVERIFIED,UNVERIFIED,UNVERIFIED,UNVERIFIED,UNVERIFIED,artifacts/ui-redesign/20260912-sprint/matrix-r19; artifacts/ui-redesign/20260912-sprint/control-reconciliation.json; artifacts/ui-redesign/20260912-sprint/controls-r3; docs/audit/ETP-UI-REDESIGN-ACCEPTANCE.md,"Source/control mapping and offscreen composition checked; these result columns reserve full interactive/installed acceptance, which is unverified. See acceptance record for scoped local passes."
control:107,Verify selected extraction,SourceInboxWorkspaceView,,ocr-review,Imports,Documents & Ocr,OCR Review Queue,SourceInboxWorkspaceView,2,ACTIVE,,Retained focused control or documented replacement,Verify selected extraction,Focused control or labelled subordinate tab/action,Bounded content; visible primary task action,IMPLEMENTED,UNVERIFIED,UNVERIFIED,UNVERIFIED,UNVERIFIED,UNVERIFIED,UNVERIFIED,artifacts/ui-redesign/20260912-sprint/matrix-r19; artifacts/ui-redesign/20260912-sprint/control-reconciliation.json; artifacts/ui-redesign/20260912-sprint/controls-r3; docs/audit/ETP-UI-REDESIGN-ACCEPTANCE.md,"Source/control mapping and offscreen composition checked; these result columns reserve full interactive/installed acceptance, which is unverified. See acceptance record for scoped local passes."
control:108,Reject selected extraction and quarantine document,SourceInboxWorkspaceView,,ocr-review,Imports,Documents & Ocr,OCR Review Queue,SourceInboxWorkspaceView,2,ACTIVE,,Retained focused control or documented replacement,Reject selected extraction and quarantine document,Focused control or labelled subordinate tab/action,Bounded content; visible primary task action,IMPLEMENTED,UNVERIFIED,UNVERIFIED,UNVERIFIED,UNVERIFIED,UNVERIFIED,UNVERIFIED,artifacts/ui-redesign/20260912-sprint/matrix-r19; artifacts/ui-redesign/20260912-sprint/control-reconciliation.json; artifacts/ui-redesign/20260912-sprint/controls-r3; docs/audit/ETP-UI-REDESIGN-ACCEPTANCE.md,"Source/control mapping and offscreen composition checked; these result columns reserve full interactive/installed acceptance, which is unverified. See acceptance record for scoped local passes."
control:109,Report start date,ReportsWorkspaceView,,report-filters,Reports,Filters,Report Filters,ReportsWorkspaceView,1,ACTIVE,,Retained focused control or documented replacement,Report start date,Focused control or labelled subordinate tab/action,Bounded content; visible primary task action,IMPLEMENTED,UNVERIFIED,UNVERIFIED,UNVERIFIED,UNVERIFIED,UNVERIFIED,UNVERIFIED,artifacts/ui-redesign/20260912-sprint/matrix-r19; artifacts/ui-redesign/20260912-sprint/control-reconciliation.json; artifacts/ui-redesign/20260912-sprint/controls-r3; docs/audit/ETP-UI-REDESIGN-ACCEPTANCE.md,"Source/control mapping and offscreen composition checked; these result columns reserve full interactive/installed acceptance, which is unverified. See acceptance record for scoped local passes."
control:110,Report end date,ReportsWorkspaceView,,report-filters,Reports,Filters,Report Filters,ReportsWorkspaceView,1,ACTIVE,,Retained focused control or documented replacement,Report end date,Focused control or labelled subordinate tab/action,Bounded content; visible primary task action,IMPLEMENTED,UNVERIFIED,UNVERIFIED,UNVERIFIED,UNVERIFIED,UNVERIFIED,UNVERIFIED,artifacts/ui-redesign/20260912-sprint/matrix-r19; artifacts/ui-redesign/20260912-sprint/control-reconciliation.json; artifacts/ui-redesign/20260912-sprint/controls-r3; docs/audit/ETP-UI-REDESIGN-ACCEPTANCE.md,"Source/control mapping and offscreen composition checked; these result columns reserve full interactive/installed acceptance, which is unverified. See acceptance record for scoped local passes."
control:111,Sales dimension,ReportsWorkspaceView,,report-filters,Reports,Filters,Report Filters,ReportsWorkspaceView,1,ACTIVE,,Retained focused control or documented replacement,Sales dimension,Focused control or labelled subordinate tab/action,Bounded content; visible primary task action,IMPLEMENTED,UNVERIFIED,UNVERIFIED,UNVERIFIED,UNVERIFIED,UNVERIFIED,UNVERIFIED,artifacts/ui-redesign/20260912-sprint/matrix-r19; artifacts/ui-redesign/20260912-sprint/control-reconciliation.json; artifacts/ui-redesign/20260912-sprint/controls-r3; docs/audit/ETP-UI-REDESIGN-ACCEPTANCE.md,"Source/control mapping and offscreen composition checked; these result columns reserve full interactive/installed acceptance, which is unverified. See acceptance record for scoped local passes."
control:112,Store filter,ReportsWorkspaceView,,report-filters,Reports,Filters,Report Filters,ReportsWorkspaceView,1,ACTIVE,,Retained focused control or documented replacement,Store filter,Focused control or labelled subordinate tab/action,Bounded content; visible primary task action,IMPLEMENTED,UNVERIFIED,UNVERIFIED,UNVERIFIED,UNVERIFIED,UNVERIFIED,UNVERIFIED,artifacts/ui-redesign/20260912-sprint/matrix-r19; artifacts/ui-redesign/20260912-sprint/control-reconciliation.json; artifacts/ui-redesign/20260912-sprint/controls-r3; docs/audit/ETP-UI-REDESIGN-ACCEPTANCE.md,"Source/control mapping and offscreen composition checked; these result columns reserve full interactive/installed acceptance, which is unverified. See acceptance record for scoped local passes."
control:113,Brand segment filter,ReportsWorkspaceView,,report-filters,Reports,Filters,Report Filters,ReportsWorkspaceView,1,ACTIVE,,Retained focused control or documented replacement,Brand segment filter,Focused control or labelled subordinate tab/action,Bounded content; visible primary task action,IMPLEMENTED,UNVERIFIED,UNVERIFIED,UNVERIFIED,UNVERIFIED,UNVERIFIED,UNVERIFIED,artifacts/ui-redesign/20260912-sprint/matrix-r19; artifacts/ui-redesign/20260912-sprint/control-reconciliation.json; artifacts/ui-redesign/20260912-sprint/controls-r3; docs/audit/ETP-UI-REDESIGN-ACCEPTANCE.md,"Source/control mapping and offscreen composition checked; these result columns reserve full interactive/installed acceptance, which is unverified. See acceptance record for scoped local passes."
control:114,Transaction type filter,ReportsWorkspaceView,,report-filters,Reports,Filters,Report Filters,ReportsWorkspaceView,1,ACTIVE,,Retained focused control or documented replacement,Transaction type filter,Focused control or labelled subordinate tab/action,Bounded content; visible primary task action,IMPLEMENTED,UNVERIFIED,UNVERIFIED,UNVERIFIED,UNVERIFIED,UNVERIFIED,UNVERIFIED,artifacts/ui-redesign/20260912-sprint/matrix-r19; artifacts/ui-redesign/20260912-sprint/control-reconciliation.json; artifacts/ui-redesign/20260912-sprint/controls-r3; docs/audit/ETP-UI-REDESIGN-ACCEPTANCE.md,"Source/control mapping and offscreen composition checked; these result columns reserve full interactive/installed acceptance, which is unverified. See acceptance record for scoped local passes."
control:115,Item filter,ReportsWorkspaceView,,report-filters,Reports,Filters,Report Filters,ReportsWorkspaceView,1,ACTIVE,,Retained focused control or documented replacement,Item filter,Focused control or labelled subordinate tab/action,Bounded content; visible primary task action,IMPLEMENTED,UNVERIFIED,UNVERIFIED,UNVERIFIED,UNVERIFIED,UNVERIFIED,UNVERIFIED,artifacts/ui-redesign/20260912-sprint/matrix-r19; artifacts/ui-redesign/20260912-sprint/control-reconciliation.json; artifacts/ui-redesign/20260912-sprint/controls-r3; docs/audit/ETP-UI-REDESIGN-ACCEPTANCE.md,"Source/control mapping and offscreen composition checked; these result columns reserve full interactive/installed acceptance, which is unverified. See acceptance record for scoped local passes."
control:116,Daily Sales / DSR,ReportsWorkspaceView,dsr,report-dsr,Reports,Sales,Daily Sales Report,ReportsWorkspaceView,1,ACTIVE,,Retained focused control or documented replacement,Daily Sales / DSR,Focused control or labelled subordinate tab/action,Bounded content; visible primary task action,IMPLEMENTED,UNVERIFIED,UNVERIFIED,UNVERIFIED,UNVERIFIED,UNVERIFIED,UNVERIFIED,"artifacts/ui-redesign/20260912-sprint/matrix-r19; artifacts/ui-redesign/20260912-sprint/control-reconciliation.json; artifacts/ui-redesign/20260912-sprint/controls-r3; docs/audit/ETP-UI-REDESIGN-ACCEPTANCE.md; artifacts/ui-redesign/20260912-sprint/report-states-r7/report-state-results.json; local-followup/exports-after/comparison.json and fixture-value-verification.json: programmatic file checks, not installed interaction","Source/control mapping and offscreen composition checked; these result columns reserve full interactive/installed acceptance, which is unverified. See acceptance record for scoped local passes."
control:117,Titan Sales Summary,ReportsWorkspaceView,sales-titan,report-sales-titan,Reports,Sales,Titan Sales Summary,ReportsWorkspaceView,1,ACTIVE,,Retained focused control or documented replacement,Titan Sales Summary,Focused control or labelled subordinate tab/action,Bounded content; visible primary task action,IMPLEMENTED,UNVERIFIED,UNVERIFIED,UNVERIFIED,UNVERIFIED,UNVERIFIED,UNVERIFIED,"artifacts/ui-redesign/20260912-sprint/matrix-r19; artifacts/ui-redesign/20260912-sprint/control-reconciliation.json; artifacts/ui-redesign/20260912-sprint/controls-r3; docs/audit/ETP-UI-REDESIGN-ACCEPTANCE.md; artifacts/ui-redesign/20260912-sprint/report-states-r7/report-state-results.json; local-followup/exports-after/comparison.json and fixture-value-verification.json: programmatic file checks, not installed interaction","Source/control mapping and offscreen composition checked; these result columns reserve full interactive/installed acceptance, which is unverified. See acceptance record for scoped local passes."
control:118,Helios Sales Summary,ReportsWorkspaceView,sales-helios,report-sales-helios,Reports,Sales,Helios Sales Summary,ReportsWorkspaceView,1,ACTIVE,,Retained focused control or documented replacement,Helios Sales Summary,Focused control or labelled subordinate tab/action,Bounded content; visible primary task action,IMPLEMENTED,UNVERIFIED,UNVERIFIED,UNVERIFIED,UNVERIFIED,UNVERIFIED,UNVERIFIED,"artifacts/ui-redesign/20260912-sprint/matrix-r19; artifacts/ui-redesign/20260912-sprint/control-reconciliation.json; artifacts/ui-redesign/20260912-sprint/controls-r3; docs/audit/ETP-UI-REDESIGN-ACCEPTANCE.md; artifacts/ui-redesign/20260912-sprint/report-states-r7/report-state-results.json; local-followup/exports-after/comparison.json and fixture-value-verification.json: programmatic file checks, not installed interaction","Source/control mapping and offscreen composition checked; these result columns reserve full interactive/installed acceptance, which is unverified. See acceptance record for scoped local passes."
control:119,Combined Sales Summary,ReportsWorkspaceView,sales-combined,report-sales-combined,Reports,Sales,Combined Sales Summary,ReportsWorkspaceView,1,ACTIVE,,Retained focused control or documented replacement,Combined Sales Summary,Focused control or labelled subordinate tab/action,Bounded content; visible primary task action,IMPLEMENTED,UNVERIFIED,UNVERIFIED,UNVERIFIED,UNVERIFIED,UNVERIFIED,UNVERIFIED,"artifacts/ui-redesign/20260912-sprint/matrix-r19; artifacts/ui-redesign/20260912-sprint/control-reconciliation.json; artifacts/ui-redesign/20260912-sprint/controls-r3; docs/audit/ETP-UI-REDESIGN-ACCEPTANCE.md; artifacts/ui-redesign/20260912-sprint/report-states-r7/report-state-results.json; local-followup/exports-after/comparison.json and fixture-value-verification.json: programmatic file checks, not installed interaction","Source/control mapping and offscreen composition checked; these result columns reserve full interactive/installed acceptance, which is unverified. See acceptance record for scoped local passes."
control:120,Invoice Summary,ReportsWorkspaceView,invoice,report-invoice,Reports,Sales,Invoice Summary,ReportsWorkspaceView,1,ACTIVE,,Retained focused control or documented replacement,Invoice Summary,Focused control or labelled subordinate tab/action,Bounded content; visible primary task action,IMPLEMENTED,UNVERIFIED,UNVERIFIED,UNVERIFIED,UNVERIFIED,UNVERIFIED,UNVERIFIED,"artifacts/ui-redesign/20260912-sprint/matrix-r19; artifacts/ui-redesign/20260912-sprint/control-reconciliation.json; artifacts/ui-redesign/20260912-sprint/controls-r3; docs/audit/ETP-UI-REDESIGN-ACCEPTANCE.md; artifacts/ui-redesign/20260912-sprint/report-states-r7/report-state-results.json; local-followup/exports-after/comparison.json and fixture-value-verification.json: programmatic file checks, not installed interaction","Source/control mapping and offscreen composition checked; these result columns reserve full interactive/installed acceptance, which is unverified. See acceptance record for scoped local passes."
control:121,Returns,ReportsWorkspaceView,sales-returns,report-sales-returns,Reports,Sales,Returns,ReportsWorkspaceView,1,ACTIVE,,Retained focused control or documented replacement,Returns,Focused control or labelled subordinate tab/action,Bounded content; visible primary task action,IMPLEMENTED,UNVERIFIED,UNVERIFIED,UNVERIFIED,UNVERIFIED,UNVERIFIED,UNVERIFIED,"artifacts/ui-redesign/20260912-sprint/matrix-r19; artifacts/ui-redesign/20260912-sprint/control-reconciliation.json; artifacts/ui-redesign/20260912-sprint/controls-r3; docs/audit/ETP-UI-REDESIGN-ACCEPTANCE.md; artifacts/ui-redesign/20260912-sprint/report-states-r7/report-state-results.json; local-followup/exports-after/comparison.json and fixture-value-verification.json: programmatic file checks, not installed interaction","Source/control mapping and offscreen composition checked; these result columns reserve full interactive/installed acceptance, which is unverified. See acceptance record for scoped local passes."
control:122,Brand-wise Sales,ReportsWorkspaceView,sales-brand,report-sales-brand,Reports,Sales,Brand-wise Sales,ReportsWorkspaceView,1,ACTIVE,,Retained focused control or documented replacement,Brand-wise Sales,Focused control or labelled subordinate tab/action,Bounded content; visible primary task action,IMPLEMENTED,UNVERIFIED,UNVERIFIED,UNVERIFIED,UNVERIFIED,UNVERIFIED,UNVERIFIED,"artifacts/ui-redesign/20260912-sprint/matrix-r19; artifacts/ui-redesign/20260912-sprint/control-reconciliation.json; artifacts/ui-redesign/20260912-sprint/controls-r3; docs/audit/ETP-UI-REDESIGN-ACCEPTANCE.md; artifacts/ui-redesign/20260912-sprint/report-states-r7/report-state-results.json; local-followup/exports-after/comparison.json and fixture-value-verification.json: programmatic file checks, not installed interaction","Source/control mapping and offscreen composition checked; these result columns reserve full interactive/installed acceptance, which is unverified. See acceptance record for scoped local passes."
control:123,Brand-Segment Sales,ReportsWorkspaceView,sales-segment,report-sales-segment,Reports,Sales,Brand-Segment Sales,ReportsWorkspaceView,1,ACTIVE,,Retained focused control or documented replacement,Brand-Segment Sales,Focused control or labelled subordinate tab/action,Bounded content; visible primary task action,IMPLEMENTED,UNVERIFIED,UNVERIFIED,UNVERIFIED,UNVERIFIED,UNVERIFIED,UNVERIFIED,"artifacts/ui-redesign/20260912-sprint/matrix-r19; artifacts/ui-redesign/20260912-sprint/control-reconciliation.json; artifacts/ui-redesign/20260912-sprint/controls-r3; docs/audit/ETP-UI-REDESIGN-ACCEPTANCE.md; artifacts/ui-redesign/20260912-sprint/report-states-r7/report-state-results.json; local-followup/exports-after/comparison.json and fixture-value-verification.json: programmatic file checks, not installed interaction","Source/control mapping and offscreen composition checked; these result columns reserve full interactive/installed acceptance, which is unverified. See acceptance record for scoped local passes."
control:124,Item-wise Sales,ReportsWorkspaceView,sales-item,report-sales-item,Reports,Sales,Item-wise Sales,ReportsWorkspaceView,1,ACTIVE,,Retained focused control or documented replacement,Item-wise Sales,Focused control or labelled subordinate tab/action,Bounded content; visible primary task action,IMPLEMENTED,UNVERIFIED,UNVERIFIED,UNVERIFIED,UNVERIFIED,UNVERIFIED,UNVERIFIED,"artifacts/ui-redesign/20260912-sprint/matrix-r19; artifacts/ui-redesign/20260912-sprint/control-reconciliation.json; artifacts/ui-redesign/20260912-sprint/controls-r3; docs/audit/ETP-UI-REDESIGN-ACCEPTANCE.md; artifacts/ui-redesign/20260912-sprint/report-states-r7/report-state-results.json; local-followup/exports-after/comparison.json and fixture-value-verification.json: programmatic file checks, not installed interaction","Source/control mapping and offscreen composition checked; these result columns reserve full interactive/installed acceptance, which is unverified. See acceptance record for scoped local passes."
control:125,LY / TY Comparison,ReportsWorkspaceView,dsr,report-dsr,Reports,Sales,Daily Sales Report,ReportsWorkspaceView,1,ACTIVE,,Retained focused control or documented replacement,LY / TY Comparison,Focused control or labelled subordinate tab/action,Bounded content; visible primary task action,IMPLEMENTED,UNVERIFIED,UNVERIFIED,UNVERIFIED,UNVERIFIED,UNVERIFIED,UNVERIFIED,"artifacts/ui-redesign/20260912-sprint/matrix-r19; artifacts/ui-redesign/20260912-sprint/control-reconciliation.json; artifacts/ui-redesign/20260912-sprint/controls-r3; docs/audit/ETP-UI-REDESIGN-ACCEPTANCE.md; artifacts/ui-redesign/20260912-sprint/report-states-r7/report-state-results.json; local-followup/exports-after/comparison.json and fixture-value-verification.json: programmatic file checks, not installed interaction","Source/control mapping and offscreen composition checked; these result columns reserve full interactive/installed acceptance, which is unverified. See acceptance record for scoped local passes."
control:126,Closing Stock,ReportsWorkspaceView,stock-closing,report-stock-closing,Reports,Stock,Closing Stock,ReportsWorkspaceView,1,ACTIVE,,Retained focused control or documented replacement,Closing Stock,Focused control or labelled subordinate tab/action,Bounded content; visible primary task action,IMPLEMENTED,UNVERIFIED,UNVERIFIED,UNVERIFIED,UNVERIFIED,UNVERIFIED,UNVERIFIED,"artifacts/ui-redesign/20260912-sprint/matrix-r19; artifacts/ui-redesign/20260912-sprint/control-reconciliation.json; artifacts/ui-redesign/20260912-sprint/controls-r3; docs/audit/ETP-UI-REDESIGN-ACCEPTANCE.md; artifacts/ui-redesign/20260912-sprint/report-states-r7/report-state-results.json; local-followup/exports-after/comparison.json and fixture-value-verification.json: programmatic file checks, not installed interaction","Source/control mapping and offscreen composition checked; these result columns reserve full interactive/installed acceptance, which is unverified. See acceptance record for scoped local passes."
control:127,Physical Stock,ReportsWorkspaceView,stock-physical,report-stock-physical,Reports,Stock,Physical Stock,ReportsWorkspaceView,1,ACTIVE,,Retained focused control or documented replacement,Physical Stock,Focused control or labelled subordinate tab/action,Bounded content; visible primary task action,IMPLEMENTED,UNVERIFIED,UNVERIFIED,UNVERIFIED,UNVERIFIED,UNVERIFIED,UNVERIFIED,"artifacts/ui-redesign/20260912-sprint/matrix-r19; artifacts/ui-redesign/20260912-sprint/control-reconciliation.json; artifacts/ui-redesign/20260912-sprint/controls-r3; docs/audit/ETP-UI-REDESIGN-ACCEPTANCE.md; artifacts/ui-redesign/20260912-sprint/report-states-r7/report-state-results.json; local-followup/exports-after/comparison.json and fixture-value-verification.json: programmatic file checks, not installed interaction","Source/control mapping and offscreen composition checked; these result columns reserve full interactive/installed acceptance, which is unverified. See acceptance record for scoped local passes."
control:128,Stock Variance,ReportsWorkspaceView,stock-variance,report-stock-variance,Reports,Stock,Stock Variance,ReportsWorkspaceView,1,ACTIVE,,Retained focused control or documented replacement,Stock Variance,Focused control or labelled subordinate tab/action,Bounded content; visible primary task action,IMPLEMENTED,UNVERIFIED,UNVERIFIED,UNVERIFIED,UNVERIFIED,UNVERIFIED,UNVERIFIED,"artifacts/ui-redesign/20260912-sprint/matrix-r19; artifacts/ui-redesign/20260912-sprint/control-reconciliation.json; artifacts/ui-redesign/20260912-sprint/controls-r3; docs/audit/ETP-UI-REDESIGN-ACCEPTANCE.md; artifacts/ui-redesign/20260912-sprint/report-states-r7/report-state-results.json; local-followup/exports-after/comparison.json and fixture-value-verification.json: programmatic file checks, not installed interaction","Source/control mapping and offscreen composition checked; these result columns reserve full interactive/installed acceptance, which is unverified. See acceptance record for scoped local passes."
control:129,Stock Movement,ReportsWorkspaceView,stock-movement,report-stock-movement,Reports,Stock,Stock Movement,ReportsWorkspaceView,1,ACTIVE,,Retained focused control or documented replacement,Stock Movement,Focused control or labelled subordinate tab/action,Bounded content; visible primary task action,IMPLEMENTED,UNVERIFIED,UNVERIFIED,UNVERIFIED,UNVERIFIED,UNVERIFIED,UNVERIFIED,"artifacts/ui-redesign/20260912-sprint/matrix-r19; artifacts/ui-redesign/20260912-sprint/control-reconciliation.json; artifacts/ui-redesign/20260912-sprint/controls-r3; docs/audit/ETP-UI-REDESIGN-ACCEPTANCE.md; artifacts/ui-redesign/20260912-sprint/report-states-r7/report-state-results.json; local-followup/exports-after/comparison.json and fixture-value-verification.json: programmatic file checks, not installed interaction","Source/control mapping and offscreen composition checked; these result columns reserve full interactive/installed acceptance, which is unverified. See acceptance record for scoped local passes."
control:130,Inventory-Group Report,ReportsWorkspaceView,stock-group,report-stock-group,Reports,Stock,Inventory-Group Report,ReportsWorkspaceView,1,ACTIVE,,Retained focused control or documented replacement,Inventory-Group Report,Focused control or labelled subordinate tab/action,Bounded content; visible primary task action,IMPLEMENTED,UNVERIFIED,UNVERIFIED,UNVERIFIED,UNVERIFIED,UNVERIFIED,UNVERIFIED,"artifacts/ui-redesign/20260912-sprint/matrix-r19; artifacts/ui-redesign/20260912-sprint/control-reconciliation.json; artifacts/ui-redesign/20260912-sprint/controls-r3; docs/audit/ETP-UI-REDESIGN-ACCEPTANCE.md; artifacts/ui-redesign/20260912-sprint/report-states-r7/report-state-results.json; local-followup/exports-after/comparison.json and fixture-value-verification.json: programmatic file checks, not installed interaction","Source/control mapping and offscreen composition checked; these result columns reserve full interactive/installed acceptance, which is unverified. See acceptance record for scoped local passes."
control:131,Brand Stock,ReportsWorkspaceView,stock-brand,report-stock-brand,Reports,Stock,Brand Stock,ReportsWorkspaceView,1,ACTIVE,,Retained focused control or documented replacement,Brand Stock,Focused control or labelled subordinate tab/action,Bounded content; visible primary task action,IMPLEMENTED,UNVERIFIED,UNVERIFIED,UNVERIFIED,UNVERIFIED,UNVERIFIED,UNVERIFIED,"artifacts/ui-redesign/20260912-sprint/matrix-r19; artifacts/ui-redesign/20260912-sprint/control-reconciliation.json; artifacts/ui-redesign/20260912-sprint/controls-r3; docs/audit/ETP-UI-REDESIGN-ACCEPTANCE.md; artifacts/ui-redesign/20260912-sprint/report-states-r7/report-state-results.json; local-followup/exports-after/comparison.json and fixture-value-verification.json: programmatic file checks, not installed interaction","Source/control mapping and offscreen composition checked; these result columns reserve full interactive/installed acceptance, which is unverified. See acceptance record for scoped local passes."
control:132,Slow / Exception Stock,ReportsWorkspaceView,stock-slow,report-stock-slow,Reports,Stock,Slow / Exception Stock,ReportsWorkspaceView,1,ACTIVE,,Retained focused control or documented replacement,Slow / Exception Stock,Focused control or labelled subordinate tab/action,Bounded content; visible primary task action,IMPLEMENTED,UNVERIFIED,UNVERIFIED,UNVERIFIED,UNVERIFIED,UNVERIFIED,UNVERIFIED,"artifacts/ui-redesign/20260912-sprint/matrix-r19; artifacts/ui-redesign/20260912-sprint/control-reconciliation.json; artifacts/ui-redesign/20260912-sprint/controls-r3; docs/audit/ETP-UI-REDESIGN-ACCEPTANCE.md; artifacts/ui-redesign/20260912-sprint/report-states-r7/report-state-results.json; local-followup/exports-after/comparison.json and fixture-value-verification.json: programmatic file checks, not installed interaction","Source/control mapping and offscreen composition checked; these result columns reserve full interactive/installed acceptance, which is unverified. See acceptance record for scoped local passes."
control:133,Staff Performance,ReportsWorkspaceView,staff,report-staff,Reports,Staff,Staff/CRO Performance,ReportsWorkspaceView,1,ACTIVE,,Retained focused control or documented replacement,Staff Performance,Focused control or labelled subordinate tab/action,Bounded content; visible primary task action,IMPLEMENTED,UNVERIFIED,UNVERIFIED,UNVERIFIED,UNVERIFIED,UNVERIFIED,UNVERIFIED,"artifacts/ui-redesign/20260912-sprint/matrix-r19; artifacts/ui-redesign/20260912-sprint/control-reconciliation.json; artifacts/ui-redesign/20260912-sprint/controls-r3; docs/audit/ETP-UI-REDESIGN-ACCEPTANCE.md; artifacts/ui-redesign/20260912-sprint/report-states-r7/report-state-results.json; local-followup/exports-after/comparison.json and fixture-value-verification.json: programmatic file checks, not installed interaction","Source/control mapping and offscreen composition checked; these result columns reserve full interactive/installed acceptance, which is unverified. See acceptance record for scoped local passes."
control:134,Targets & Achievement,ReportsWorkspaceView,staff,report-staff,Reports,Staff,Staff/CRO Performance,ReportsWorkspaceView,1,ACTIVE,,Retained focused control or documented replacement,Targets & Achievement,Focused control or labelled subordinate tab/action,Bounded content; visible primary task action,IMPLEMENTED,UNVERIFIED,UNVERIFIED,UNVERIFIED,UNVERIFIED,UNVERIFIED,UNVERIFIED,"artifacts/ui-redesign/20260912-sprint/matrix-r19; artifacts/ui-redesign/20260912-sprint/control-reconciliation.json; artifacts/ui-redesign/20260912-sprint/controls-r3; docs/audit/ETP-UI-REDESIGN-ACCEPTANCE.md; artifacts/ui-redesign/20260912-sprint/report-states-r7/report-state-results.json; local-followup/exports-after/comparison.json and fixture-value-verification.json: programmatic file checks, not installed interaction","Source/control mapping and offscreen composition checked; these result columns reserve full interactive/installed acceptance, which is unverified. See acceptance record for scoped local passes."
control:135,Ranking,ReportsWorkspaceView,staff,report-staff,Reports,Staff,Staff/CRO Performance,ReportsWorkspaceView,1,ACTIVE,,Retained focused control or documented replacement,Ranking,Focused control or labelled subordinate tab/action,Bounded content; visible primary task action,IMPLEMENTED,UNVERIFIED,UNVERIFIED,UNVERIFIED,UNVERIFIED,UNVERIFIED,UNVERIFIED,"artifacts/ui-redesign/20260912-sprint/matrix-r19; artifacts/ui-redesign/20260912-sprint/control-reconciliation.json; artifacts/ui-redesign/20260912-sprint/controls-r3; docs/audit/ETP-UI-REDESIGN-ACCEPTANCE.md; artifacts/ui-redesign/20260912-sprint/report-states-r7/report-state-results.json; local-followup/exports-after/comparison.json and fixture-value-verification.json: programmatic file checks, not installed interaction","Source/control mapping and offscreen composition checked; these result columns reserve full interactive/installed acceptance, which is unverified. See acceptance record for scoped local passes."
control:136,LY Comparison,ReportsWorkspaceView,staff,report-staff,Reports,Staff,Staff/CRO Performance,ReportsWorkspaceView,1,ACTIVE,,Retained focused control or documented replacement,LY Comparison,Focused control or labelled subordinate tab/action,Bounded content; visible primary task action,IMPLEMENTED,UNVERIFIED,UNVERIFIED,UNVERIFIED,UNVERIFIED,UNVERIFIED,UNVERIFIED,"artifacts/ui-redesign/20260912-sprint/matrix-r19; artifacts/ui-redesign/20260912-sprint/control-reconciliation.json; artifacts/ui-redesign/20260912-sprint/controls-r3; docs/audit/ETP-UI-REDESIGN-ACCEPTANCE.md; artifacts/ui-redesign/20260912-sprint/report-states-r7/report-state-results.json; local-followup/exports-after/comparison.json and fixture-value-verification.json: programmatic file checks, not installed interaction","Source/control mapping and offscreen composition checked; these result columns reserve full interactive/installed acceptance, which is unverified. See acceptance record for scoped local passes."
control:137,Contribution,ReportsWorkspaceView,staff,report-staff,Reports,Staff,Staff/CRO Performance,ReportsWorkspaceView,1,ACTIVE,,Retained focused control or documented replacement,Contribution,Focused control or labelled subordinate tab/action,Bounded content; visible primary task action,IMPLEMENTED,UNVERIFIED,UNVERIFIED,UNVERIFIED,UNVERIFIED,UNVERIFIED,UNVERIFIED,"artifacts/ui-redesign/20260912-sprint/matrix-r19; artifacts/ui-redesign/20260912-sprint/control-reconciliation.json; artifacts/ui-redesign/20260912-sprint/controls-r3; docs/audit/ETP-UI-REDESIGN-ACCEPTANCE.md; artifacts/ui-redesign/20260912-sprint/report-states-r7/report-state-results.json; local-followup/exports-after/comparison.json and fixture-value-verification.json: programmatic file checks, not installed interaction","Source/control mapping and offscreen composition checked; these result columns reserve full interactive/installed acceptance, which is unverified. See acceptance record for scoped local passes."
control:138,Tender Reconciliation,ReportsWorkspaceView,tender,report-tender,Reports,Tender / Cash,Tender Reconciliation,ReportsWorkspaceView,1,ACTIVE,,Retained focused control or documented replacement,Tender Reconciliation,Focused control or labelled subordinate tab/action,Bounded content; visible primary task action,IMPLEMENTED,UNVERIFIED,UNVERIFIED,UNVERIFIED,UNVERIFIED,UNVERIFIED,UNVERIFIED,"artifacts/ui-redesign/20260912-sprint/matrix-r19; artifacts/ui-redesign/20260912-sprint/control-reconciliation.json; artifacts/ui-redesign/20260912-sprint/controls-r3; docs/audit/ETP-UI-REDESIGN-ACCEPTANCE.md; artifacts/ui-redesign/20260912-sprint/report-states-r7/report-state-results.json; local-followup/exports-after/comparison.json and fixture-value-verification.json: programmatic file checks, not installed interaction","Source/control mapping and offscreen composition checked; these result columns reserve full interactive/installed acceptance, which is unverified. See acceptance record for scoped local passes."
control:139,Tender Exceptions,ReportsWorkspaceView,exception-tender,report-exception-tender,Reports,Exceptions,Tender Exceptions,ReportsWorkspaceView,1,ACTIVE,,Retained focused control or documented replacement,Tender Exceptions,Focused control or labelled subordinate tab/action,Bounded content; visible primary task action,IMPLEMENTED,UNVERIFIED,UNVERIFIED,UNVERIFIED,UNVERIFIED,UNVERIFIED,UNVERIFIED,"artifacts/ui-redesign/20260912-sprint/matrix-r19; artifacts/ui-redesign/20260912-sprint/control-reconciliation.json; artifacts/ui-redesign/20260912-sprint/controls-r3; docs/audit/ETP-UI-REDESIGN-ACCEPTANCE.md; artifacts/ui-redesign/20260912-sprint/report-states-r7/report-state-results.json; local-followup/exports-after/comparison.json and fixture-value-verification.json: programmatic file checks, not installed interaction","Source/control mapping and offscreen composition checked; these result columns reserve full interactive/installed acceptance, which is unverified. See acceptance record for scoped local passes."
control:140,Daily Cash Reconciliation,ReportsWorkspaceView,cash,report-cash,Reports,Tender / Cash,Daily Cash Reconciliation,ReportsWorkspaceView,1,ACTIVE,,Retained focused control or documented replacement,Daily Cash Reconciliation,Focused control or labelled subordinate tab/action,Bounded content; visible primary task action,IMPLEMENTED,UNVERIFIED,UNVERIFIED,UNVERIFIED,UNVERIFIED,UNVERIFIED,UNVERIFIED,"artifacts/ui-redesign/20260912-sprint/matrix-r19; artifacts/ui-redesign/20260912-sprint/control-reconciliation.json; artifacts/ui-redesign/20260912-sprint/controls-r3; docs/audit/ETP-UI-REDESIGN-ACCEPTANCE.md; artifacts/ui-redesign/20260912-sprint/report-states-r7/report-state-results.json; local-followup/exports-after/comparison.json and fixture-value-verification.json: programmatic file checks, not installed interaction","Source/control mapping and offscreen composition checked; these result columns reserve full interactive/installed acceptance, which is unverified. See acceptance record for scoped local passes."
control:141,Service Sales,ReportsWorkspaceView,service,report-service,Reports,Service,Service Sales,ReportsWorkspaceView,1,ACTIVE,,Retained focused control or documented replacement,Service Sales,Focused control or labelled subordinate tab/action,Bounded content; visible primary task action,IMPLEMENTED,UNVERIFIED,UNVERIFIED,UNVERIFIED,UNVERIFIED,UNVERIFIED,UNVERIFIED,"artifacts/ui-redesign/20260912-sprint/matrix-r19; artifacts/ui-redesign/20260912-sprint/control-reconciliation.json; artifacts/ui-redesign/20260912-sprint/controls-r3; docs/audit/ETP-UI-REDESIGN-ACCEPTANCE.md; artifacts/ui-redesign/20260912-sprint/report-states-r7/report-state-results.json; local-followup/exports-after/comparison.json and fixture-value-verification.json: programmatic file checks, not installed interaction","Source/control mapping and offscreen composition checked; these result columns reserve full interactive/installed acceptance, which is unverified. See acceptance record for scoped local passes."
control:142,Tender Diagnostics,ReportsWorkspaceView,tender-diagnostic,report-tender-diagnostic,Reports,Tender / Cash,Tender Diagnostics,ReportsWorkspaceView,1,ACTIVE,,Retained focused control or documented replacement,Tender Diagnostics,Focused control or labelled subordinate tab/action,Bounded content; visible primary task action,IMPLEMENTED,UNVERIFIED,UNVERIFIED,UNVERIFIED,UNVERIFIED,UNVERIFIED,UNVERIFIED,"artifacts/ui-redesign/20260912-sprint/matrix-r19; artifacts/ui-redesign/20260912-sprint/control-reconciliation.json; artifacts/ui-redesign/20260912-sprint/controls-r3; docs/audit/ETP-UI-REDESIGN-ACCEPTANCE.md; artifacts/ui-redesign/20260912-sprint/report-states-r7/report-state-results.json; local-followup/exports-after/comparison.json and fixture-value-verification.json: programmatic file checks, not installed interaction","Source/control mapping and offscreen composition checked; these result columns reserve full interactive/installed acceptance, which is unverified. See acceptance record for scoped local passes."
control:143,Daily Exception Report,ReportsWorkspaceView,exceptions,report-exceptions,Reports,Exceptions,Daily Exception Report,ReportsWorkspaceView,1,ACTIVE,,Retained focused control or documented replacement,Daily Exception Report,Focused control or labelled subordinate tab/action,Bounded content; visible primary task action,IMPLEMENTED,UNVERIFIED,UNVERIFIED,UNVERIFIED,UNVERIFIED,UNVERIFIED,UNVERIFIED,"artifacts/ui-redesign/20260912-sprint/matrix-r19; artifacts/ui-redesign/20260912-sprint/control-reconciliation.json; artifacts/ui-redesign/20260912-sprint/controls-r3; docs/audit/ETP-UI-REDESIGN-ACCEPTANCE.md; artifacts/ui-redesign/20260912-sprint/report-states-r7/report-state-results.json; local-followup/exports-after/comparison.json and fixture-value-verification.json: programmatic file checks, not installed interaction","Source/control mapping and offscreen composition checked; these result columns reserve full interactive/installed acceptance, which is unverified. See acceptance record for scoped local passes."
control:144,Missing Source Report,ReportsWorkspaceView,exception-source,report-exception-source,Reports,Exceptions,Missing Source Report,ReportsWorkspaceView,1,ACTIVE,,Retained focused control or documented replacement,Missing Source Report,Focused control or labelled subordinate tab/action,Bounded content; visible primary task action,IMPLEMENTED,UNVERIFIED,UNVERIFIED,UNVERIFIED,UNVERIFIED,UNVERIFIED,UNVERIFIED,"artifacts/ui-redesign/20260912-sprint/matrix-r19; artifacts/ui-redesign/20260912-sprint/control-reconciliation.json; artifacts/ui-redesign/20260912-sprint/controls-r3; docs/audit/ETP-UI-REDESIGN-ACCEPTANCE.md; artifacts/ui-redesign/20260912-sprint/report-states-r7/report-state-results.json; local-followup/exports-after/comparison.json and fixture-value-verification.json: programmatic file checks, not installed interaction","Source/control mapping and offscreen composition checked; these result columns reserve full interactive/installed acceptance, which is unverified. See acceptance record for scoped local passes."
control:145,Unmapped Data,ReportsWorkspaceView,exception-unmapped,report-exception-unmapped,Reports,Exceptions,Unmapped Data,ReportsWorkspaceView,1,ACTIVE,,Retained focused control or documented replacement,Unmapped Data,Focused control or labelled subordinate tab/action,Bounded content; visible primary task action,IMPLEMENTED,UNVERIFIED,UNVERIFIED,UNVERIFIED,UNVERIFIED,UNVERIFIED,UNVERIFIED,"artifacts/ui-redesign/20260912-sprint/matrix-r19; artifacts/ui-redesign/20260912-sprint/control-reconciliation.json; artifacts/ui-redesign/20260912-sprint/controls-r3; docs/audit/ETP-UI-REDESIGN-ACCEPTANCE.md; artifacts/ui-redesign/20260912-sprint/report-states-r7/report-state-results.json; local-followup/exports-after/comparison.json and fixture-value-verification.json: programmatic file checks, not installed interaction","Source/control mapping and offscreen composition checked; these result columns reserve full interactive/installed acceptance, which is unverified. See acceptance record for scoped local passes."
control:146,Stock Exceptions,ReportsWorkspaceView,exception-stock,report-exception-stock,Reports,Exceptions,Stock Exceptions,ReportsWorkspaceView,1,ACTIVE,,Retained focused control or documented replacement,Stock Exceptions,Focused control or labelled subordinate tab/action,Bounded content; visible primary task action,IMPLEMENTED,UNVERIFIED,UNVERIFIED,UNVERIFIED,UNVERIFIED,UNVERIFIED,UNVERIFIED,"artifacts/ui-redesign/20260912-sprint/matrix-r19; artifacts/ui-redesign/20260912-sprint/control-reconciliation.json; artifacts/ui-redesign/20260912-sprint/controls-r3; docs/audit/ETP-UI-REDESIGN-ACCEPTANCE.md; artifacts/ui-redesign/20260912-sprint/report-states-r7/report-state-results.json; local-followup/exports-after/comparison.json and fixture-value-verification.json: programmatic file checks, not installed interaction","Source/control mapping and offscreen composition checked; these result columns reserve full interactive/installed acceptance, which is unverified. See acceptance record for scoped local passes."
control:147,Staff Exceptions,ReportsWorkspaceView,exception-staff,report-exception-staff,Reports,Exceptions,Staff Exceptions,ReportsWorkspaceView,1,ACTIVE,,Retained focused control or documented replacement,Staff Exceptions,Focused control or labelled subordinate tab/action,Bounded content; visible primary task action,IMPLEMENTED,UNVERIFIED,UNVERIFIED,UNVERIFIED,UNVERIFIED,UNVERIFIED,UNVERIFIED,"artifacts/ui-redesign/20260912-sprint/matrix-r19; artifacts/ui-redesign/20260912-sprint/control-reconciliation.json; artifacts/ui-redesign/20260912-sprint/controls-r3; docs/audit/ETP-UI-REDESIGN-ACCEPTANCE.md; artifacts/ui-redesign/20260912-sprint/report-states-r7/report-state-results.json; local-followup/exports-after/comparison.json and fixture-value-verification.json: programmatic file checks, not installed interaction","Source/control mapping and offscreen composition checked; these result columns reserve full interactive/installed acceptance, which is unverified. See acceptance record for scoped local passes."
control:148,Management Trend,ReportsWorkspaceView,management-trend,report-management-trend,Reports,Management,Management Trend,ReportsWorkspaceView,1,ACTIVE,,Retained focused control or documented replacement,Management Trend,Focused control or labelled subordinate tab/action,Bounded content; visible primary task action,IMPLEMENTED,UNVERIFIED,UNVERIFIED,UNVERIFIED,UNVERIFIED,UNVERIFIED,UNVERIFIED,"artifacts/ui-redesign/20260912-sprint/matrix-r19; artifacts/ui-redesign/20260912-sprint/control-reconciliation.json; artifacts/ui-redesign/20260912-sprint/controls-r3; docs/audit/ETP-UI-REDESIGN-ACCEPTANCE.md; artifacts/ui-redesign/20260912-sprint/report-states-r7/report-state-results.json; local-followup/exports-after/comparison.json and fixture-value-verification.json: programmatic file checks, not installed interaction","Source/control mapping and offscreen composition checked; these result columns reserve full interactive/installed acceptance, which is unverified. See acceptance record for scoped local passes."
control:149,Invoice Source Drill-down,ReportsWorkspaceView,invoice-lineage,report-invoice-lineage,Reports,Investigation,Invoice Source Drill-down,ReportsWorkspaceView,1,ACTIVE,,Retained focused control or documented replacement,Invoice Source Drill-down,Focused control or labelled subordinate tab/action,Bounded content; visible primary task action,IMPLEMENTED,UNVERIFIED,UNVERIFIED,UNVERIFIED,UNVERIFIED,UNVERIFIED,UNVERIFIED,"artifacts/ui-redesign/20260912-sprint/matrix-r19; artifacts/ui-redesign/20260912-sprint/control-reconciliation.json; artifacts/ui-redesign/20260912-sprint/controls-r3; docs/audit/ETP-UI-REDESIGN-ACCEPTANCE.md; artifacts/ui-redesign/20260912-sprint/report-states-r7/report-state-results.json; local-followup/exports-after/comparison.json and fixture-value-verification.json: programmatic file checks, not installed interaction","Source/control mapping and offscreen composition checked; these result columns reserve full interactive/installed acceptance, which is unverified. See acceptance record for scoped local passes."
control:150,Export selected report to Excel…,ReportsWorkspaceView,,report-dsr,Reports,Sales,Daily Sales Report,ReportsWorkspaceView,1,ACTIVE,,Retained focused control or documented replacement,Export selected report to Excel…,Focused control or labelled subordinate tab/action,Bounded content; visible primary task action,IMPLEMENTED,UNVERIFIED,UNVERIFIED,UNVERIFIED,UNVERIFIED,UNVERIFIED,UNVERIFIED,artifacts/ui-redesign/20260912-sprint/matrix-r19; artifacts/ui-redesign/20260912-sprint/control-reconciliation.json; artifacts/ui-redesign/20260912-sprint/controls-r3; docs/audit/ETP-UI-REDESIGN-ACCEPTANCE.md; artifacts/ui-redesign/20260912-sprint/report-states-r7/report-state-results.json,"Source/control mapping and offscreen composition checked; these result columns reserve full interactive/installed acceptance, which is unverified. See acceptance record for scoped local passes."
control:151,Export selected report to PDF…,ReportsWorkspaceView,,report-dsr,Reports,Sales,Daily Sales Report,ReportsWorkspaceView,1,ACTIVE,,Retained focused control or documented replacement,Export selected report to PDF…,Focused control or labelled subordinate tab/action,Bounded content; visible primary task action,IMPLEMENTED,UNVERIFIED,UNVERIFIED,UNVERIFIED,UNVERIFIED,UNVERIFIED,UNVERIFIED,artifacts/ui-redesign/20260912-sprint/matrix-r19; artifacts/ui-redesign/20260912-sprint/control-reconciliation.json; artifacts/ui-redesign/20260912-sprint/controls-r3; docs/audit/ETP-UI-REDESIGN-ACCEPTANCE.md; artifacts/ui-redesign/20260912-sprint/report-states-r7/report-state-results.json,"Source/control mapping and offscreen composition checked; these result columns reserve full interactive/installed acceptance, which is unverified. See acceptance record for scoped local passes."
control:152,Search report results,ReportsWorkspaceView,,report-invoice,Reports,Sales,Invoice Summary,ReportsWorkspaceView,1,ACTIVE,,Retained focused control or documented replacement,Search report results,Focused control or labelled subordinate tab/action,Bounded content; visible primary task action,IMPLEMENTED,UNVERIFIED,UNVERIFIED,UNVERIFIED,UNVERIFIED,UNVERIFIED,UNVERIFIED,artifacts/ui-redesign/20260912-sprint/matrix-r19; artifacts/ui-redesign/20260912-sprint/control-reconciliation.json; artifacts/ui-redesign/20260912-sprint/controls-r3; docs/audit/ETP-UI-REDESIGN-ACCEPTANCE.md; artifacts/ui-redesign/20260912-sprint/report-states-r7/report-state-results.json,"Source/control mapping and offscreen composition checked; these result columns reserve full interactive/installed acceptance, which is unverified. See acceptance record for scoped local passes."
control:153,Show variance rows only,ReportsWorkspaceView,,report-invoice,Reports,Sales,Invoice Summary,ReportsWorkspaceView,1,ACTIVE,,Retained focused control or documented replacement,Show variance rows only,Focused control or labelled subordinate tab/action,Bounded content; visible primary task action,IMPLEMENTED,UNVERIFIED,UNVERIFIED,UNVERIFIED,UNVERIFIED,UNVERIFIED,UNVERIFIED,artifacts/ui-redesign/20260912-sprint/matrix-r19; artifacts/ui-redesign/20260912-sprint/control-reconciliation.json; artifacts/ui-redesign/20260912-sprint/controls-r3; docs/audit/ETP-UI-REDESIGN-ACCEPTANCE.md; artifacts/ui-redesign/20260912-sprint/report-states-r7/report-state-results.json,"Source/control mapping and offscreen composition checked; these result columns reserve full interactive/installed acceptance, which is unverified. See acceptance record for scoped local passes."
control:154,View selected report row details,ReportsWorkspaceView,,report-invoice,Reports,Sales,Invoice Summary,ReportsWorkspaceView,1,ACTIVE,,Retained focused control or documented replacement,View selected report row details,Focused control or labelled subordinate tab/action,Bounded content; visible primary task action,IMPLEMENTED,UNVERIFIED,UNVERIFIED,UNVERIFIED,UNVERIFIED,UNVERIFIED,UNVERIFIED,artifacts/ui-redesign/20260912-sprint/matrix-r19; artifacts/ui-redesign/20260912-sprint/control-reconciliation.json; artifacts/ui-redesign/20260912-sprint/controls-r3; docs/audit/ETP-UI-REDESIGN-ACCEPTANCE.md; artifacts/ui-redesign/20260912-sprint/report-states-r7/report-state-results.json,"Source/control mapping and offscreen composition checked; these result columns reserve full interactive/installed acceptance, which is unverified. See acceptance record for scoped local passes."
control:155,Report results,ReportsWorkspaceView,,report-invoice,Reports,Sales,Invoice Summary,ReportsWorkspaceView,1,ACTIVE,,Retained focused control or documented replacement,Report results,Focused control or labelled subordinate tab/action,Bounded content; visible primary task action,IMPLEMENTED,UNVERIFIED,UNVERIFIED,UNVERIFIED,UNVERIFIED,UNVERIFIED,UNVERIFIED,artifacts/ui-redesign/20260912-sprint/matrix-r19; artifacts/ui-redesign/20260912-sprint/control-reconciliation.json; artifacts/ui-redesign/20260912-sprint/controls-r3; docs/audit/ETP-UI-REDESIGN-ACCEPTANCE.md; artifacts/ui-redesign/20260912-sprint/report-states-r7/report-state-results.json,"Source/control mapping and offscreen composition checked; these result columns reserve full interactive/installed acceptance, which is unverified. See acceptance record for scoped local passes."
control:156,Accounting store,AccountingWorkspaceView,,prepare-batch,Accounting,Accounting Workflow,Prepare Batch,AccountingWorkspaceView,1,ACTIVE,,Retained focused control or documented replacement,Accounting store,Focused control or labelled subordinate tab/action,Bounded content; visible primary task action,IMPLEMENTED,UNVERIFIED,UNVERIFIED,UNVERIFIED,UNVERIFIED,UNVERIFIED,UNVERIFIED,artifacts/ui-redesign/20260912-sprint/matrix-r19; artifacts/ui-redesign/20260912-sprint/control-reconciliation.json; artifacts/ui-redesign/20260912-sprint/controls-r3; docs/audit/ETP-UI-REDESIGN-ACCEPTANCE.md,"Source/control mapping and offscreen composition checked; these result columns reserve full interactive/installed acceptance, which is unverified. See acceptance record for scoped local passes."
control:157,Accounting business date,AccountingWorkspaceView,,prepare-batch,Accounting,Accounting Workflow,Prepare Batch,AccountingWorkspaceView,1,ACTIVE,,Retained focused control or documented replacement,Accounting business date,Focused control or labelled subordinate tab/action,Bounded content; visible primary task action,IMPLEMENTED,UNVERIFIED,UNVERIFIED,UNVERIFIED,UNVERIFIED,UNVERIFIED,UNVERIFIED,artifacts/ui-redesign/20260912-sprint/matrix-r19; artifacts/ui-redesign/20260912-sprint/control-reconciliation.json; artifacts/ui-redesign/20260912-sprint/controls-r3; docs/audit/ETP-UI-REDESIGN-ACCEPTANCE.md,"Source/control mapping and offscreen composition checked; these result columns reserve full interactive/installed acceptance, which is unverified. See acceptance record for scoped local passes."
control:158,Preview batch,AccountingWorkspaceView,,prepare-batch,Accounting,Accounting Workflow,Prepare Batch,AccountingWorkspaceView,1,ACTIVE,,Retained focused control or documented replacement,Preview batch,Focused control or labelled subordinate tab/action,Bounded content; visible primary task action,IMPLEMENTED,UNVERIFIED,UNVERIFIED,UNVERIFIED,UNVERIFIED,UNVERIFIED,UNVERIFIED,artifacts/ui-redesign/20260912-sprint/matrix-r19; artifacts/ui-redesign/20260912-sprint/control-reconciliation.json; artifacts/ui-redesign/20260912-sprint/controls-r3; docs/audit/ETP-UI-REDESIGN-ACCEPTANCE.md,"Source/control mapping and offscreen composition checked; these result columns reserve full interactive/installed acceptance, which is unverified. See acceptance record for scoped local passes."
control:159,Save for review,AccountingWorkspaceView,,prepare-batch,Accounting,Accounting Workflow,Prepare Batch,AccountingWorkspaceView,1,ACTIVE,,Retained focused control or documented replacement,Save for review,Focused control or labelled subordinate tab/action,Bounded content; visible primary task action,IMPLEMENTED,UNVERIFIED,UNVERIFIED,UNVERIFIED,UNVERIFIED,UNVERIFIED,UNVERIFIED,artifacts/ui-redesign/20260912-sprint/matrix-r19; artifacts/ui-redesign/20260912-sprint/control-reconciliation.json; artifacts/ui-redesign/20260912-sprint/controls-r3; docs/audit/ETP-UI-REDESIGN-ACCEPTANCE.md,"Source/control mapping and offscreen composition checked; these result columns reserve full interactive/installed acceptance, which is unverified. See acceptance record for scoped local passes."
control:160,Approve selected,AccountingWorkspaceView,,accounting-approval,Approvals,Accounting,Approve Accounting Batch,AccountingWorkspaceView,3,ACTIVE,,Retained focused control or documented replacement,Approve selected,Focused control or labelled subordinate tab/action,Bounded content; visible primary task action,IMPLEMENTED,UNVERIFIED,UNVERIFIED,UNVERIFIED,UNVERIFIED,UNVERIFIED,UNVERIFIED,artifacts/ui-redesign/20260912-sprint/matrix-r19; artifacts/ui-redesign/20260912-sprint/control-reconciliation.json; artifacts/ui-redesign/20260912-sprint/controls-r3; docs/audit/ETP-UI-REDESIGN-ACCEPTANCE.md,"Source/control mapping and offscreen composition checked; these result columns reserve full interactive/installed acceptance, which is unverified. See acceptance record for scoped local passes."
control:161,Export Tally XML…,AccountingWorkspaceView,,tally-export,Accounting,Export,Tally Export,AccountingWorkspaceView,1,ACTIVE,,Retained focused control or documented replacement,Export Tally XML…,Focused control or labelled subordinate tab/action,Bounded content; visible primary task action,IMPLEMENTED,UNVERIFIED,UNVERIFIED,UNVERIFIED,UNVERIFIED,UNVERIFIED,UNVERIFIED,artifacts/ui-redesign/20260912-sprint/matrix-r19; artifacts/ui-redesign/20260912-sprint/control-reconciliation.json; artifacts/ui-redesign/20260912-sprint/controls-r3; docs/audit/ETP-UI-REDESIGN-ACCEPTANCE.md,"Source/control mapping and offscreen composition checked; these result columns reserve full interactive/installed acceptance, which is unverified. See acceptance record for scoped local passes."
control:162,Accounting batch preview,AccountingWorkspaceView,,prepare-batch,Accounting,Accounting Workflow,Prepare Batch,AccountingWorkspaceView,1,ACTIVE,,Retained focused control or documented replacement,Accounting batch preview,Focused control or labelled subordinate tab/action,Bounded content; visible primary task action,IMPLEMENTED,UNVERIFIED,UNVERIFIED,UNVERIFIED,UNVERIFIED,UNVERIFIED,UNVERIFIED,artifacts/ui-redesign/20260912-sprint/matrix-r19; artifacts/ui-redesign/20260912-sprint/control-reconciliation.json; artifacts/ui-redesign/20260912-sprint/controls-r3; docs/audit/ETP-UI-REDESIGN-ACCEPTANCE.md,"Source/control mapping and offscreen composition checked; these result columns reserve full interactive/installed acceptance, which is unverified. See acceptance record for scoped local passes."
control:163,Accounting batch history,AccountingWorkspaceView,,prepare-batch,Accounting,Accounting Workflow,Prepare Batch,AccountingWorkspaceView,1,ACTIVE,,Retained focused control or documented replacement,Accounting batch history,Focused control or labelled subordinate tab/action,Bounded content; visible primary task action,IMPLEMENTED,UNVERIFIED,UNVERIFIED,UNVERIFIED,UNVERIFIED,UNVERIFIED,UNVERIFIED,artifacts/ui-redesign/20260912-sprint/matrix-r19; artifacts/ui-redesign/20260912-sprint/control-reconciliation.json; artifacts/ui-redesign/20260912-sprint/controls-r3; docs/audit/ETP-UI-REDESIGN-ACCEPTANCE.md,"Source/control mapping and offscreen composition checked; these result columns reserve full interactive/installed acceptance, which is unverified. See acceptance record for scoped local passes."
control:164,Accounting business event,AccountingWorkspaceView,,ledger-mapping,Accounting,Accounting Workflow,Ledger Mapping,AccountingWorkspaceView,3,ACTIVE,,Retained focused control or documented replacement,Accounting business event,Focused control or labelled subordinate tab/action,Bounded content; visible primary task action,IMPLEMENTED,UNVERIFIED,UNVERIFIED,UNVERIFIED,UNVERIFIED,UNVERIFIED,UNVERIFIED,artifacts/ui-redesign/20260912-sprint/matrix-r19; artifacts/ui-redesign/20260912-sprint/control-reconciliation.json; artifacts/ui-redesign/20260912-sprint/controls-r3; docs/audit/ETP-UI-REDESIGN-ACCEPTANCE.md,"Source/control mapping and offscreen composition checked; these result columns reserve full interactive/installed acceptance, which is unverified. See acceptance record for scoped local passes."
control:165,Debit ledger,AccountingWorkspaceView,,ledger-mapping,Accounting,Accounting Workflow,Ledger Mapping,AccountingWorkspaceView,3,ACTIVE,,Retained focused control or documented replacement,Debit ledger,Focused control or labelled subordinate tab/action,Bounded content; visible primary task action,IMPLEMENTED,UNVERIFIED,UNVERIFIED,UNVERIFIED,UNVERIFIED,UNVERIFIED,UNVERIFIED,artifacts/ui-redesign/20260912-sprint/matrix-r19; artifacts/ui-redesign/20260912-sprint/control-reconciliation.json; artifacts/ui-redesign/20260912-sprint/controls-r3; docs/audit/ETP-UI-REDESIGN-ACCEPTANCE.md,"Source/control mapping and offscreen composition checked; these result columns reserve full interactive/installed acceptance, which is unverified. See acceptance record for scoped local passes."
control:166,Credit ledger,AccountingWorkspaceView,,ledger-mapping,Accounting,Accounting Workflow,Ledger Mapping,AccountingWorkspaceView,3,ACTIVE,,Retained focused control or documented replacement,Credit ledger,Focused control or labelled subordinate tab/action,Bounded content; visible primary task action,IMPLEMENTED,UNVERIFIED,UNVERIFIED,UNVERIFIED,UNVERIFIED,UNVERIFIED,UNVERIFIED,artifacts/ui-redesign/20260912-sprint/matrix-r19; artifacts/ui-redesign/20260912-sprint/control-reconciliation.json; artifacts/ui-redesign/20260912-sprint/controls-r3; docs/audit/ETP-UI-REDESIGN-ACCEPTANCE.md,"Source/control mapping and offscreen composition checked; these result columns reserve full interactive/installed acceptance, which is unverified. See acceptance record for scoped local passes."
control:167,Accounting narration template,AccountingWorkspaceView,,ledger-mapping,Accounting,Accounting Workflow,Ledger Mapping,AccountingWorkspaceView,3,ACTIVE,,Retained focused control or documented replacement,Accounting narration template,Focused control or labelled subordinate tab/action,Bounded content; visible primary task action,IMPLEMENTED,UNVERIFIED,UNVERIFIED,UNVERIFIED,UNVERIFIED,UNVERIFIED,UNVERIFIED,artifacts/ui-redesign/20260912-sprint/matrix-r19; artifacts/ui-redesign/20260912-sprint/control-reconciliation.json; artifacts/ui-redesign/20260912-sprint/controls-r3; docs/audit/ETP-UI-REDESIGN-ACCEPTANCE.md,"Source/control mapping and offscreen composition checked; these result columns reserve full interactive/installed acceptance, which is unverified. See acceptance record for scoped local passes."
control:168,Accounting approval reason,AccountingWorkspaceView,,ledger-mapping,Accounting,Accounting Workflow,Ledger Mapping,AccountingWorkspaceView,3,ACTIVE,,Retained focused control or documented replacement,Accounting approval reason,Focused control or labelled subordinate tab/action,Bounded content; visible primary task action,IMPLEMENTED,UNVERIFIED,UNVERIFIED,UNVERIFIED,UNVERIFIED,UNVERIFIED,UNVERIFIED,artifacts/ui-redesign/20260912-sprint/matrix-r19; artifacts/ui-redesign/20260912-sprint/control-reconciliation.json; artifacts/ui-redesign/20260912-sprint/controls-r3; docs/audit/ETP-UI-REDESIGN-ACCEPTANCE.md,"Source/control mapping and offscreen composition checked; these result columns reserve full interactive/installed acceptance, which is unverified. See acceptance record for scoped local passes."
control:169,Approve mapping,AccountingWorkspaceView,,ledger-mapping,Accounting,Accounting Workflow,Ledger Mapping,AccountingWorkspaceView,3,ACTIVE,,Retained focused control or documented replacement,Approve mapping,Focused control or labelled subordinate tab/action,Bounded content; visible primary task action,IMPLEMENTED,UNVERIFIED,UNVERIFIED,UNVERIFIED,UNVERIFIED,UNVERIFIED,UNVERIFIED,artifacts/ui-redesign/20260912-sprint/matrix-r19; artifacts/ui-redesign/20260912-sprint/control-reconciliation.json; artifacts/ui-redesign/20260912-sprint/controls-r3; docs/audit/ETP-UI-REDESIGN-ACCEPTANCE.md,"Source/control mapping and offscreen composition checked; these result columns reserve full interactive/installed acceptance, which is unverified. See acceptance record for scoped local passes."
control:170,Batch approval reason,AccountingWorkspaceView,,accounting-approval,Approvals,Accounting,Approve Accounting Batch,AccountingWorkspaceView,3,ACTIVE,,Retained focused control or documented replacement,Batch approval reason,Focused control or labelled subordinate tab/action,Bounded content; visible primary task action,IMPLEMENTED,UNVERIFIED,UNVERIFIED,UNVERIFIED,UNVERIFIED,UNVERIFIED,UNVERIFIED,artifacts/ui-redesign/20260912-sprint/matrix-r19; artifacts/ui-redesign/20260912-sprint/control-reconciliation.json; artifacts/ui-redesign/20260912-sprint/controls-r3; docs/audit/ETP-UI-REDESIGN-ACCEPTANCE.md,"Source/control mapping and offscreen composition checked; these result columns reserve full interactive/installed acceptance, which is unverified. See acceptance record for scoped local passes."
control:171,Refresh operations center,OperationsWorkspaceView,,trends,Dashboard,Performance,Trends,OperationsWorkspaceView,1,ACTIVE,,Retained focused control or documented replacement,Refresh operations center,Focused control or labelled subordinate tab/action,Bounded content; visible primary task action,IMPLEMENTED,UNVERIFIED,UNVERIFIED,UNVERIFIED,UNVERIFIED,UNVERIFIED,UNVERIFIED,artifacts/ui-redesign/20260912-sprint/matrix-r19; artifacts/ui-redesign/20260912-sprint/control-reconciliation.json; artifacts/ui-redesign/20260912-sprint/controls-r3; docs/audit/ETP-UI-REDESIGN-ACCEPTANCE.md,"Source/control mapping and offscreen composition checked; these result columns reserve full interactive/installed acceptance, which is unverified. See acceptance record for scoped local passes."
control:172,Management trend start date,OperationsWorkspaceView,,trends,Dashboard,Performance,Trends,OperationsWorkspaceView,1,ACTIVE,,Retained focused control or documented replacement,Management trend start date,Focused control or labelled subordinate tab/action,Bounded content; visible primary task action,IMPLEMENTED,UNVERIFIED,UNVERIFIED,UNVERIFIED,UNVERIFIED,UNVERIFIED,UNVERIFIED,artifacts/ui-redesign/20260912-sprint/matrix-r19; artifacts/ui-redesign/20260912-sprint/control-reconciliation.json; artifacts/ui-redesign/20260912-sprint/controls-r3; docs/audit/ETP-UI-REDESIGN-ACCEPTANCE.md,"Source/control mapping and offscreen composition checked; these result columns reserve full interactive/installed acceptance, which is unverified. See acceptance record for scoped local passes."
control:173,Management trend end date,OperationsWorkspaceView,,trends,Dashboard,Performance,Trends,OperationsWorkspaceView,1,ACTIVE,,Retained focused control or documented replacement,Management trend end date,Focused control or labelled subordinate tab/action,Bounded content; visible primary task action,IMPLEMENTED,UNVERIFIED,UNVERIFIED,UNVERIFIED,UNVERIFIED,UNVERIFIED,UNVERIFIED,artifacts/ui-redesign/20260912-sprint/matrix-r19; artifacts/ui-redesign/20260912-sprint/control-reconciliation.json; artifacts/ui-redesign/20260912-sprint/controls-r3; docs/audit/ETP-UI-REDESIGN-ACCEPTANCE.md,"Source/control mapping and offscreen composition checked; these result columns reserve full interactive/installed acceptance, which is unverified. See acceptance record for scoped local passes."
control:174,Management sales and control trend,OperationsWorkspaceView,,trends,Dashboard,Performance,Trends,OperationsWorkspaceView,1,ACTIVE,,Retained focused control or documented replacement,Management sales and control trend,Focused control or labelled subordinate tab/action,Bounded content; visible primary task action,IMPLEMENTED,UNVERIFIED,UNVERIFIED,UNVERIFIED,UNVERIFIED,UNVERIFIED,UNVERIFIED,artifacts/ui-redesign/20260912-sprint/matrix-r19; artifacts/ui-redesign/20260912-sprint/control-reconciliation.json; artifacts/ui-redesign/20260912-sprint/controls-r3; docs/audit/ETP-UI-REDESIGN-ACCEPTANCE.md,"Source/control mapping and offscreen composition checked; these result columns reserve full interactive/installed acceptance, which is unverified. See acceptance record for scoped local passes."
control:175,Data quality findings,OperationsWorkspaceView,,control-summary,Dashboard,Controls,Control Summary,OperationsWorkspaceView,1,ACTIVE,,Retained focused control or documented replacement,Data quality findings,Focused control or labelled subordinate tab/action,Bounded content; visible primary task action,IMPLEMENTED,UNVERIFIED,UNVERIFIED,UNVERIFIED,UNVERIFIED,UNVERIFIED,UNVERIFIED,artifacts/ui-redesign/20260912-sprint/matrix-r19; artifacts/ui-redesign/20260912-sprint/control-reconciliation.json; artifacts/ui-redesign/20260912-sprint/controls-r3; docs/audit/ETP-UI-REDESIGN-ACCEPTANCE.md,"Source/control mapping and offscreen composition checked; these result columns reserve full interactive/installed acceptance, which is unverified. See acceptance record for scoped local passes."
control:176,Data quality issue reason,OperationsWorkspaceView,,control-summary,Dashboard,Controls,Control Summary,OperationsWorkspaceView,1,ACTIVE,,Retained focused control or documented replacement,Data quality issue reason,Focused control or labelled subordinate tab/action,Bounded content; visible primary task action,IMPLEMENTED,UNVERIFIED,UNVERIFIED,UNVERIFIED,UNVERIFIED,UNVERIFIED,UNVERIFIED,artifacts/ui-redesign/20260912-sprint/matrix-r19; artifacts/ui-redesign/20260912-sprint/control-reconciliation.json; artifacts/ui-redesign/20260912-sprint/controls-r3; docs/audit/ETP-UI-REDESIGN-ACCEPTANCE.md,"Source/control mapping and offscreen composition checked; these result columns reserve full interactive/installed acceptance, which is unverified. See acceptance record for scoped local passes."
control:177,Acknowledge,OperationsWorkspaceView,ACKNOWLEDGED,control-summary,Dashboard,Controls,Control Summary,OperationsWorkspaceView,1,ACTIVE,,Retained focused control or documented replacement,Acknowledge,Focused control or labelled subordinate tab/action,Bounded content; visible primary task action,IMPLEMENTED,UNVERIFIED,UNVERIFIED,UNVERIFIED,UNVERIFIED,UNVERIFIED,UNVERIFIED,"artifacts/ui-redesign/20260912-sprint/matrix-r19; artifacts/ui-redesign/20260912-sprint/control-reconciliation.json; artifacts/ui-redesign/20260912-sprint/controls-r3; docs/audit/ETP-UI-REDESIGN-ACCEPTANCE.md; local-followup/exports-after/comparison.json and fixture-value-verification.json: programmatic file checks, not installed interaction","Source/control mapping and offscreen composition checked; these result columns reserve full interactive/installed acceptance, which is unverified. See acceptance record for scoped local passes."
control:178,Resolve,OperationsWorkspaceView,RESOLVED,control-summary,Dashboard,Controls,Control Summary,OperationsWorkspaceView,1,ACTIVE,,Retained focused control or documented replacement,Resolve,Focused control or labelled subordinate tab/action,Bounded content; visible primary task action,IMPLEMENTED,UNVERIFIED,UNVERIFIED,UNVERIFIED,UNVERIFIED,UNVERIFIED,UNVERIFIED,"artifacts/ui-redesign/20260912-sprint/matrix-r19; artifacts/ui-redesign/20260912-sprint/control-reconciliation.json; artifacts/ui-redesign/20260912-sprint/controls-r3; docs/audit/ETP-UI-REDESIGN-ACCEPTANCE.md; local-followup/exports-after/comparison.json and fixture-value-verification.json: programmatic file checks, not installed interaction","Source/control mapping and offscreen composition checked; these result columns reserve full interactive/installed acceptance, which is unverified. See acceptance record for scoped local passes."
control:179,Waive,OperationsWorkspaceView,WAIVED,control-summary,Dashboard,Controls,Control Summary,OperationsWorkspaceView,1,ACTIVE,,Retained focused control or documented replacement,Waive,Focused control or labelled subordinate tab/action,Bounded content; visible primary task action,IMPLEMENTED,UNVERIFIED,UNVERIFIED,UNVERIFIED,UNVERIFIED,UNVERIFIED,UNVERIFIED,"artifacts/ui-redesign/20260912-sprint/matrix-r19; artifacts/ui-redesign/20260912-sprint/control-reconciliation.json; artifacts/ui-redesign/20260912-sprint/controls-r3; docs/audit/ETP-UI-REDESIGN-ACCEPTANCE.md; local-followup/exports-after/comparison.json and fixture-value-verification.json: programmatic file checks, not installed interaction","Source/control mapping and offscreen composition checked; these result columns reserve full interactive/installed acceptance, which is unverified. See acceptance record for scoped local passes."
control:180,Automatic import inbound folder,OperationsWorkspaceView,,watch-folder,Settings,Integrations,Watch Folder,OperationsWorkspaceView,2,ACTIVE,,Retained focused control or documented replacement,Automatic import inbound folder,Focused control or labelled subordinate tab/action,Bounded content; visible primary task action,IMPLEMENTED,UNVERIFIED,UNVERIFIED,UNVERIFIED,UNVERIFIED,UNVERIFIED,UNVERIFIED,artifacts/ui-redesign/20260912-sprint/matrix-r19; artifacts/ui-redesign/20260912-sprint/control-reconciliation.json; artifacts/ui-redesign/20260912-sprint/controls-r3; docs/audit/ETP-UI-REDESIGN-ACCEPTANCE.md,"Source/control mapping and offscreen composition checked; these result columns reserve full interactive/installed acceptance, which is unverified. See acceptance record for scoped local passes. Settings sidebar defect reported 2026-09-13; reproduction and repair pending VM access and screen capture (ETP-UI-REDESIGN-ACCEPTANCE-RESUME-2026-09-13.md)."
control:181,Automatic import processed folder,OperationsWorkspaceView,,watch-folder,Settings,Integrations,Watch Folder,OperationsWorkspaceView,2,ACTIVE,,Retained focused control or documented replacement,Automatic import processed folder,Focused control or labelled subordinate tab/action,Bounded content; visible primary task action,IMPLEMENTED,UNVERIFIED,UNVERIFIED,UNVERIFIED,UNVERIFIED,UNVERIFIED,UNVERIFIED,artifacts/ui-redesign/20260912-sprint/matrix-r19; artifacts/ui-redesign/20260912-sprint/control-reconciliation.json; artifacts/ui-redesign/20260912-sprint/controls-r3; docs/audit/ETP-UI-REDESIGN-ACCEPTANCE.md,"Source/control mapping and offscreen composition checked; these result columns reserve full interactive/installed acceptance, which is unverified. See acceptance record for scoped local passes. Settings sidebar defect reported 2026-09-13; reproduction and repair pending VM access and screen capture (ETP-UI-REDESIGN-ACCEPTANCE-RESUME-2026-09-13.md)."
control:182,Automatic import failed folder,OperationsWorkspaceView,,watch-folder,Settings,Integrations,Watch Folder,OperationsWorkspaceView,2,ACTIVE,,Retained focused control or documented replacement,Automatic import failed folder,Focused control or labelled subordinate tab/action,Bounded content; visible primary task action,IMPLEMENTED,UNVERIFIED,UNVERIFIED,UNVERIFIED,UNVERIFIED,UNVERIFIED,UNVERIFIED,artifacts/ui-redesign/20260912-sprint/matrix-r19; artifacts/ui-redesign/20260912-sprint/control-reconciliation.json; artifacts/ui-redesign/20260912-sprint/controls-r3; docs/audit/ETP-UI-REDESIGN-ACCEPTANCE.md,"Source/control mapping and offscreen composition checked; these result columns reserve full interactive/installed acceptance, which is unverified. See acceptance record for scoped local passes. Settings sidebar defect reported 2026-09-13; reproduction and repair pending VM access and screen capture (ETP-UI-REDESIGN-ACCEPTANCE-RESUME-2026-09-13.md)."
control:183,Automatic report output folder,OperationsWorkspaceView,,watch-folder,Settings,Integrations,Watch Folder,OperationsWorkspaceView,2,ACTIVE,,Retained focused control or documented replacement,Automatic report output folder,Focused control or labelled subordinate tab/action,Bounded content; visible primary task action,IMPLEMENTED,UNVERIFIED,UNVERIFIED,UNVERIFIED,UNVERIFIED,UNVERIFIED,UNVERIFIED,artifacts/ui-redesign/20260912-sprint/matrix-r19; artifacts/ui-redesign/20260912-sprint/control-reconciliation.json; artifacts/ui-redesign/20260912-sprint/controls-r3; docs/audit/ETP-UI-REDESIGN-ACCEPTANCE.md,"Source/control mapping and offscreen composition checked; these result columns reserve full interactive/installed acceptance, which is unverified. See acceptance record for scoped local passes. Settings sidebar defect reported 2026-09-13; reproduction and repair pending VM access and screen capture (ETP-UI-REDESIGN-ACCEPTANCE-RESUME-2026-09-13.md)."
control:184,Enable unattended ETP processing,OperationsWorkspaceView,,watch-folder,Settings,Integrations,Watch Folder,OperationsWorkspaceView,2,ACTIVE,,Retained focused control or documented replacement,Enable unattended ETP processing,Focused control or labelled subordinate tab/action,Bounded content; visible primary task action,IMPLEMENTED,UNVERIFIED,UNVERIFIED,UNVERIFIED,UNVERIFIED,UNVERIFIED,UNVERIFIED,artifacts/ui-redesign/20260912-sprint/matrix-r19; artifacts/ui-redesign/20260912-sprint/control-reconciliation.json; artifacts/ui-redesign/20260912-sprint/controls-r3; docs/audit/ETP-UI-REDESIGN-ACCEPTANCE.md,"Source/control mapping and offscreen composition checked; these result columns reserve full interactive/installed acceptance, which is unverified. See acceptance record for scoped local passes. Settings sidebar defect reported 2026-09-13; reproduction and repair pending VM access and screen capture (ETP-UI-REDESIGN-ACCEPTANCE-RESUME-2026-09-13.md)."
control:185,Automation settings change reason,OperationsWorkspaceView,,watch-folder,Settings,Integrations,Watch Folder,OperationsWorkspaceView,2,ACTIVE,,Retained focused control or documented replacement,Automation settings change reason,Focused control or labelled subordinate tab/action,Bounded content; visible primary task action,IMPLEMENTED,UNVERIFIED,UNVERIFIED,UNVERIFIED,UNVERIFIED,UNVERIFIED,UNVERIFIED,artifacts/ui-redesign/20260912-sprint/matrix-r19; artifacts/ui-redesign/20260912-sprint/control-reconciliation.json; artifacts/ui-redesign/20260912-sprint/controls-r3; docs/audit/ETP-UI-REDESIGN-ACCEPTANCE.md,"Source/control mapping and offscreen composition checked; these result columns reserve full interactive/installed acceptance, which is unverified. See acceptance record for scoped local passes. Settings sidebar defect reported 2026-09-13; reproduction and repair pending VM access and screen capture (ETP-UI-REDESIGN-ACCEPTANCE-RESUME-2026-09-13.md)."
control:186,Save automation settings,OperationsWorkspaceView,,watch-folder,Settings,Integrations,Watch Folder,OperationsWorkspaceView,2,ACTIVE,,Retained focused control or documented replacement,Save automation settings,Focused control or labelled subordinate tab/action,Bounded content; visible primary task action,IMPLEMENTED,UNVERIFIED,UNVERIFIED,UNVERIFIED,UNVERIFIED,UNVERIFIED,UNVERIFIED,artifacts/ui-redesign/20260912-sprint/matrix-r19; artifacts/ui-redesign/20260912-sprint/control-reconciliation.json; artifacts/ui-redesign/20260912-sprint/controls-r3; docs/audit/ETP-UI-REDESIGN-ACCEPTANCE.md,"Source/control mapping and offscreen composition checked; these result columns reserve full interactive/installed acceptance, which is unverified. See acceptance record for scoped local passes. Settings sidebar defect reported 2026-09-13; reproduction and repair pending VM access and screen capture (ETP-UI-REDESIGN-ACCEPTANCE-RESUME-2026-09-13.md)."
control:187,Run automation now,OperationsWorkspaceView,,watch-folder,Settings,Integrations,Watch Folder,OperationsWorkspaceView,2,ACTIVE,,Retained focused control or documented replacement,Run automation now,Focused control or labelled subordinate tab/action,Bounded content; visible primary task action,IMPLEMENTED,UNVERIFIED,UNVERIFIED,UNVERIFIED,UNVERIFIED,UNVERIFIED,UNVERIFIED,artifacts/ui-redesign/20260912-sprint/matrix-r19; artifacts/ui-redesign/20260912-sprint/control-reconciliation.json; artifacts/ui-redesign/20260912-sprint/controls-r3; docs/audit/ETP-UI-REDESIGN-ACCEPTANCE.md,"Source/control mapping and offscreen composition checked; these result columns reserve full interactive/installed acceptance, which is unverified. See acceptance record for scoped local passes. Settings sidebar defect reported 2026-09-13; reproduction and repair pending VM access and screen capture (ETP-UI-REDESIGN-ACCEPTANCE-RESUME-2026-09-13.md)."
control:188,Automatic report schedules,OperationsWorkspaceView,,scheduler,Settings,Integrations,Scheduler,OperationsWorkspaceView,3,ACTIVE,,Retained focused control or documented replacement,Automatic report schedules,Focused control or labelled subordinate tab/action,Bounded content; visible primary task action,IMPLEMENTED,UNVERIFIED,UNVERIFIED,UNVERIFIED,UNVERIFIED,UNVERIFIED,UNVERIFIED,artifacts/ui-redesign/20260912-sprint/matrix-r19; artifacts/ui-redesign/20260912-sprint/control-reconciliation.json; artifacts/ui-redesign/20260912-sprint/controls-r3; docs/audit/ETP-UI-REDESIGN-ACCEPTANCE.md,"Source/control mapping and offscreen composition checked; these result columns reserve full interactive/installed acceptance, which is unverified. See acceptance record for scoped local passes. Settings sidebar defect reported 2026-09-13; reproduction and repair pending VM access and screen capture (ETP-UI-REDESIGN-ACCEPTANCE-RESUME-2026-09-13.md)."
control:189,Selected schedule time,OperationsWorkspaceView,,scheduler,Settings,Integrations,Scheduler,OperationsWorkspaceView,3,ACTIVE,,Retained focused control or documented replacement,Selected schedule time,Focused control or labelled subordinate tab/action,Bounded content; visible primary task action,IMPLEMENTED,UNVERIFIED,UNVERIFIED,UNVERIFIED,UNVERIFIED,UNVERIFIED,UNVERIFIED,artifacts/ui-redesign/20260912-sprint/matrix-r19; artifacts/ui-redesign/20260912-sprint/control-reconciliation.json; artifacts/ui-redesign/20260912-sprint/controls-r3; docs/audit/ETP-UI-REDESIGN-ACCEPTANCE.md,"Source/control mapping and offscreen composition checked; these result columns reserve full interactive/installed acceptance, which is unverified. See acceptance record for scoped local passes. Settings sidebar defect reported 2026-09-13; reproduction and repair pending VM access and screen capture (ETP-UI-REDESIGN-ACCEPTANCE-RESUME-2026-09-13.md)."
control:190,Enabled,OperationsWorkspaceView,,scheduler,Settings,Integrations,Scheduler,OperationsWorkspaceView,3,ACTIVE,,Retained focused control or documented replacement,Enabled,Focused control or labelled subordinate tab/action,Bounded content; visible primary task action,IMPLEMENTED,UNVERIFIED,UNVERIFIED,UNVERIFIED,UNVERIFIED,UNVERIFIED,UNVERIFIED,artifacts/ui-redesign/20260912-sprint/matrix-r19; artifacts/ui-redesign/20260912-sprint/control-reconciliation.json; artifacts/ui-redesign/20260912-sprint/controls-r3; docs/audit/ETP-UI-REDESIGN-ACCEPTANCE.md,"Source/control mapping and offscreen composition checked; these result columns reserve full interactive/installed acceptance, which is unverified. See acceptance record for scoped local passes. Settings sidebar defect reported 2026-09-13; reproduction and repair pending VM access and screen capture (ETP-UI-REDESIGN-ACCEPTANCE-RESUME-2026-09-13.md)."
control:191,Excel,OperationsWorkspaceView,,scheduler,Settings,Integrations,Scheduler,OperationsWorkspaceView,3,ACTIVE,,Retained focused control or documented replacement,Excel,Focused control or labelled subordinate tab/action,Bounded content; visible primary task action,IMPLEMENTED,UNVERIFIED,UNVERIFIED,UNVERIFIED,UNVERIFIED,UNVERIFIED,UNVERIFIED,artifacts/ui-redesign/20260912-sprint/matrix-r19; artifacts/ui-redesign/20260912-sprint/control-reconciliation.json; artifacts/ui-redesign/20260912-sprint/controls-r3; docs/audit/ETP-UI-REDESIGN-ACCEPTANCE.md,"Source/control mapping and offscreen composition checked; these result columns reserve full interactive/installed acceptance, which is unverified. See acceptance record for scoped local passes. Settings sidebar defect reported 2026-09-13; reproduction and repair pending VM access and screen capture (ETP-UI-REDESIGN-ACCEPTANCE-RESUME-2026-09-13.md)."
control:192,PDF,OperationsWorkspaceView,,scheduler,Settings,Integrations,Scheduler,OperationsWorkspaceView,3,ACTIVE,,Retained focused control or documented replacement,PDF,Focused control or labelled subordinate tab/action,Bounded content; visible primary task action,IMPLEMENTED,UNVERIFIED,UNVERIFIED,UNVERIFIED,UNVERIFIED,UNVERIFIED,UNVERIFIED,artifacts/ui-redesign/20260912-sprint/matrix-r19; artifacts/ui-redesign/20260912-sprint/control-reconciliation.json; artifacts/ui-redesign/20260912-sprint/controls-r3; docs/audit/ETP-UI-REDESIGN-ACCEPTANCE.md,"Source/control mapping and offscreen composition checked; these result columns reserve full interactive/installed acceptance, which is unverified. See acceptance record for scoped local passes. Settings sidebar defect reported 2026-09-13; reproduction and repair pending VM access and screen capture (ETP-UI-REDESIGN-ACCEPTANCE-RESUME-2026-09-13.md)."
control:193,Schedule change reason,OperationsWorkspaceView,,scheduler,Settings,Integrations,Scheduler,OperationsWorkspaceView,3,ACTIVE,,Retained focused control or documented replacement,Schedule change reason,Focused control or labelled subordinate tab/action,Bounded content; visible primary task action,IMPLEMENTED,UNVERIFIED,UNVERIFIED,UNVERIFIED,UNVERIFIED,UNVERIFIED,UNVERIFIED,artifacts/ui-redesign/20260912-sprint/matrix-r19; artifacts/ui-redesign/20260912-sprint/control-reconciliation.json; artifacts/ui-redesign/20260912-sprint/controls-r3; docs/audit/ETP-UI-REDESIGN-ACCEPTANCE.md,"Source/control mapping and offscreen composition checked; these result columns reserve full interactive/installed acceptance, which is unverified. See acceptance record for scoped local passes. Settings sidebar defect reported 2026-09-13; reproduction and repair pending VM access and screen capture (ETP-UI-REDESIGN-ACCEPTANCE-RESUME-2026-09-13.md)."
control:194,Update selected schedule,OperationsWorkspaceView,,scheduler,Settings,Integrations,Scheduler,OperationsWorkspaceView,3,ACTIVE,,Retained focused control or documented replacement,Update selected schedule,Focused control or labelled subordinate tab/action,Bounded content; visible primary task action,IMPLEMENTED,UNVERIFIED,UNVERIFIED,UNVERIFIED,UNVERIFIED,UNVERIFIED,UNVERIFIED,artifacts/ui-redesign/20260912-sprint/matrix-r19; artifacts/ui-redesign/20260912-sprint/control-reconciliation.json; artifacts/ui-redesign/20260912-sprint/controls-r3; docs/audit/ETP-UI-REDESIGN-ACCEPTANCE.md,"Source/control mapping and offscreen composition checked; these result columns reserve full interactive/installed acceptance, which is unverified. See acceptance record for scoped local passes. Settings sidebar defect reported 2026-09-13; reproduction and repair pending VM access and screen capture (ETP-UI-REDESIGN-ACCEPTANCE-RESUME-2026-09-13.md)."
control:195,Recent unattended operations,OperationsWorkspaceView,,scheduler,Settings,Integrations,Scheduler,OperationsWorkspaceView,3,ACTIVE,,Retained focused control or documented replacement,Recent unattended operations,Focused control or labelled subordinate tab/action,Bounded content; visible primary task action,IMPLEMENTED,UNVERIFIED,UNVERIFIED,UNVERIFIED,UNVERIFIED,UNVERIFIED,UNVERIFIED,artifacts/ui-redesign/20260912-sprint/matrix-r19; artifacts/ui-redesign/20260912-sprint/control-reconciliation.json; artifacts/ui-redesign/20260912-sprint/controls-r3; docs/audit/ETP-UI-REDESIGN-ACCEPTANCE.md,"Source/control mapping and offscreen composition checked; these result columns reserve full interactive/installed acceptance, which is unverified. See acceptance record for scoped local passes. Settings sidebar defect reported 2026-09-13; reproduction and repair pending VM access and screen capture (ETP-UI-REDESIGN-ACCEPTANCE-RESUME-2026-09-13.md)."
control:196,Run database backup now,OperationsWorkspaceView,,backups,Settings,Database & Recovery,Backups,OperationsWorkspaceView,3,ACTIVE,,Retained focused control or documented replacement,Run database backup now,Focused control or labelled subordinate tab/action,Bounded content; visible primary task action,IMPLEMENTED,UNVERIFIED,UNVERIFIED,UNVERIFIED,UNVERIFIED,UNVERIFIED,UNVERIFIED,artifacts/ui-redesign/20260912-sprint/matrix-r19; artifacts/ui-redesign/20260912-sprint/control-reconciliation.json; artifacts/ui-redesign/20260912-sprint/controls-r3; docs/audit/ETP-UI-REDESIGN-ACCEPTANCE.md,"Source/control mapping and offscreen composition checked; these result columns reserve full interactive/installed acceptance, which is unverified. See acceptance record for scoped local passes. Settings sidebar defect reported 2026-09-13; reproduction and repair pending VM access and screen capture (ETP-UI-REDESIGN-ACCEPTANCE-RESUME-2026-09-13.md)."
control:197,Run isolated database recovery drill,OperationsWorkspaceView,,recovery,Settings,Database & Recovery,Restore & Recovery Drill,OperationsWorkspaceView,3,ACTIVE,,Retained focused control or documented replacement,Run isolated database recovery drill,Focused control or labelled subordinate tab/action,Bounded content; visible primary task action,IMPLEMENTED,UNVERIFIED,UNVERIFIED,UNVERIFIED,UNVERIFIED,UNVERIFIED,UNVERIFIED,artifacts/ui-redesign/20260912-sprint/matrix-r19; artifacts/ui-redesign/20260912-sprint/control-reconciliation.json; artifacts/ui-redesign/20260912-sprint/controls-r3; docs/audit/ETP-UI-REDESIGN-ACCEPTANCE.md,"Source/control mapping and offscreen composition checked; these result columns reserve full interactive/installed acceptance, which is unverified. See acceptance record for scoped local passes. Settings sidebar defect reported 2026-09-13; reproduction and repair pending VM access and screen capture (ETP-UI-REDESIGN-ACCEPTANCE-RESUME-2026-09-13.md)."
control:198,Create privacy-safe support package,OperationsWorkspaceView,,support-package,Settings,Database & Recovery,Support Package,OperationsWorkspaceView,3,ACTIVE,,Retained focused control or documented replacement,Create privacy-safe support package,Focused control or labelled subordinate tab/action,Bounded content; visible primary task action,IMPLEMENTED,UNVERIFIED,UNVERIFIED,UNVERIFIED,UNVERIFIED,UNVERIFIED,UNVERIFIED,artifacts/ui-redesign/20260912-sprint/matrix-r19; artifacts/ui-redesign/20260912-sprint/control-reconciliation.json; artifacts/ui-redesign/20260912-sprint/controls-r3; docs/audit/ETP-UI-REDESIGN-ACCEPTANCE.md,"Source/control mapping and offscreen composition checked; these result columns reserve full interactive/installed acceptance, which is unverified. See acceptance record for scoped local passes. Settings sidebar defect reported 2026-09-13; reproduction and repair pending VM access and screen capture (ETP-UI-REDESIGN-ACCEPTANCE-RESUME-2026-09-13.md)."
control:199,Global investigation search,InvestigationApprovalsWorkspaceView,,investigation,Exceptions,Review,Investigation,InvestigationApprovalsWorkspaceView,1,ACTIVE,,Retained focused control or documented replacement,Global investigation search,Focused control or labelled subordinate tab/action,Bounded content; visible primary task action,IMPLEMENTED,UNVERIFIED,UNVERIFIED,UNVERIFIED,UNVERIFIED,UNVERIFIED,UNVERIFIED,artifacts/ui-redesign/20260912-sprint/matrix-r19; artifacts/ui-redesign/20260912-sprint/control-reconciliation.json; artifacts/ui-redesign/20260912-sprint/controls-r3; docs/audit/ETP-UI-REDESIGN-ACCEPTANCE.md,"Source/control mapping and offscreen composition checked; these result columns reserve full interactive/installed acceptance, which is unverified. See acceptance record for scoped local passes."
control:200,Search,InvestigationApprovalsWorkspaceView,,investigation,Exceptions,Review,Investigation,InvestigationApprovalsWorkspaceView,1,ACTIVE,,Retained focused control or documented replacement,Search,Focused control or labelled subordinate tab/action,Bounded content; visible primary task action,IMPLEMENTED,UNVERIFIED,UNVERIFIED,UNVERIFIED,UNVERIFIED,UNVERIFIED,UNVERIFIED,artifacts/ui-redesign/20260912-sprint/matrix-r19; artifacts/ui-redesign/20260912-sprint/control-reconciliation.json; artifacts/ui-redesign/20260912-sprint/controls-r3; docs/audit/ETP-UI-REDESIGN-ACCEPTANCE.md,"Source/control mapping and offscreen composition checked; these result columns reserve full interactive/installed acceptance, which is unverified. See acceptance record for scoped local passes."
control:201,Refresh approvals,InvestigationApprovalsWorkspaceView,,investigation,Exceptions,Review,Investigation,InvestigationApprovalsWorkspaceView,1,ACTIVE,,Retained focused control or documented replacement,Refresh approvals,Focused control or labelled subordinate tab/action,Bounded content; visible primary task action,IMPLEMENTED,UNVERIFIED,UNVERIFIED,UNVERIFIED,UNVERIFIED,UNVERIFIED,UNVERIFIED,artifacts/ui-redesign/20260912-sprint/matrix-r19; artifacts/ui-redesign/20260912-sprint/control-reconciliation.json; artifacts/ui-redesign/20260912-sprint/controls-r3; docs/audit/ETP-UI-REDESIGN-ACCEPTANCE.md,"Source/control mapping and offscreen composition checked; these result columns reserve full interactive/installed acceptance, which is unverified. See acceptance record for scoped local passes."
control:202,Global investigation results,InvestigationApprovalsWorkspaceView,,investigation,Exceptions,Review,Investigation,InvestigationApprovalsWorkspaceView,1,ACTIVE,,Retained focused control or documented replacement,Global investigation results,Focused control or labelled subordinate tab/action,Bounded content; visible primary task action,IMPLEMENTED,UNVERIFIED,UNVERIFIED,UNVERIFIED,UNVERIFIED,UNVERIFIED,UNVERIFIED,artifacts/ui-redesign/20260912-sprint/matrix-r19; artifacts/ui-redesign/20260912-sprint/control-reconciliation.json; artifacts/ui-redesign/20260912-sprint/controls-r3; docs/audit/ETP-UI-REDESIGN-ACCEPTANCE.md,"Source/control mapping and offscreen composition checked; these result columns reserve full interactive/installed acceptance, which is unverified. See acceptance record for scoped local passes."
control:203,Adjustment store,InvestigationApprovalsWorkspaceView,,adjustment,Exceptions,Review,Adjustment Request,InvestigationApprovalsWorkspaceView,2,ACTIVE,,Retained focused control or documented replacement,Adjustment store,Focused control or labelled subordinate tab/action,Bounded content; visible primary task action,IMPLEMENTED,UNVERIFIED,UNVERIFIED,UNVERIFIED,UNVERIFIED,UNVERIFIED,UNVERIFIED,artifacts/ui-redesign/20260912-sprint/matrix-r19; artifacts/ui-redesign/20260912-sprint/control-reconciliation.json; artifacts/ui-redesign/20260912-sprint/controls-r3; docs/audit/ETP-UI-REDESIGN-ACCEPTANCE.md,"Source/control mapping and offscreen composition checked; these result columns reserve full interactive/installed acceptance, which is unverified. See acceptance record for scoped local passes."
control:204,Adjustment business date,InvestigationApprovalsWorkspaceView,,adjustment,Exceptions,Review,Adjustment Request,InvestigationApprovalsWorkspaceView,2,ACTIVE,,Retained focused control or documented replacement,Adjustment business date,Focused control or labelled subordinate tab/action,Bounded content; visible primary task action,IMPLEMENTED,UNVERIFIED,UNVERIFIED,UNVERIFIED,UNVERIFIED,UNVERIFIED,UNVERIFIED,artifacts/ui-redesign/20260912-sprint/matrix-r19; artifacts/ui-redesign/20260912-sprint/control-reconciliation.json; artifacts/ui-redesign/20260912-sprint/controls-r3; docs/audit/ETP-UI-REDESIGN-ACCEPTANCE.md,"Source/control mapping and offscreen composition checked; these result columns reserve full interactive/installed acceptance, which is unverified. See acceptance record for scoped local passes."
control:205,Adjustment type,InvestigationApprovalsWorkspaceView,,adjustment,Exceptions,Review,Adjustment Request,InvestigationApprovalsWorkspaceView,2,ACTIVE,,Retained focused control or documented replacement,Adjustment type,Focused control or labelled subordinate tab/action,Bounded content; visible primary task action,IMPLEMENTED,UNVERIFIED,UNVERIFIED,UNVERIFIED,UNVERIFIED,UNVERIFIED,UNVERIFIED,artifacts/ui-redesign/20260912-sprint/matrix-r19; artifacts/ui-redesign/20260912-sprint/control-reconciliation.json; artifacts/ui-redesign/20260912-sprint/controls-r3; docs/audit/ETP-UI-REDESIGN-ACCEPTANCE.md,"Source/control mapping and offscreen composition checked; these result columns reserve full interactive/installed acceptance, which is unverified. See acceptance record for scoped local passes."
control:206,Signed adjustment amount,InvestigationApprovalsWorkspaceView,,adjustment,Exceptions,Review,Adjustment Request,InvestigationApprovalsWorkspaceView,2,ACTIVE,,Retained focused control or documented replacement,Signed adjustment amount,Focused control or labelled subordinate tab/action,Bounded content; visible primary task action,IMPLEMENTED,UNVERIFIED,UNVERIFIED,UNVERIFIED,UNVERIFIED,UNVERIFIED,UNVERIFIED,artifacts/ui-redesign/20260912-sprint/matrix-r19; artifacts/ui-redesign/20260912-sprint/control-reconciliation.json; artifacts/ui-redesign/20260912-sprint/controls-r3; docs/audit/ETP-UI-REDESIGN-ACCEPTANCE.md,"Source/control mapping and offscreen composition checked; these result columns reserve full interactive/installed acceptance, which is unverified. See acceptance record for scoped local passes."
control:207,Adjustment reason,InvestigationApprovalsWorkspaceView,,adjustment,Exceptions,Review,Adjustment Request,InvestigationApprovalsWorkspaceView,2,ACTIVE,,Retained focused control or documented replacement,Adjustment reason,Focused control or labelled subordinate tab/action,Bounded content; visible primary task action,IMPLEMENTED,UNVERIFIED,UNVERIFIED,UNVERIFIED,UNVERIFIED,UNVERIFIED,UNVERIFIED,artifacts/ui-redesign/20260912-sprint/matrix-r19; artifacts/ui-redesign/20260912-sprint/control-reconciliation.json; artifacts/ui-redesign/20260912-sprint/controls-r3; docs/audit/ETP-UI-REDESIGN-ACCEPTANCE.md,"Source/control mapping and offscreen composition checked; these result columns reserve full interactive/installed acceptance, which is unverified. See acceptance record for scoped local passes."
control:208,Submit for approval,InvestigationApprovalsWorkspaceView,,adjustment,Exceptions,Review,Adjustment Request,InvestigationApprovalsWorkspaceView,2,ACTIVE,,Retained focused control or documented replacement,Submit for approval,Focused control or labelled subordinate tab/action,Bounded content; visible primary task action,IMPLEMENTED,UNVERIFIED,UNVERIFIED,UNVERIFIED,UNVERIFIED,UNVERIFIED,UNVERIFIED,artifacts/ui-redesign/20260912-sprint/matrix-r19; artifacts/ui-redesign/20260912-sprint/control-reconciliation.json; artifacts/ui-redesign/20260912-sprint/controls-r3; docs/audit/ETP-UI-REDESIGN-ACCEPTANCE.md,"Source/control mapping and offscreen composition checked; these result columns reserve full interactive/installed acceptance, which is unverified. See acceptance record for scoped local passes."
control:209,Pending approvals,InvestigationApprovalsWorkspaceView,,approval-centre,Approvals,Review,Approval Centre,InvestigationApprovalsWorkspaceView,3,ACTIVE,,Retained focused control or documented replacement,Pending approvals,Focused control or labelled subordinate tab/action,Bounded content; visible primary task action,IMPLEMENTED,UNVERIFIED,UNVERIFIED,UNVERIFIED,UNVERIFIED,UNVERIFIED,UNVERIFIED,artifacts/ui-redesign/20260912-sprint/matrix-r19; artifacts/ui-redesign/20260912-sprint/control-reconciliation.json; artifacts/ui-redesign/20260912-sprint/controls-r3; docs/audit/ETP-UI-REDESIGN-ACCEPTANCE.md,"Source/control mapping and offscreen composition checked; these result columns reserve full interactive/installed acceptance, which is unverified. See acceptance record for scoped local passes."
control:210,Approval decision reason,InvestigationApprovalsWorkspaceView,,approval-centre,Approvals,Review,Approval Centre,InvestigationApprovalsWorkspaceView,3,ACTIVE,,Retained focused control or documented replacement,Approval decision reason,Focused control or labelled subordinate tab/action,Bounded content; visible primary task action,IMPLEMENTED,UNVERIFIED,UNVERIFIED,UNVERIFIED,UNVERIFIED,UNVERIFIED,UNVERIFIED,artifacts/ui-redesign/20260912-sprint/matrix-r19; artifacts/ui-redesign/20260912-sprint/control-reconciliation.json; artifacts/ui-redesign/20260912-sprint/controls-r3; docs/audit/ETP-UI-REDESIGN-ACCEPTANCE.md,"Source/control mapping and offscreen composition checked; these result columns reserve full interactive/installed acceptance, which is unverified. See acceptance record for scoped local passes."
control:211,Approve selected,InvestigationApprovalsWorkspaceView,,approval-centre,Approvals,Review,Approval Centre,InvestigationApprovalsWorkspaceView,3,ACTIVE,,Retained focused control or documented replacement,Approve selected,Focused control or labelled subordinate tab/action,Bounded content; visible primary task action,IMPLEMENTED,UNVERIFIED,UNVERIFIED,UNVERIFIED,UNVERIFIED,UNVERIFIED,UNVERIFIED,artifacts/ui-redesign/20260912-sprint/matrix-r19; artifacts/ui-redesign/20260912-sprint/control-reconciliation.json; artifacts/ui-redesign/20260912-sprint/controls-r3; docs/audit/ETP-UI-REDESIGN-ACCEPTANCE.md,"Source/control mapping and offscreen composition checked; these result columns reserve full interactive/installed acceptance, which is unverified. See acceptance record for scoped local passes."
control:212,Reject selected,InvestigationApprovalsWorkspaceView,,approval-centre,Approvals,Review,Approval Centre,InvestigationApprovalsWorkspaceView,3,ACTIVE,,Retained focused control or documented replacement,Reject selected,Focused control or labelled subordinate tab/action,Bounded content; visible primary task action,IMPLEMENTED,UNVERIFIED,UNVERIFIED,UNVERIFIED,UNVERIFIED,UNVERIFIED,UNVERIFIED,artifacts/ui-redesign/20260912-sprint/matrix-r19; artifacts/ui-redesign/20260912-sprint/control-reconciliation.json; artifacts/ui-redesign/20260912-sprint/controls-r3; docs/audit/ETP-UI-REDESIGN-ACCEPTANCE.md,"Source/control mapping and offscreen composition checked; these result columns reserve full interactive/installed acceptance, which is unverified. See acceptance record for scoped local passes."
control:213,Master data type,AdministrationWorkspaceView,,stores,Settings,Stores & Masters,Stores,AdministrationWorkspaceView,3,ACTIVE,,Retained focused control or documented replacement,Master data type,Focused control or labelled subordinate tab/action,Bounded content; visible primary task action,IMPLEMENTED,UNVERIFIED,UNVERIFIED,UNVERIFIED,UNVERIFIED,UNVERIFIED,UNVERIFIED,artifacts/ui-redesign/20260912-sprint/matrix-r19; artifacts/ui-redesign/20260912-sprint/control-reconciliation.json; artifacts/ui-redesign/20260912-sprint/controls-r3; docs/audit/ETP-UI-REDESIGN-ACCEPTANCE.md,"Source/control mapping and offscreen composition checked; these result columns reserve full interactive/installed acceptance, which is unverified. See acceptance record for scoped local passes. Settings sidebar defect reported 2026-09-13; reproduction and repair pending VM access and screen capture (ETP-UI-REDESIGN-ACCEPTANCE-RESUME-2026-09-13.md)."
control:214,Master code,AdministrationWorkspaceView,,stores,Settings,Stores & Masters,Stores,AdministrationWorkspaceView,3,ACTIVE,,Retained focused control or documented replacement,Master code,Focused control or labelled subordinate tab/action,Bounded content; visible primary task action,IMPLEMENTED,UNVERIFIED,UNVERIFIED,UNVERIFIED,UNVERIFIED,UNVERIFIED,UNVERIFIED,artifacts/ui-redesign/20260912-sprint/matrix-r19; artifacts/ui-redesign/20260912-sprint/control-reconciliation.json; artifacts/ui-redesign/20260912-sprint/controls-r3; docs/audit/ETP-UI-REDESIGN-ACCEPTANCE.md,"Source/control mapping and offscreen composition checked; these result columns reserve full interactive/installed acceptance, which is unverified. See acceptance record for scoped local passes. Settings sidebar defect reported 2026-09-13; reproduction and repair pending VM access and screen capture (ETP-UI-REDESIGN-ACCEPTANCE-RESUME-2026-09-13.md)."
control:215,Master display name,AdministrationWorkspaceView,,stores,Settings,Stores & Masters,Stores,AdministrationWorkspaceView,3,ACTIVE,,Retained focused control or documented replacement,Master display name,Focused control or labelled subordinate tab/action,Bounded content; visible primary task action,IMPLEMENTED,UNVERIFIED,UNVERIFIED,UNVERIFIED,UNVERIFIED,UNVERIFIED,UNVERIFIED,artifacts/ui-redesign/20260912-sprint/matrix-r19; artifacts/ui-redesign/20260912-sprint/control-reconciliation.json; artifacts/ui-redesign/20260912-sprint/controls-r3; docs/audit/ETP-UI-REDESIGN-ACCEPTANCE.md,"Source/control mapping and offscreen composition checked; these result columns reserve full interactive/installed acceptance, which is unverified. See acceptance record for scoped local passes. Settings sidebar defect reported 2026-09-13; reproduction and repair pending VM access and screen capture (ETP-UI-REDESIGN-ACCEPTANCE-RESUME-2026-09-13.md)."
control:216,Master approval status,AdministrationWorkspaceView,,stores,Settings,Stores & Masters,Stores,AdministrationWorkspaceView,3,ACTIVE,,Retained focused control or documented replacement,Master approval status,Focused control or labelled subordinate tab/action,Bounded content; visible primary task action,IMPLEMENTED,UNVERIFIED,UNVERIFIED,UNVERIFIED,UNVERIFIED,UNVERIFIED,UNVERIFIED,artifacts/ui-redesign/20260912-sprint/matrix-r19; artifacts/ui-redesign/20260912-sprint/control-reconciliation.json; artifacts/ui-redesign/20260912-sprint/controls-r3; docs/audit/ETP-UI-REDESIGN-ACCEPTANCE.md,"Source/control mapping and offscreen composition checked; these result columns reserve full interactive/installed acceptance, which is unverified. See acceptance record for scoped local passes. Settings sidebar defect reported 2026-09-13; reproduction and repair pending VM access and screen capture (ETP-UI-REDESIGN-ACCEPTANCE-RESUME-2026-09-13.md)."
control:217,Active,AdministrationWorkspaceView,,stores,Settings,Stores & Masters,Stores,AdministrationWorkspaceView,3,ACTIVE,,Retained focused control or documented replacement,Active,Focused control or labelled subordinate tab/action,Bounded content; visible primary task action,IMPLEMENTED,UNVERIFIED,UNVERIFIED,UNVERIFIED,UNVERIFIED,UNVERIFIED,UNVERIFIED,artifacts/ui-redesign/20260912-sprint/matrix-r19; artifacts/ui-redesign/20260912-sprint/control-reconciliation.json; artifacts/ui-redesign/20260912-sprint/controls-r3; docs/audit/ETP-UI-REDESIGN-ACCEPTANCE.md,"Source/control mapping and offscreen composition checked; these result columns reserve full interactive/installed acceptance, which is unverified. See acceptance record for scoped local passes. Settings sidebar defect reported 2026-09-13; reproduction and repair pending VM access and screen capture (ETP-UI-REDESIGN-ACCEPTANCE-RESUME-2026-09-13.md)."
control:218,Master change reason,AdministrationWorkspaceView,,stores,Settings,Stores & Masters,Stores,AdministrationWorkspaceView,3,ACTIVE,,Retained focused control or documented replacement,Master change reason,Focused control or labelled subordinate tab/action,Bounded content; visible primary task action,IMPLEMENTED,UNVERIFIED,UNVERIFIED,UNVERIFIED,UNVERIFIED,UNVERIFIED,UNVERIFIED,artifacts/ui-redesign/20260912-sprint/matrix-r19; artifacts/ui-redesign/20260912-sprint/control-reconciliation.json; artifacts/ui-redesign/20260912-sprint/controls-r3; docs/audit/ETP-UI-REDESIGN-ACCEPTANCE.md,"Source/control mapping and offscreen composition checked; these result columns reserve full interactive/installed acceptance, which is unverified. See acceptance record for scoped local passes. Settings sidebar defect reported 2026-09-13; reproduction and repair pending VM access and screen capture (ETP-UI-REDESIGN-ACCEPTANCE-RESUME-2026-09-13.md)."
control:219,Save master,AdministrationWorkspaceView,,stores,Settings,Stores & Masters,Stores,AdministrationWorkspaceView,3,ACTIVE,,Retained focused control or documented replacement,Save master,Focused control or labelled subordinate tab/action,Bounded content; visible primary task action,IMPLEMENTED,UNVERIFIED,UNVERIFIED,UNVERIFIED,UNVERIFIED,UNVERIFIED,UNVERIFIED,artifacts/ui-redesign/20260912-sprint/matrix-r19; artifacts/ui-redesign/20260912-sprint/control-reconciliation.json; artifacts/ui-redesign/20260912-sprint/controls-r3; docs/audit/ETP-UI-REDESIGN-ACCEPTANCE.md,"Source/control mapping and offscreen composition checked; these result columns reserve full interactive/installed acceptance, which is unverified. See acceptance record for scoped local passes. Settings sidebar defect reported 2026-09-13; reproduction and repair pending VM access and screen capture (ETP-UI-REDESIGN-ACCEPTANCE-RESUME-2026-09-13.md)."
control:220,Controlled master values,AdministrationWorkspaceView,,stores,Settings,Stores & Masters,Stores,AdministrationWorkspaceView,3,ACTIVE,,Retained focused control or documented replacement,Controlled master values,Focused control or labelled subordinate tab/action,Bounded content; visible primary task action,IMPLEMENTED,UNVERIFIED,UNVERIFIED,UNVERIFIED,UNVERIFIED,UNVERIFIED,UNVERIFIED,artifacts/ui-redesign/20260912-sprint/matrix-r19; artifacts/ui-redesign/20260912-sprint/control-reconciliation.json; artifacts/ui-redesign/20260912-sprint/controls-r3; docs/audit/ETP-UI-REDESIGN-ACCEPTANCE.md,"Source/control mapping and offscreen composition checked; these result columns reserve full interactive/installed acceptance, which is unverified. See acceptance record for scoped local passes. Settings sidebar defect reported 2026-09-13; reproduction and repair pending VM access and screen capture (ETP-UI-REDESIGN-ACCEPTANCE-RESUME-2026-09-13.md)."
control:221,Windows user identity,AdministrationWorkspaceView,,users,Settings,Users & Access,Users & Roles,AdministrationWorkspaceView,3,ACTIVE,,Retained focused control or documented replacement,Windows user identity,Focused control or labelled subordinate tab/action,Bounded content; visible primary task action,IMPLEMENTED,UNVERIFIED,UNVERIFIED,UNVERIFIED,UNVERIFIED,UNVERIFIED,UNVERIFIED,artifacts/ui-redesign/20260912-sprint/matrix-r19; artifacts/ui-redesign/20260912-sprint/control-reconciliation.json; artifacts/ui-redesign/20260912-sprint/controls-r3; docs/audit/ETP-UI-REDESIGN-ACCEPTANCE.md,"Source/control mapping and offscreen composition checked; these result columns reserve full interactive/installed acceptance, which is unverified. See acceptance record for scoped local passes. Settings sidebar defect reported 2026-09-13; reproduction and repair pending VM access and screen capture (ETP-UI-REDESIGN-ACCEPTANCE-RESUME-2026-09-13.md)."
control:222,User display name,AdministrationWorkspaceView,,users,Settings,Users & Access,Users & Roles,AdministrationWorkspaceView,3,ACTIVE,,Retained focused control or documented replacement,User display name,Focused control or labelled subordinate tab/action,Bounded content; visible primary task action,IMPLEMENTED,UNVERIFIED,UNVERIFIED,UNVERIFIED,UNVERIFIED,UNVERIFIED,UNVERIFIED,artifacts/ui-redesign/20260912-sprint/matrix-r19; artifacts/ui-redesign/20260912-sprint/control-reconciliation.json; artifacts/ui-redesign/20260912-sprint/controls-r3; docs/audit/ETP-UI-REDESIGN-ACCEPTANCE.md,"Source/control mapping and offscreen composition checked; these result columns reserve full interactive/installed acceptance, which is unverified. See acceptance record for scoped local passes. Settings sidebar defect reported 2026-09-13; reproduction and repair pending VM access and screen capture (ETP-UI-REDESIGN-ACCEPTANCE-RESUME-2026-09-13.md)."
control:223,Application role,AdministrationWorkspaceView,,users,Settings,Users & Access,Users & Roles,AdministrationWorkspaceView,3,ACTIVE,,Retained focused control or documented replacement,Application role,Focused control or labelled subordinate tab/action,Bounded content; visible primary task action,IMPLEMENTED,UNVERIFIED,UNVERIFIED,UNVERIFIED,UNVERIFIED,UNVERIFIED,UNVERIFIED,artifacts/ui-redesign/20260912-sprint/matrix-r19; artifacts/ui-redesign/20260912-sprint/control-reconciliation.json; artifacts/ui-redesign/20260912-sprint/controls-r3; docs/audit/ETP-UI-REDESIGN-ACCEPTANCE.md,"Source/control mapping and offscreen composition checked; these result columns reserve full interactive/installed acceptance, which is unverified. See acceptance record for scoped local passes. Settings sidebar defect reported 2026-09-13; reproduction and repair pending VM access and screen capture (ETP-UI-REDESIGN-ACCEPTANCE-RESUME-2026-09-13.md)."
control:224,Active,AdministrationWorkspaceView,,users,Settings,Users & Access,Users & Roles,AdministrationWorkspaceView,3,ACTIVE,,Retained focused control or documented replacement,Active,Focused control or labelled subordinate tab/action,Bounded content; visible primary task action,IMPLEMENTED,UNVERIFIED,UNVERIFIED,UNVERIFIED,UNVERIFIED,UNVERIFIED,UNVERIFIED,artifacts/ui-redesign/20260912-sprint/matrix-r19; artifacts/ui-redesign/20260912-sprint/control-reconciliation.json; artifacts/ui-redesign/20260912-sprint/controls-r3; docs/audit/ETP-UI-REDESIGN-ACCEPTANCE.md,"Source/control mapping and offscreen composition checked; these result columns reserve full interactive/installed acceptance, which is unverified. See acceptance record for scoped local passes. Settings sidebar defect reported 2026-09-13; reproduction and repair pending VM access and screen capture (ETP-UI-REDESIGN-ACCEPTANCE-RESUME-2026-09-13.md)."
control:225,User access change reason,AdministrationWorkspaceView,,users,Settings,Users & Access,Users & Roles,AdministrationWorkspaceView,3,ACTIVE,,Retained focused control or documented replacement,User access change reason,Focused control or labelled subordinate tab/action,Bounded content; visible primary task action,IMPLEMENTED,UNVERIFIED,UNVERIFIED,UNVERIFIED,UNVERIFIED,UNVERIFIED,UNVERIFIED,artifacts/ui-redesign/20260912-sprint/matrix-r19; artifacts/ui-redesign/20260912-sprint/control-reconciliation.json; artifacts/ui-redesign/20260912-sprint/controls-r3; docs/audit/ETP-UI-REDESIGN-ACCEPTANCE.md,"Source/control mapping and offscreen composition checked; these result columns reserve full interactive/installed acceptance, which is unverified. See acceptance record for scoped local passes. Settings sidebar defect reported 2026-09-13; reproduction and repair pending VM access and screen capture (ETP-UI-REDESIGN-ACCEPTANCE-RESUME-2026-09-13.md)."
control:226,Save user access,AdministrationWorkspaceView,,users,Settings,Users & Access,Users & Roles,AdministrationWorkspaceView,3,ACTIVE,,Retained focused control or documented replacement,Save user access,Focused control or labelled subordinate tab/action,Bounded content; visible primary task action,IMPLEMENTED,UNVERIFIED,UNVERIFIED,UNVERIFIED,UNVERIFIED,UNVERIFIED,UNVERIFIED,artifacts/ui-redesign/20260912-sprint/matrix-r19; artifacts/ui-redesign/20260912-sprint/control-reconciliation.json; artifacts/ui-redesign/20260912-sprint/controls-r3; docs/audit/ETP-UI-REDESIGN-ACCEPTANCE.md,"Source/control mapping and offscreen composition checked; these result columns reserve full interactive/installed acceptance, which is unverified. See acceptance record for scoped local passes. Settings sidebar defect reported 2026-09-13; reproduction and repair pending VM access and screen capture (ETP-UI-REDESIGN-ACCEPTANCE-RESUME-2026-09-13.md)."
control:227,Application users,AdministrationWorkspaceView,,users,Settings,Users & Access,Users & Roles,AdministrationWorkspaceView,3,ACTIVE,,Retained focused control or documented replacement,Application users,Focused control or labelled subordinate tab/action,Bounded content; visible primary task action,IMPLEMENTED,UNVERIFIED,UNVERIFIED,UNVERIFIED,UNVERIFIED,UNVERIFIED,UNVERIFIED,artifacts/ui-redesign/20260912-sprint/matrix-r19; artifacts/ui-redesign/20260912-sprint/control-reconciliation.json; artifacts/ui-redesign/20260912-sprint/controls-r3; docs/audit/ETP-UI-REDESIGN-ACCEPTANCE.md,"Source/control mapping and offscreen composition checked; these result columns reserve full interactive/installed acceptance, which is unverified. See acceptance record for scoped local passes. Settings sidebar defect reported 2026-09-13; reproduction and repair pending VM access and screen capture (ETP-UI-REDESIGN-ACCEPTANCE-RESUME-2026-09-13.md)."
control:228,Business rule and KPI catalogue,AdministrationWorkspaceView,,kpi,Settings,Stores & Masters,KPI Catalogue,AdministrationWorkspaceView,3,ACTIVE,,Retained focused control or documented replacement,Business rule and KPI catalogue,Focused control or labelled subordinate tab/action,Bounded content; visible primary task action,IMPLEMENTED,UNVERIFIED,UNVERIFIED,UNVERIFIED,UNVERIFIED,UNVERIFIED,UNVERIFIED,artifacts/ui-redesign/20260912-sprint/matrix-r19; artifacts/ui-redesign/20260912-sprint/control-reconciliation.json; artifacts/ui-redesign/20260912-sprint/controls-r3; docs/audit/ETP-UI-REDESIGN-ACCEPTANCE.md,"Source/control mapping and offscreen composition checked; these result columns reserve full interactive/installed acceptance, which is unverified. See acceptance record for scoped local passes. Settings sidebar defect reported 2026-09-13; reproduction and repair pending VM access and screen capture (ETP-UI-REDESIGN-ACCEPTANCE-RESUME-2026-09-13.md)."
control:229,Product integration health,AdministrationWorkspaceView,,health,Settings,Database & Recovery,System Health,AdministrationWorkspaceView,3,ACTIVE,,Retained focused control or documented replacement,Product integration health,Focused control or labelled subordinate tab/action,Bounded content; visible primary task action,IMPLEMENTED,UNVERIFIED,UNVERIFIED,UNVERIFIED,UNVERIFIED,UNVERIFIED,UNVERIFIED,artifacts/ui-redesign/20260912-sprint/matrix-r19; artifacts/ui-redesign/20260912-sprint/control-reconciliation.json; artifacts/ui-redesign/20260912-sprint/controls-r3; docs/audit/ETP-UI-REDESIGN-ACCEPTANCE.md,"Source/control mapping and offscreen composition checked; these result columns reserve full interactive/installed acceptance, which is unverified. See acceptance record for scoped local passes. Settings sidebar defect reported 2026-09-13; reproduction and repair pending VM access and screen capture (ETP-UI-REDESIGN-ACCEPTANCE-RESUME-2026-09-13.md)."
control:230,Import business date,ImportWorkspaceView,,import-files,Imports,Intake,Import Files,ImportWorkspaceView,2,ACTIVE,,Retained focused control or documented replacement,Import business date,Focused control or labelled subordinate tab/action,Bounded content; visible primary task action,IMPLEMENTED,UNVERIFIED,UNVERIFIED,UNVERIFIED,UNVERIFIED,UNVERIFIED,UNVERIFIED,artifacts/ui-redesign/20260912-sprint/matrix-r19; artifacts/ui-redesign/20260912-sprint/control-reconciliation.json; artifacts/ui-redesign/20260912-sprint/controls-r3; docs/audit/ETP-UI-REDESIGN-ACCEPTANCE.md,"Source/control mapping and offscreen composition checked; these result columns reserve full interactive/installed acceptance, which is unverified. See acceptance record for scoped local passes."
control:231,Import store,ImportWorkspaceView,,import-files,Imports,Intake,Import Files,ImportWorkspaceView,2,ACTIVE,,Retained focused control or documented replacement,Import store,Focused control or labelled subordinate tab/action,Bounded content; visible primary task action,IMPLEMENTED,UNVERIFIED,UNVERIFIED,UNVERIFIED,UNVERIFIED,UNVERIFIED,UNVERIFIED,artifacts/ui-redesign/20260912-sprint/matrix-r19; artifacts/ui-redesign/20260912-sprint/control-reconciliation.json; artifacts/ui-redesign/20260912-sprint/controls-r3; docs/audit/ETP-UI-REDESIGN-ACCEPTANCE.md,"Source/control mapping and offscreen composition checked; these result columns reserve full interactive/installed acceptance, which is unverified. See acceptance record for scoped local passes."
control:232,Controlled import restatement,ImportWorkspaceView,,import-files,Imports,Intake,Import Files,ImportWorkspaceView,2,ACTIVE,,Retained focused control or documented replacement,Controlled import restatement,Focused control or labelled subordinate tab/action,Bounded content; visible primary task action,IMPLEMENTED,UNVERIFIED,UNVERIFIED,UNVERIFIED,UNVERIFIED,UNVERIFIED,UNVERIFIED,artifacts/ui-redesign/20260912-sprint/matrix-r19; artifacts/ui-redesign/20260912-sprint/control-reconciliation.json; artifacts/ui-redesign/20260912-sprint/controls-r3; docs/audit/ETP-UI-REDESIGN-ACCEPTANCE.md,"Source/control mapping and offscreen composition checked; these result columns reserve full interactive/installed acceptance, which is unverified. See acceptance record for scoped local passes."
control:233,Import restatement reason,ImportWorkspaceView,,import-files,Imports,Intake,Import Files,ImportWorkspaceView,2,ACTIVE,,Retained focused control or documented replacement,Import restatement reason,Focused control or labelled subordinate tab/action,Bounded content; visible primary task action,IMPLEMENTED,UNVERIFIED,UNVERIFIED,UNVERIFIED,UNVERIFIED,UNVERIFIED,UNVERIFIED,artifacts/ui-redesign/20260912-sprint/matrix-r19; artifacts/ui-redesign/20260912-sprint/control-reconciliation.json; artifacts/ui-redesign/20260912-sprint/controls-r3; docs/audit/ETP-UI-REDESIGN-ACCEPTANCE.md,"Source/control mapping and offscreen composition checked; these result columns reserve full interactive/installed acceptance, which is unverified. See acceptance record for scoped local passes."
control:234,Browse workbook or ZIP,ImportWorkspaceView,,import-files,Imports,Intake,Import Files,ImportWorkspaceView,2,ACTIVE,,Retained focused control or documented replacement,Browse workbook or ZIP,Focused control or labelled subordinate tab/action,Bounded content; visible primary task action,IMPLEMENTED,UNVERIFIED,UNVERIFIED,UNVERIFIED,UNVERIFIED,UNVERIFIED,UNVERIFIED,artifacts/ui-redesign/20260912-sprint/matrix-r19; artifacts/ui-redesign/20260912-sprint/control-reconciliation.json; artifacts/ui-redesign/20260912-sprint/controls-r3; docs/audit/ETP-UI-REDESIGN-ACCEPTANCE.md,"Source/control mapping and offscreen composition checked; these result columns reserve full interactive/installed acceptance, which is unverified. See acceptance record for scoped local passes."
control:235,Browse import folder,ImportWorkspaceView,,import-files,Imports,Intake,Import Files,ImportWorkspaceView,2,ACTIVE,,Retained focused control or documented replacement,Browse import folder,Focused control or labelled subordinate tab/action,Bounded content; visible primary task action,IMPLEMENTED,UNVERIFIED,UNVERIFIED,UNVERIFIED,UNVERIFIED,UNVERIFIED,UNVERIFIED,artifacts/ui-redesign/20260912-sprint/matrix-r19; artifacts/ui-redesign/20260912-sprint/control-reconciliation.json; artifacts/ui-redesign/20260912-sprint/controls-r3; docs/audit/ETP-UI-REDESIGN-ACCEPTANCE.md,"Source/control mapping and offscreen composition checked; these result columns reserve full interactive/installed acceptance, which is unverified. See acceptance record for scoped local passes."
control:236,Selected import source,ImportWorkspaceView,,import-files,Imports,Intake,Import Files,ImportWorkspaceView,2,ACTIVE,,Retained focused control or documented replacement,Selected import source,Focused control or labelled subordinate tab/action,Bounded content; visible primary task action,IMPLEMENTED,UNVERIFIED,UNVERIFIED,UNVERIFIED,UNVERIFIED,UNVERIFIED,UNVERIFIED,artifacts/ui-redesign/20260912-sprint/matrix-r19; artifacts/ui-redesign/20260912-sprint/control-reconciliation.json; artifacts/ui-redesign/20260912-sprint/controls-r3; docs/audit/ETP-UI-REDESIGN-ACCEPTANCE.md,"Source/control mapping and offscreen composition checked; these result columns reserve full interactive/installed acceptance, which is unverified. See acceptance record for scoped local passes."
control:237,Validate workbook,ImportWorkspaceView,,import-files,Imports,Intake,Import Files,ImportWorkspaceView,2,ACTIVE,,Retained focused control or documented replacement,Validate workbook,Focused control or labelled subordinate tab/action,Bounded content; visible primary task action,IMPLEMENTED,UNVERIFIED,UNVERIFIED,UNVERIFIED,UNVERIFIED,UNVERIFIED,UNVERIFIED,artifacts/ui-redesign/20260912-sprint/matrix-r19; artifacts/ui-redesign/20260912-sprint/control-reconciliation.json; artifacts/ui-redesign/20260912-sprint/controls-r3; docs/audit/ETP-UI-REDESIGN-ACCEPTANCE.md,"Source/control mapping and offscreen composition checked; these result columns reserve full interactive/installed acceptance, which is unverified. See acceptance record for scoped local passes."
control:238,Import validated rows,ImportWorkspaceView,,import-files,Imports,Intake,Import Files,ImportWorkspaceView,2,ACTIVE,,Retained focused control or documented replacement,Import validated rows,Focused control or labelled subordinate tab/action,Bounded content; visible primary task action,IMPLEMENTED,UNVERIFIED,UNVERIFIED,UNVERIFIED,UNVERIFIED,UNVERIFIED,UNVERIFIED,artifacts/ui-redesign/20260912-sprint/matrix-r19; artifacts/ui-redesign/20260912-sprint/control-reconciliation.json; artifacts/ui-redesign/20260912-sprint/controls-r3; docs/audit/ETP-UI-REDESIGN-ACCEPTANCE.md,"Source/control mapping and offscreen composition checked; these result columns reserve full interactive/installed acceptance, which is unverified. See acceptance record for scoped local passes."
control:239,Import batch,ImportWorkspaceView,,import-files,Imports,Intake,Import Files,ImportWorkspaceView,2,ACTIVE,,Retained focused control or documented replacement,Import batch,Focused control or labelled subordinate tab/action,Bounded content; visible primary task action,IMPLEMENTED,UNVERIFIED,UNVERIFIED,UNVERIFIED,UNVERIFIED,UNVERIFIED,UNVERIFIED,artifacts/ui-redesign/20260912-sprint/matrix-r19; artifacts/ui-redesign/20260912-sprint/control-reconciliation.json; artifacts/ui-redesign/20260912-sprint/controls-r3; docs/audit/ETP-UI-REDESIGN-ACCEPTANCE.md,"Source/control mapping and offscreen composition checked; these result columns reserve full interactive/installed acceptance, which is unverified. See acceptance record for scoped local passes."
control:240,Cancel import batch,ImportWorkspaceView,,import-files,Imports,Intake,Import Files,ImportWorkspaceView,2,ACTIVE,,Retained focused control or documented replacement,Cancel import batch,Focused control or labelled subordinate tab/action,Bounded content; visible primary task action,IMPLEMENTED,UNVERIFIED,UNVERIFIED,UNVERIFIED,UNVERIFIED,UNVERIFIED,UNVERIFIED,artifacts/ui-redesign/20260912-sprint/matrix-r19; artifacts/ui-redesign/20260912-sprint/control-reconciliation.json; artifacts/ui-redesign/20260912-sprint/controls-r3; docs/audit/ETP-UI-REDESIGN-ACCEPTANCE.md,"Source/control mapping and offscreen composition checked; these result columns reserve full interactive/installed acceptance, which is unverified. See acceptance record for scoped local passes."
control:241,Retry failed imports,ImportWorkspaceView,,import-files,Imports,Intake,Import Files,ImportWorkspaceView,2,ACTIVE,,Retained focused control or documented replacement,Retry failed imports,Focused control or labelled subordinate tab/action,Bounded content; visible primary task action,IMPLEMENTED,UNVERIFIED,UNVERIFIED,UNVERIFIED,UNVERIFIED,UNVERIFIED,UNVERIFIED,artifacts/ui-redesign/20260912-sprint/matrix-r19; artifacts/ui-redesign/20260912-sprint/control-reconciliation.json; artifacts/ui-redesign/20260912-sprint/controls-r3; docs/audit/ETP-UI-REDESIGN-ACCEPTANCE.md,"Source/control mapping and offscreen composition checked; these result columns reserve full interactive/installed acceptance, which is unverified. See acceptance record for scoped local passes."
control:242,Import diagnostics,ImportWorkspaceView,,import-files,Imports,Intake,Import Files,ImportWorkspaceView,2,ACTIVE,,Retained focused control or documented replacement,Import diagnostics,Focused control or labelled subordinate tab/action,Bounded content; visible primary task action,IMPLEMENTED,UNVERIFIED,UNVERIFIED,UNVERIFIED,UNVERIFIED,UNVERIFIED,UNVERIFIED,artifacts/ui-redesign/20260912-sprint/matrix-r19; artifacts/ui-redesign/20260912-sprint/control-reconciliation.json; artifacts/ui-redesign/20260912-sprint/controls-r3; docs/audit/ETP-UI-REDESIGN-ACCEPTANCE.md,"Source/control mapping and offscreen composition checked; these result columns reserve full interactive/installed acceptance, which is unverified. See acceptance record for scoped local passes."
control:243,Batch import results,ImportWorkspaceView,,import-files,Imports,Intake,Import Files,ImportWorkspaceView,2,ACTIVE,,Retained focused control or documented replacement,Batch import results,Focused control or labelled subordinate tab/action,Bounded content; visible primary task action,IMPLEMENTED,UNVERIFIED,UNVERIFIED,UNVERIFIED,UNVERIFIED,UNVERIFIED,UNVERIFIED,artifacts/ui-redesign/20260912-sprint/matrix-r19; artifacts/ui-redesign/20260912-sprint/control-reconciliation.json; artifacts/ui-redesign/20260912-sprint/controls-r3; docs/audit/ETP-UI-REDESIGN-ACCEPTANCE.md,"Source/control mapping and offscreen composition checked; these result columns reserve full interactive/installed acceptance, which is unverified. See acceptance record for scoped local passes."
dialog:report-scope,Report period and store,ReportScopeDialog,,report-invoice,Reports,Sales,Invoice Summary,ReportScopeDialog,1,ACTIVE,,Focused task or supporting dialog,Report period and store,1000x600 DIP; identity/actions visible; bounded task content,800x440 DIP; labelled secondary tabs/panels; bounded detail scrolling,IMPLEMENTED,UNVERIFIED,UNVERIFIED,UNVERIFIED,UNVERIFIED,UNVERIFIED,UNVERIFIED,artifacts/ui-redesign/20260912-sprint/matrix-r19; artifacts/ui-redesign/20260912-sprint/control-reconciliation.json; artifacts/ui-redesign/20260912-sprint/controls-r3; docs/audit/ETP-UI-REDESIGN-ACCEPTANCE.md; artifacts/ui-redesign/20260912-sprint/report-states-r7/report-state-results.json,"Source/control mapping and offscreen composition checked; these result columns reserve full interactive/installed acceptance, which is unverified. See acceptance record for scoped local passes."
dialog:dsr-availability,DSR source availability,StatusDetailsDialog,,report-dsr,Reports,Sales,Daily Sales Report,StatusDetailsDialog,1,ACTIVE,,Focused task or supporting dialog,DSR source availability,1000x600 DIP; identity/actions visible; bounded task content,800x440 DIP; labelled secondary tabs/panels; bounded detail scrolling,IMPLEMENTED,UNVERIFIED,UNVERIFIED,UNVERIFIED,UNVERIFIED,UNVERIFIED,UNVERIFIED,artifacts/ui-redesign/20260912-sprint/matrix-r19; artifacts/ui-redesign/20260912-sprint/control-reconciliation.json; artifacts/ui-redesign/20260912-sprint/controls-r3; docs/audit/ETP-UI-REDESIGN-ACCEPTANCE.md; artifacts/ui-redesign/20260912-sprint/report-states-r7/report-state-results.json,"Source/control mapping and offscreen composition checked; these result columns reserve full interactive/installed acceptance, which is unverified. See acceptance record for scoped local passes."
