"FunctionId","Kind","Function","Active","ReviewStatus","StaticReview","AutomatedBehavior","RenderCoverage","ObservedInteraction","SourceReference","CurrentEvidence","AssignedEvidenceLayers","RemainingVerification","DeferredReason"
"module:dashboard","Module","Dashboard","True","STATIC_ONLY","REGISTRY_OR_ROUTING_INSPECTED","NOT_VERIFIED_PER_FUNCTION","NOT_RUN_CURRENT_SOURCE","LIMITED_PACKAGED_STARTUP_AND_DATA_OBSERVED","src/Etp.Reporting.Desktop/UiNavigation.cs","Compiled inventory: verification/review-2026-09-11/verified/function-coverage.json; integrated audit 2026-09-11T13:57:45Z to 13:58:55Z PASS; aggregate suite is not per-function verification; packaged-ui.txt: synthetic dashboard 12 files/42 rows and healthy SQL; F1 Help and Alt+Left verified","ui-all-workspaces; dotnet-tests","Function-specific assertions; complete workflow interactions; applicable normal/empty/invalid/loading/failed/restricted/locked states; store/date switch; repeated action; cancellation; navigation",""
"module:reports","Module","Reports","True","STATIC_ONLY","REGISTRY_OR_ROUTING_INSPECTED","NOT_VERIFIED_PER_FUNCTION","NOT_RUN_CURRENT_SOURCE","NOT_RUN","src/Etp.Reporting.Desktop/UiNavigation.cs","Compiled inventory: verification/review-2026-09-11/verified/function-coverage.json; integrated audit 2026-09-11T13:57:45Z to 13:58:55Z PASS; aggregate suite is not per-function verification","ui-all-workspaces; dotnet-tests","Function-specific assertions; complete workflow interactions; applicable normal/empty/invalid/loading/failed/restricted/locked states; store/date switch; repeated action; cancellation; navigation",""
"module:accounting","Module","Accounting","True","STATIC_ONLY","REGISTRY_OR_ROUTING_INSPECTED","NOT_VERIFIED_PER_FUNCTION","NOT_RUN_CURRENT_SOURCE","NOT_RUN","src/Etp.Reporting.Desktop/UiNavigation.cs","Compiled inventory: verification/review-2026-09-11/verified/function-coverage.json; integrated audit 2026-09-11T13:57:45Z to 13:58:55Z PASS; aggregate suite is not per-function verification","ui-all-workspaces; dotnet-tests","Function-specific assertions; complete workflow interactions; applicable normal/empty/invalid/loading/failed/restricted/locked states; store/date switch; repeated action; cancellation; navigation",""
"module:imports","Module","Imports","True","STATIC_ONLY","REGISTRY_OR_ROUTING_INSPECTED","NOT_VERIFIED_PER_FUNCTION","NOT_RUN_CURRENT_SOURCE","NOT_RUN","src/Etp.Reporting.Desktop/UiNavigation.cs","Compiled inventory: verification/review-2026-09-11/verified/function-coverage.json; integrated audit 2026-09-11T13:57:45Z to 13:58:55Z PASS; aggregate suite is not per-function verification","ui-all-workspaces; dotnet-tests","Function-specific assertions; complete workflow interactions; applicable normal/empty/invalid/loading/failed/restricted/locked states; store/date switch; repeated action; cancellation; navigation",""
"module:archive","Module","Archive","True","STATIC_ONLY","REGISTRY_OR_ROUTING_INSPECTED","NOT_VERIFIED_PER_FUNCTION","NOT_RUN_CURRENT_SOURCE","NOT_RUN","src/Etp.Reporting.Desktop/UiNavigation.cs","Compiled inventory: verification/review-2026-09-11/verified/function-coverage.json; integrated audit 2026-09-11T13:57:45Z to 13:58:55Z PASS; aggregate suite is not per-function verification","ui-all-workspaces; dotnet-tests","Function-specific assertions; complete workflow interactions; applicable normal/empty/invalid/loading/failed/restricted/locked states; store/date switch; repeated action; cancellation; navigation",""
"module:exceptions","Module","Exceptions","True","STATIC_ONLY","REGISTRY_OR_ROUTING_INSPECTED","NOT_VERIFIED_PER_FUNCTION","NOT_RUN_CURRENT_SOURCE","NOT_RUN","src/Etp.Reporting.Desktop/UiNavigation.cs","Compiled inventory: verification/review-2026-09-11/verified/function-coverage.json; integrated audit 2026-09-11T13:57:45Z to 13:58:55Z PASS; aggregate suite is not per-function verification","ui-all-workspaces; dotnet-tests","Function-specific assertions; complete workflow interactions; applicable normal/empty/invalid/loading/failed/restricted/locked states; store/date switch; repeated action; cancellation; navigation",""
"module:registers","Module","Registers","True","STATIC_ONLY","REGISTRY_OR_ROUTING_INSPECTED","NOT_VERIFIED_PER_FUNCTION","NOT_RUN_CURRENT_SOURCE","NOT_RUN","src/Etp.Reporting.Desktop/UiNavigation.cs","Compiled inventory: verification/review-2026-09-11/verified/function-coverage.json; integrated audit 2026-09-11T13:57:45Z to 13:58:55Z PASS; aggregate suite is not per-function verification","ui-all-workspaces; dotnet-tests","Function-specific assertions; complete workflow interactions; applicable normal/empty/invalid/loading/failed/restricted/locked states; store/date switch; repeated action; cancellation; navigation",""
"module:approvals","Module","Approvals","True","STATIC_ONLY","REGISTRY_OR_ROUTING_INSPECTED","NOT_VERIFIED_PER_FUNCTION","NOT_RUN_CURRENT_SOURCE","NOT_RUN","src/Etp.Reporting.Desktop/UiNavigation.cs","Compiled inventory: verification/review-2026-09-11/verified/function-coverage.json; integrated audit 2026-09-11T13:57:45Z to 13:58:55Z PASS; aggregate suite is not per-function verification","ui-all-workspaces; dotnet-tests","Function-specific assertions; complete workflow interactions; applicable normal/empty/invalid/loading/failed/restricted/locked states; store/date switch; repeated action; cancellation; navigation",""
"module:health","Module","System Health","True","STATIC_ONLY","REGISTRY_OR_ROUTING_INSPECTED","NOT_VERIFIED_PER_FUNCTION","NOT_RUN_CURRENT_SOURCE","NOT_RUN","src/Etp.Reporting.Desktop/UiNavigation.cs","Compiled inventory: verification/review-2026-09-11/verified/function-coverage.json; integrated audit 2026-09-11T13:57:45Z to 13:58:55Z PASS; aggregate suite is not per-function verification","ui-all-workspaces; dotnet-tests","Function-specific assertions; complete workflow interactions; applicable normal/empty/invalid/loading/failed/restricted/locked states; store/date switch; repeated action; cancellation; navigation",""
"navigation:dashboard","Navigation function","Overview","True","STATIC_ONLY","REGISTRY_OR_ROUTING_INSPECTED","NOT_VERIFIED_PER_FUNCTION","NOT_RUN_CURRENT_SOURCE","NOT_RUN","src/Etp.Reporting.Desktop/UiNavigation.cs","Compiled inventory: verification/review-2026-09-11/verified/function-coverage.json; integrated audit 2026-09-11T13:57:45Z to 13:58:55Z PASS; aggregate suite is not per-function verification","ui-all-workspaces; dotnet-tests","Function-specific assertions; complete workflow interactions; applicable normal/empty/invalid/loading/failed/restricted/locked states; store/date switch; repeated action; cancellation; navigation",""
"navigation:daily-health","Navigation function","Daily Health","True","STATIC_ONLY","REGISTRY_OR_ROUTING_INSPECTED","NOT_VERIFIED_PER_FUNCTION","NOT_RUN_CURRENT_SOURCE","NOT_RUN","src/Etp.Reporting.Desktop/UiNavigation.cs","Compiled inventory: verification/review-2026-09-11/verified/function-coverage.json; integrated audit 2026-09-11T13:57:45Z to 13:58:55Z PASS; aggregate suite is not per-function verification","ui-all-workspaces; dotnet-tests","Function-specific assertions; complete workflow interactions; applicable normal/empty/invalid/loading/failed/restricted/locked states; store/date switch; repeated action; cancellation; navigation",""
"navigation:manual-entry","Navigation function","Manual Entry","True","STATIC_ONLY","REGISTRY_OR_ROUTING_INSPECTED","NOT_VERIFIED_PER_FUNCTION","NOT_RUN_CURRENT_SOURCE","NOT_RUN","src/Etp.Reporting.Desktop/UiNavigation.cs","Compiled inventory: verification/review-2026-09-11/verified/function-coverage.json; integrated audit 2026-09-11T13:57:45Z to 13:58:55Z PASS; aggregate suite is not per-function verification","ui-all-workspaces; live-sql-daily-workflow; dotnet-tests","Function-specific assertions; complete workflow interactions; applicable normal/empty/invalid/loading/failed/restricted/locked states; store/date switch; repeated action; cancellation; navigation",""
"navigation:readiness","Navigation function","Readiness","True","STATIC_ONLY","REGISTRY_OR_ROUTING_INSPECTED","NOT_VERIFIED_PER_FUNCTION","NOT_RUN_CURRENT_SOURCE","NOT_RUN","src/Etp.Reporting.Desktop/UiNavigation.cs","Compiled inventory: verification/review-2026-09-11/verified/function-coverage.json; integrated audit 2026-09-11T13:57:45Z to 13:58:55Z PASS; aggregate suite is not per-function verification","ui-all-workspaces; live-sql-daily-workflow; dotnet-tests","Function-specific assertions; complete workflow interactions; applicable normal/empty/invalid/loading/failed/restricted/locked states; store/date switch; repeated action; cancellation; navigation",""
"navigation:finalisation","Navigation function","Finalisation Status","True","STATIC_ONLY","REGISTRY_OR_ROUTING_INSPECTED","NOT_VERIFIED_PER_FUNCTION","NOT_RUN_CURRENT_SOURCE","NOT_RUN","src/Etp.Reporting.Desktop/UiNavigation.cs","Compiled inventory: verification/review-2026-09-11/verified/function-coverage.json; integrated audit 2026-09-11T13:57:45Z to 13:58:55Z PASS; aggregate suite is not per-function verification","ui-all-workspaces; live-sql-daily-workflow; dotnet-tests","Function-specific assertions; complete workflow interactions; applicable normal/empty/invalid/loading/failed/restricted/locked states; store/date switch; repeated action; cancellation; navigation",""
"navigation:trends","Navigation function","Trends","True","STATIC_ONLY","REGISTRY_OR_ROUTING_INSPECTED","NOT_VERIFIED_PER_FUNCTION","NOT_RUN_CURRENT_SOURCE","NOT_RUN","src/Etp.Reporting.Desktop/UiNavigation.cs","Compiled inventory: verification/review-2026-09-11/verified/function-coverage.json; integrated audit 2026-09-11T13:57:45Z to 13:58:55Z PASS; aggregate suite is not per-function verification","ui-all-workspaces; live-sql-operations; dotnet-tests","Function-specific assertions; complete workflow interactions; applicable normal/empty/invalid/loading/failed/restricted/locked states; store/date switch; repeated action; cancellation; navigation",""
"navigation:store-comparison","Navigation function","Store Comparison","True","STATIC_ONLY","REGISTRY_OR_ROUTING_INSPECTED","NOT_VERIFIED_PER_FUNCTION","NOT_RUN_CURRENT_SOURCE","NOT_RUN","src/Etp.Reporting.Desktop/UiNavigation.cs","Compiled inventory: verification/review-2026-09-11/verified/function-coverage.json; integrated audit 2026-09-11T13:57:45Z to 13:58:55Z PASS; aggregate suite is not per-function verification","ui-all-report-routes; live-sql-reporting; dotnet-tests","Function-specific assertions; complete workflow interactions; applicable normal/empty/invalid/loading/failed/restricted/locked states; store/date switch; repeated action; cancellation; navigation",""
"navigation:target-progress","Navigation function","Target Progress","True","STATIC_ONLY","REGISTRY_OR_ROUTING_INSPECTED","NOT_VERIFIED_PER_FUNCTION","NOT_RUN_CURRENT_SOURCE","NOT_RUN","src/Etp.Reporting.Desktop/UiNavigation.cs","Compiled inventory: verification/review-2026-09-11/verified/function-coverage.json; integrated audit 2026-09-11T13:57:45Z to 13:58:55Z PASS; aggregate suite is not per-function verification","ui-all-report-routes; live-sql-reporting; dotnet-tests","Function-specific assertions; complete workflow interactions; applicable normal/empty/invalid/loading/failed/restricted/locked states; store/date switch; repeated action; cancellation; navigation",""
"navigation:control-summary","Navigation function","Control Summary","True","STATIC_ONLY","REGISTRY_OR_ROUTING_INSPECTED","NOT_VERIFIED_PER_FUNCTION","NOT_RUN_CURRENT_SOURCE","NOT_RUN","src/Etp.Reporting.Desktop/UiNavigation.cs","Compiled inventory: verification/review-2026-09-11/verified/function-coverage.json; integrated audit 2026-09-11T13:57:45Z to 13:58:55Z PASS; aggregate suite is not per-function verification","ui-all-workspaces; live-sql-operations; dotnet-tests","Function-specific assertions; complete workflow interactions; applicable normal/empty/invalid/loading/failed/restricted/locked states; store/date switch; repeated action; cancellation; navigation",""
"navigation:recent-activity","Navigation function","Recent Activity","True","STATIC_ONLY","REGISTRY_OR_ROUTING_INSPECTED","NOT_VERIFIED_PER_FUNCTION","NOT_RUN_CURRENT_SOURCE","NOT_RUN","src/Etp.Reporting.Desktop/UiNavigation.cs","Compiled inventory: verification/review-2026-09-11/verified/function-coverage.json; integrated audit 2026-09-11T13:57:45Z to 13:58:55Z PASS; aggregate suite is not per-function verification","ui-all-workspaces; dotnet-tests","Function-specific assertions; complete workflow interactions; applicable normal/empty/invalid/loading/failed/restricted/locked states; store/date switch; repeated action; cancellation; navigation",""
"navigation:reports-home","Navigation function","Reports Overview","True","STATIC_ONLY","REGISTRY_OR_ROUTING_INSPECTED","NOT_VERIFIED_PER_FUNCTION","NOT_RUN_CURRENT_SOURCE","NOT_RUN","src/Etp.Reporting.Desktop/UiNavigation.cs","Compiled inventory: verification/review-2026-09-11/verified/function-coverage.json; integrated audit 2026-09-11T13:57:45Z to 13:58:55Z PASS; aggregate suite is not per-function verification","ui-all-report-routes; live-sql-reporting; dotnet-tests","Function-specific assertions; complete workflow interactions; applicable normal/empty/invalid/loading/failed/restricted/locked states; store/date switch; repeated action; cancellation; navigation",""
"navigation:reports-dsr-favourite","Navigation function","Daily Sales / DSR","True","STATIC_ONLY","REGISTRY_OR_ROUTING_INSPECTED","NOT_VERIFIED_PER_FUNCTION","NOT_RUN_CURRENT_SOURCE","NOT_RUN","src/Etp.Reporting.Desktop/UiNavigation.cs","Compiled inventory: verification/review-2026-09-11/verified/function-coverage.json; integrated audit 2026-09-11T13:57:45Z to 13:58:55Z PASS; aggregate suite is not per-function verification","ui-all-report-routes; live-sql-reporting; dotnet-tests","Function-specific assertions; complete workflow interactions; applicable normal/empty/invalid/loading/failed/restricted/locked states; store/date switch; repeated action; cancellation; navigation",""
"navigation:reports-closing-favourite","Navigation function","Closing Stock","True","STATIC_ONLY","REGISTRY_OR_ROUTING_INSPECTED","NOT_VERIFIED_PER_FUNCTION","NOT_RUN_CURRENT_SOURCE","NOT_RUN","src/Etp.Reporting.Desktop/UiNavigation.cs","Compiled inventory: verification/review-2026-09-11/verified/function-coverage.json; integrated audit 2026-09-11T13:57:45Z to 13:58:55Z PASS; aggregate suite is not per-function verification","ui-all-report-routes; live-sql-reporting; dotnet-tests","Function-specific assertions; complete workflow interactions; applicable normal/empty/invalid/loading/failed/restricted/locked states; store/date switch; repeated action; cancellation; navigation",""
"navigation:reports-staff-favourite","Navigation function","Staff/CRO Performance","True","STATIC_ONLY","REGISTRY_OR_ROUTING_INSPECTED","NOT_VERIFIED_PER_FUNCTION","NOT_RUN_CURRENT_SOURCE","NOT_RUN","src/Etp.Reporting.Desktop/UiNavigation.cs","Compiled inventory: verification/review-2026-09-11/verified/function-coverage.json; integrated audit 2026-09-11T13:57:45Z to 13:58:55Z PASS; aggregate suite is not per-function verification","ui-all-report-routes; live-sql-reporting; dotnet-tests","Function-specific assertions; complete workflow interactions; applicable normal/empty/invalid/loading/failed/restricted/locked states; store/date switch; repeated action; cancellation; navigation",""
"navigation:report-dsr","Navigation function","Daily Sales / DSR","True","STATIC_ONLY","REGISTRY_OR_ROUTING_INSPECTED","NOT_VERIFIED_PER_FUNCTION","NOT_RUN_CURRENT_SOURCE","NOT_RUN","src/Etp.Reporting.Desktop/UiNavigation.cs","Compiled inventory: verification/review-2026-09-11/verified/function-coverage.json; integrated audit 2026-09-11T13:57:45Z to 13:58:55Z PASS; aggregate suite is not per-function verification","ui-all-report-routes; live-sql-reporting; dotnet-tests","Function-specific assertions; complete workflow interactions; applicable normal/empty/invalid/loading/failed/restricted/locked states; store/date switch; repeated action; cancellation; navigation",""
"navigation:report-sales-titan","Navigation function","Titan Sales Summary","True","STATIC_ONLY","REGISTRY_OR_ROUTING_INSPECTED","NOT_VERIFIED_PER_FUNCTION","NOT_RUN_CURRENT_SOURCE","NOT_RUN","src/Etp.Reporting.Desktop/UiNavigation.cs","Compiled inventory: verification/review-2026-09-11/verified/function-coverage.json; integrated audit 2026-09-11T13:57:45Z to 13:58:55Z PASS; aggregate suite is not per-function verification","ui-all-report-routes; live-sql-reporting; dotnet-tests","Function-specific assertions; complete workflow interactions; applicable normal/empty/invalid/loading/failed/restricted/locked states; store/date switch; repeated action; cancellation; navigation",""
"navigation:report-sales-helios","Navigation function","Helios Sales Summary","True","STATIC_ONLY","REGISTRY_OR_ROUTING_INSPECTED","NOT_VERIFIED_PER_FUNCTION","NOT_RUN_CURRENT_SOURCE","NOT_RUN","src/Etp.Reporting.Desktop/UiNavigation.cs","Compiled inventory: verification/review-2026-09-11/verified/function-coverage.json; integrated audit 2026-09-11T13:57:45Z to 13:58:55Z PASS; aggregate suite is not per-function verification","ui-all-report-routes; live-sql-reporting; dotnet-tests","Function-specific assertions; complete workflow interactions; applicable normal/empty/invalid/loading/failed/restricted/locked states; store/date switch; repeated action; cancellation; navigation",""
"navigation:report-sales-combined","Navigation function","Combined Sales Summary","True","STATIC_ONLY","REGISTRY_OR_ROUTING_INSPECTED","NOT_VERIFIED_PER_FUNCTION","NOT_RUN_CURRENT_SOURCE","NOT_RUN","src/Etp.Reporting.Desktop/UiNavigation.cs","Compiled inventory: verification/review-2026-09-11/verified/function-coverage.json; integrated audit 2026-09-11T13:57:45Z to 13:58:55Z PASS; aggregate suite is not per-function verification","ui-all-report-routes; live-sql-reporting; dotnet-tests","Function-specific assertions; complete workflow interactions; applicable normal/empty/invalid/loading/failed/restricted/locked states; store/date switch; repeated action; cancellation; navigation",""
"navigation:report-invoice","Navigation function","Invoice Summary","True","STATIC_ONLY","REGISTRY_OR_ROUTING_INSPECTED","NOT_VERIFIED_PER_FUNCTION","NOT_RUN_CURRENT_SOURCE","NOT_RUN","src/Etp.Reporting.Desktop/UiNavigation.cs","Compiled inventory: verification/review-2026-09-11/verified/function-coverage.json; integrated audit 2026-09-11T13:57:45Z to 13:58:55Z PASS; aggregate suite is not per-function verification","ui-all-report-routes; live-sql-reporting; dotnet-tests","Function-specific assertions; complete workflow interactions; applicable normal/empty/invalid/loading/failed/restricted/locked states; store/date switch; repeated action; cancellation; navigation",""
"navigation:report-sales-returns","Navigation function","Returns","True","STATIC_ONLY","REGISTRY_OR_ROUTING_INSPECTED","NOT_VERIFIED_PER_FUNCTION","NOT_RUN_CURRENT_SOURCE","NOT_RUN","src/Etp.Reporting.Desktop/UiNavigation.cs","Compiled inventory: verification/review-2026-09-11/verified/function-coverage.json; integrated audit 2026-09-11T13:57:45Z to 13:58:55Z PASS; aggregate suite is not per-function verification","ui-all-report-routes; live-sql-reporting; dotnet-tests","Function-specific assertions; complete workflow interactions; applicable normal/empty/invalid/loading/failed/restricted/locked states; store/date switch; repeated action; cancellation; navigation",""
"navigation:report-sales-brand","Navigation function","Brand-wise Sales","True","STATIC_ONLY","REGISTRY_OR_ROUTING_INSPECTED","NOT_VERIFIED_PER_FUNCTION","NOT_RUN_CURRENT_SOURCE","NOT_RUN","src/Etp.Reporting.Desktop/UiNavigation.cs","Compiled inventory: verification/review-2026-09-11/verified/function-coverage.json; integrated audit 2026-09-11T13:57:45Z to 13:58:55Z PASS; aggregate suite is not per-function verification","ui-all-report-routes; live-sql-reporting; dotnet-tests","Function-specific assertions; complete workflow interactions; applicable normal/empty/invalid/loading/failed/restricted/locked states; store/date switch; repeated action; cancellation; navigation",""
"navigation:report-sales-segment","Navigation function","Brand-Segment Sales","True","STATIC_ONLY","REGISTRY_OR_ROUTING_INSPECTED","NOT_VERIFIED_PER_FUNCTION","NOT_RUN_CURRENT_SOURCE","NOT_RUN","src/Etp.Reporting.Desktop/UiNavigation.cs","Compiled inventory: verification/review-2026-09-11/verified/function-coverage.json; integrated audit 2026-09-11T13:57:45Z to 13:58:55Z PASS; aggregate suite is not per-function verification","ui-all-report-routes; live-sql-reporting; dotnet-tests","Function-specific assertions; complete workflow interactions; applicable normal/empty/invalid/loading/failed/restricted/locked states; store/date switch; repeated action; cancellation; navigation",""
"navigation:report-sales-item","Navigation function","Item-wise Sales","True","STATIC_ONLY","REGISTRY_OR_ROUTING_INSPECTED","NOT_VERIFIED_PER_FUNCTION","NOT_RUN_CURRENT_SOURCE","NOT_RUN","src/Etp.Reporting.Desktop/UiNavigation.cs","Compiled inventory: verification/review-2026-09-11/verified/function-coverage.json; integrated audit 2026-09-11T13:57:45Z to 13:58:55Z PASS; aggregate suite is not per-function verification","ui-all-report-routes; live-sql-reporting; dotnet-tests","Function-specific assertions; complete workflow interactions; applicable normal/empty/invalid/loading/failed/restricted/locked states; store/date switch; repeated action; cancellation; navigation",""
"navigation:report-stock-closing","Navigation function","Closing Stock","True","STATIC_ONLY","REGISTRY_OR_ROUTING_INSPECTED","NOT_VERIFIED_PER_FUNCTION","NOT_RUN_CURRENT_SOURCE","NOT_RUN","src/Etp.Reporting.Desktop/UiNavigation.cs","Compiled inventory: verification/review-2026-09-11/verified/function-coverage.json; integrated audit 2026-09-11T13:57:45Z to 13:58:55Z PASS; aggregate suite is not per-function verification","ui-all-report-routes; live-sql-reporting; dotnet-tests","Function-specific assertions; complete workflow interactions; applicable normal/empty/invalid/loading/failed/restricted/locked states; store/date switch; repeated action; cancellation; navigation",""
"navigation:report-stock-physical","Navigation function","Physical Stock","True","STATIC_ONLY","REGISTRY_OR_ROUTING_INSPECTED","NOT_VERIFIED_PER_FUNCTION","NOT_RUN_CURRENT_SOURCE","NOT_RUN","src/Etp.Reporting.Desktop/UiNavigation.cs","Compiled inventory: verification/review-2026-09-11/verified/function-coverage.json; integrated audit 2026-09-11T13:57:45Z to 13:58:55Z PASS; aggregate suite is not per-function verification","ui-all-report-routes; live-sql-reporting; dotnet-tests","Function-specific assertions; complete workflow interactions; applicable normal/empty/invalid/loading/failed/restricted/locked states; store/date switch; repeated action; cancellation; navigation",""
"navigation:report-stock-variance","Navigation function","Stock Variance","True","STATIC_ONLY","REGISTRY_OR_ROUTING_INSPECTED","NOT_VERIFIED_PER_FUNCTION","NOT_RUN_CURRENT_SOURCE","NOT_RUN","src/Etp.Reporting.Desktop/UiNavigation.cs","Compiled inventory: verification/review-2026-09-11/verified/function-coverage.json; integrated audit 2026-09-11T13:57:45Z to 13:58:55Z PASS; aggregate suite is not per-function verification","ui-all-report-routes; live-sql-reporting; dotnet-tests","Function-specific assertions; complete workflow interactions; applicable normal/empty/invalid/loading/failed/restricted/locked states; store/date switch; repeated action; cancellation; navigation",""
"navigation:report-stock-movement","Navigation function","Stock Movement","True","STATIC_ONLY","REGISTRY_OR_ROUTING_INSPECTED","NOT_VERIFIED_PER_FUNCTION","NOT_RUN_CURRENT_SOURCE","NOT_RUN","src/Etp.Reporting.Desktop/UiNavigation.cs","Compiled inventory: verification/review-2026-09-11/verified/function-coverage.json; integrated audit 2026-09-11T13:57:45Z to 13:58:55Z PASS; aggregate suite is not per-function verification","ui-all-report-routes; live-sql-reporting; dotnet-tests","Function-specific assertions; complete workflow interactions; applicable normal/empty/invalid/loading/failed/restricted/locked states; store/date switch; repeated action; cancellation; navigation",""
"navigation:report-stock-group","Navigation function","Inventory-Group Report","True","STATIC_ONLY","REGISTRY_OR_ROUTING_INSPECTED","NOT_VERIFIED_PER_FUNCTION","NOT_RUN_CURRENT_SOURCE","NOT_RUN","src/Etp.Reporting.Desktop/UiNavigation.cs","Compiled inventory: verification/review-2026-09-11/verified/function-coverage.json; integrated audit 2026-09-11T13:57:45Z to 13:58:55Z PASS; aggregate suite is not per-function verification","ui-all-report-routes; live-sql-reporting; dotnet-tests","Function-specific assertions; complete workflow interactions; applicable normal/empty/invalid/loading/failed/restricted/locked states; store/date switch; repeated action; cancellation; navigation",""
"navigation:report-stock-brand","Navigation function","Brand Stock","True","STATIC_ONLY","REGISTRY_OR_ROUTING_INSPECTED","NOT_VERIFIED_PER_FUNCTION","NOT_RUN_CURRENT_SOURCE","NOT_RUN","src/Etp.Reporting.Desktop/UiNavigation.cs","Compiled inventory: verification/review-2026-09-11/verified/function-coverage.json; integrated audit 2026-09-11T13:57:45Z to 13:58:55Z PASS; aggregate suite is not per-function verification","ui-all-report-routes; live-sql-reporting; dotnet-tests","Function-specific assertions; complete workflow interactions; applicable normal/empty/invalid/loading/failed/restricted/locked states; store/date switch; repeated action; cancellation; navigation",""
"navigation:report-stock-slow","Navigation function","Slow / Exception Stock","True","STATIC_ONLY","REGISTRY_OR_ROUTING_INSPECTED","NOT_VERIFIED_PER_FUNCTION","NOT_RUN_CURRENT_SOURCE","NOT_RUN","src/Etp.Reporting.Desktop/UiNavigation.cs","Compiled inventory: verification/review-2026-09-11/verified/function-coverage.json; integrated audit 2026-09-11T13:57:45Z to 13:58:55Z PASS; aggregate suite is not per-function verification","ui-all-report-routes; live-sql-reporting; dotnet-tests","Function-specific assertions; complete workflow interactions; applicable normal/empty/invalid/loading/failed/restricted/locked states; store/date switch; repeated action; cancellation; navigation",""
"navigation:report-staff","Navigation function","Staff/CRO Performance","True","STATIC_ONLY","REGISTRY_OR_ROUTING_INSPECTED","NOT_VERIFIED_PER_FUNCTION","NOT_RUN_CURRENT_SOURCE","NOT_RUN","src/Etp.Reporting.Desktop/UiNavigation.cs","Compiled inventory: verification/review-2026-09-11/verified/function-coverage.json; integrated audit 2026-09-11T13:57:45Z to 13:58:55Z PASS; aggregate suite is not per-function verification","ui-all-report-routes; live-sql-reporting; dotnet-tests","Function-specific assertions; complete workflow interactions; applicable normal/empty/invalid/loading/failed/restricted/locked states; store/date switch; repeated action; cancellation; navigation",""
"navigation:report-tender","Navigation function","Tender Reconciliation","True","STATIC_ONLY","REGISTRY_OR_ROUTING_INSPECTED","NOT_VERIFIED_PER_FUNCTION","NOT_RUN_CURRENT_SOURCE","NOT_RUN","src/Etp.Reporting.Desktop/UiNavigation.cs","Compiled inventory: verification/review-2026-09-11/verified/function-coverage.json; integrated audit 2026-09-11T13:57:45Z to 13:58:55Z PASS; aggregate suite is not per-function verification","ui-all-report-routes; live-sql-reporting; dotnet-tests","Function-specific assertions; complete workflow interactions; applicable normal/empty/invalid/loading/failed/restricted/locked states; store/date switch; repeated action; cancellation; navigation",""
"navigation:report-cash","Navigation function","Daily Cash Reconciliation","True","STATIC_ONLY","REGISTRY_OR_ROUTING_INSPECTED","NOT_VERIFIED_PER_FUNCTION","NOT_RUN_CURRENT_SOURCE","NOT_RUN","src/Etp.Reporting.Desktop/UiNavigation.cs","Compiled inventory: verification/review-2026-09-11/verified/function-coverage.json; integrated audit 2026-09-11T13:57:45Z to 13:58:55Z PASS; aggregate suite is not per-function verification","ui-all-report-routes; live-sql-reporting; dotnet-tests","Function-specific assertions; complete workflow interactions; applicable normal/empty/invalid/loading/failed/restricted/locked states; store/date switch; repeated action; cancellation; navigation",""
"navigation:report-tender-diagnostic","Navigation function","Tender Diagnostics","True","STATIC_ONLY","REGISTRY_OR_ROUTING_INSPECTED","NOT_VERIFIED_PER_FUNCTION","NOT_RUN_CURRENT_SOURCE","NOT_RUN","src/Etp.Reporting.Desktop/UiNavigation.cs","Compiled inventory: verification/review-2026-09-11/verified/function-coverage.json; integrated audit 2026-09-11T13:57:45Z to 13:58:55Z PASS; aggregate suite is not per-function verification","ui-all-report-routes; live-sql-reporting; dotnet-tests","Function-specific assertions; complete workflow interactions; applicable normal/empty/invalid/loading/failed/restricted/locked states; store/date switch; repeated action; cancellation; navigation",""
"navigation:report-service","Navigation function","Service Sales","True","STATIC_ONLY","REGISTRY_OR_ROUTING_INSPECTED","NOT_VERIFIED_PER_FUNCTION","NOT_RUN_CURRENT_SOURCE","NOT_RUN","src/Etp.Reporting.Desktop/UiNavigation.cs","Compiled inventory: verification/review-2026-09-11/verified/function-coverage.json; integrated audit 2026-09-11T13:57:45Z to 13:58:55Z PASS; aggregate suite is not per-function verification","ui-all-report-routes; live-sql-reporting; dotnet-tests","Function-specific assertions; complete workflow interactions; applicable normal/empty/invalid/loading/failed/restricted/locked states; store/date switch; repeated action; cancellation; navigation",""
"navigation:report-exceptions","Navigation function","Daily Exception Report","True","STATIC_ONLY","REGISTRY_OR_ROUTING_INSPECTED","NOT_VERIFIED_PER_FUNCTION","NOT_RUN_CURRENT_SOURCE","NOT_RUN","src/Etp.Reporting.Desktop/UiNavigation.cs","Compiled inventory: verification/review-2026-09-11/verified/function-coverage.json; integrated audit 2026-09-11T13:57:45Z to 13:58:55Z PASS; aggregate suite is not per-function verification","ui-all-report-routes; live-sql-reporting; dotnet-tests","Function-specific assertions; complete workflow interactions; applicable normal/empty/invalid/loading/failed/restricted/locked states; store/date switch; repeated action; cancellation; navigation",""
"navigation:report-exception-source","Navigation function","Missing Source Report","True","STATIC_ONLY","REGISTRY_OR_ROUTING_INSPECTED","NOT_VERIFIED_PER_FUNCTION","NOT_RUN_CURRENT_SOURCE","NOT_RUN","src/Etp.Reporting.Desktop/UiNavigation.cs","Compiled inventory: verification/review-2026-09-11/verified/function-coverage.json; integrated audit 2026-09-11T13:57:45Z to 13:58:55Z PASS; aggregate suite is not per-function verification","ui-all-report-routes; live-sql-reporting; dotnet-tests","Function-specific assertions; complete workflow interactions; applicable normal/empty/invalid/loading/failed/restricted/locked states; store/date switch; repeated action; cancellation; navigation",""
"navigation:report-exception-unmapped","Navigation function","Unmapped Data","True","STATIC_ONLY","REGISTRY_OR_ROUTING_INSPECTED","NOT_VERIFIED_PER_FUNCTION","NOT_RUN_CURRENT_SOURCE","NOT_RUN","src/Etp.Reporting.Desktop/UiNavigation.cs","Compiled inventory: verification/review-2026-09-11/verified/function-coverage.json; integrated audit 2026-09-11T13:57:45Z to 13:58:55Z PASS; aggregate suite is not per-function verification","ui-all-report-routes; live-sql-reporting; dotnet-tests","Function-specific assertions; complete workflow interactions; applicable normal/empty/invalid/loading/failed/restricted/locked states; store/date switch; repeated action; cancellation; navigation",""
"navigation:report-exception-stock","Navigation function","Stock Exceptions","True","STATIC_ONLY","REGISTRY_OR_ROUTING_INSPECTED","NOT_VERIFIED_PER_FUNCTION","NOT_RUN_CURRENT_SOURCE","NOT_RUN","src/Etp.Reporting.Desktop/UiNavigation.cs","Compiled inventory: verification/review-2026-09-11/verified/function-coverage.json; integrated audit 2026-09-11T13:57:45Z to 13:58:55Z PASS; aggregate suite is not per-function verification","ui-all-report-routes; live-sql-reporting; dotnet-tests","Function-specific assertions; complete workflow interactions; applicable normal/empty/invalid/loading/failed/restricted/locked states; store/date switch; repeated action; cancellation; navigation",""
"navigation:report-exception-staff","Navigation function","Staff Exceptions","True","STATIC_ONLY","REGISTRY_OR_ROUTING_INSPECTED","NOT_VERIFIED_PER_FUNCTION","NOT_RUN_CURRENT_SOURCE","NOT_RUN","src/Etp.Reporting.Desktop/UiNavigation.cs","Compiled inventory: verification/review-2026-09-11/verified/function-coverage.json; integrated audit 2026-09-11T13:57:45Z to 13:58:55Z PASS; aggregate suite is not per-function verification","ui-all-report-routes; live-sql-reporting; dotnet-tests","Function-specific assertions; complete workflow interactions; applicable normal/empty/invalid/loading/failed/restricted/locked states; store/date switch; repeated action; cancellation; navigation",""
"navigation:report-exception-tender","Navigation function","Tender Exceptions","True","STATIC_ONLY","REGISTRY_OR_ROUTING_INSPECTED","NOT_VERIFIED_PER_FUNCTION","NOT_RUN_CURRENT_SOURCE","NOT_RUN","src/Etp.Reporting.Desktop/UiNavigation.cs","Compiled inventory: verification/review-2026-09-11/verified/function-coverage.json; integrated audit 2026-09-11T13:57:45Z to 13:58:55Z PASS; aggregate suite is not per-function verification","ui-all-report-routes; live-sql-reporting; dotnet-tests","Function-specific assertions; complete workflow interactions; applicable normal/empty/invalid/loading/failed/restricted/locked states; store/date switch; repeated action; cancellation; navigation",""
"navigation:report-management-trend","Navigation function","Management Trend","True","STATIC_ONLY","REGISTRY_OR_ROUTING_INSPECTED","NOT_VERIFIED_PER_FUNCTION","NOT_RUN_CURRENT_SOURCE","NOT_RUN","src/Etp.Reporting.Desktop/UiNavigation.cs","Compiled inventory: verification/review-2026-09-11/verified/function-coverage.json; integrated audit 2026-09-11T13:57:45Z to 13:58:55Z PASS; aggregate suite is not per-function verification","ui-all-report-routes; live-sql-reporting; dotnet-tests","Function-specific assertions; complete workflow interactions; applicable normal/empty/invalid/loading/failed/restricted/locked states; store/date switch; repeated action; cancellation; navigation",""
"navigation:report-invoice-lineage","Navigation function","Invoice Source Drill-down","True","STATIC_ONLY","REGISTRY_OR_ROUTING_INSPECTED","NOT_VERIFIED_PER_FUNCTION","NOT_RUN_CURRENT_SOURCE","NOT_RUN","src/Etp.Reporting.Desktop/UiNavigation.cs","Compiled inventory: verification/review-2026-09-11/verified/function-coverage.json; integrated audit 2026-09-11T13:57:45Z to 13:58:55Z PASS; aggregate suite is not per-function verification","ui-all-report-routes; live-sql-reporting; dotnet-tests","Function-specific assertions; complete workflow interactions; applicable normal/empty/invalid/loading/failed/restricted/locked states; store/date switch; repeated action; cancellation; navigation",""
"navigation:store-daily-pack","Navigation function","Store Daily Pack","True","STATIC_ONLY","REGISTRY_OR_ROUTING_INSPECTED","NOT_VERIFIED_PER_FUNCTION","NOT_RUN_CURRENT_SOURCE","NOT_RUN","src/Etp.Reporting.Desktop/UiNavigation.cs","Compiled inventory: verification/review-2026-09-11/verified/function-coverage.json; integrated audit 2026-09-11T13:57:45Z to 13:58:55Z PASS; aggregate suite is not per-function verification","ui-all-workspaces; live-sql-daily-workflow; dotnet-tests","Function-specific assertions; complete workflow interactions; applicable normal/empty/invalid/loading/failed/restricted/locked states; store/date switch; repeated action; cancellation; navigation",""
"navigation:combined-pack","Navigation function","Combined Pack","True","STATIC_ONLY","REGISTRY_OR_ROUTING_INSPECTED","NOT_VERIFIED_PER_FUNCTION","NOT_RUN_CURRENT_SOURCE","NOT_RUN","src/Etp.Reporting.Desktop/UiNavigation.cs","Compiled inventory: verification/review-2026-09-11/verified/function-coverage.json; integrated audit 2026-09-11T13:57:45Z to 13:58:55Z PASS; aggregate suite is not per-function verification","ui-all-workspaces; live-sql-daily-workflow; dotnet-tests","Function-specific assertions; complete workflow interactions; applicable normal/empty/invalid/loading/failed/restricted/locked states; store/date switch; repeated action; cancellation; navigation",""
"navigation:historical-packs","Navigation function","Historical Packs","True","STATIC_ONLY","REGISTRY_OR_ROUTING_INSPECTED","NOT_VERIFIED_PER_FUNCTION","NOT_RUN_CURRENT_SOURCE","NOT_RUN","src/Etp.Reporting.Desktop/UiNavigation.cs","Compiled inventory: verification/review-2026-09-11/verified/function-coverage.json; integrated audit 2026-09-11T13:57:45Z to 13:58:55Z PASS; aggregate suite is not per-function verification","ui-all-workspaces; live-sql-archive; dotnet-tests","Function-specific assertions; complete workflow interactions; applicable normal/empty/invalid/loading/failed/restricted/locked states; store/date switch; repeated action; cancellation; navigation",""
"navigation:category-sales","Navigation function","Category-wise Sales","False","DEFERRED_UNAVAILABLE","REGISTRY_OR_ROUTING_INSPECTED","NOT_VERIFIED_PER_FUNCTION","NOT_RUN_CURRENT_SOURCE","NOT_RUN","src/Etp.Reporting.Desktop/UiNavigation.cs","Compiled inventory: verification/review-2026-09-11/verified/function-coverage.json; integrated audit 2026-09-11T13:57:45Z to 13:58:55Z PASS; aggregate suite is not per-function verification","declared-unavailable-with-reason","Function-specific assertions; complete workflow interactions; applicable normal/empty/invalid/loading/failed/restricted/locked states; store/date switch; repeated action; cancellation; navigation","Requires an approved product-category master."
"navigation:sell-through","Navigation function","Sell-through","False","DEFERRED_UNAVAILABLE","REGISTRY_OR_ROUTING_INSPECTED","NOT_VERIFIED_PER_FUNCTION","NOT_RUN_CURRENT_SOURCE","NOT_RUN","src/Etp.Reporting.Desktop/UiNavigation.cs","Compiled inventory: verification/review-2026-09-11/verified/function-coverage.json; integrated audit 2026-09-11T13:57:45Z to 13:58:55Z PASS; aggregate suite is not per-function verification","declared-unavailable-with-reason","Function-specific assertions; complete workflow interactions; applicable normal/empty/invalid/loading/failed/restricted/locked states; store/date switch; repeated action; cancellation; navigation","Requires an approved purchase/receipt source."
"navigation:stock-turn","Navigation function","Stock Turn","False","DEFERRED_UNAVAILABLE","REGISTRY_OR_ROUTING_INSPECTED","NOT_VERIFIED_PER_FUNCTION","NOT_RUN_CURRENT_SOURCE","NOT_RUN","src/Etp.Reporting.Desktop/UiNavigation.cs","Compiled inventory: verification/review-2026-09-11/verified/function-coverage.json; integrated audit 2026-09-11T13:57:45Z to 13:58:55Z PASS; aggregate suite is not per-function verification","declared-unavailable-with-reason","Function-specific assertions; complete workflow interactions; applicable normal/empty/invalid/loading/failed/restricted/locked states; store/date switch; repeated action; cancellation; navigation","Requires an approved purchase/receipt source."
"navigation:days-cover","Navigation function","Days of Cover","False","DEFERRED_UNAVAILABLE","REGISTRY_OR_ROUTING_INSPECTED","NOT_VERIFIED_PER_FUNCTION","NOT_RUN_CURRENT_SOURCE","NOT_RUN","src/Etp.Reporting.Desktop/UiNavigation.cs","Compiled inventory: verification/review-2026-09-11/verified/function-coverage.json; integrated audit 2026-09-11T13:57:45Z to 13:58:55Z PASS; aggregate suite is not per-function verification","declared-unavailable-with-reason","Function-specific assertions; complete workflow interactions; applicable normal/empty/invalid/loading/failed/restricted/locked states; store/date switch; repeated action; cancellation; navigation","Requires an approved replenishment policy."
"navigation:import-overview","Navigation function","Import Overview","True","STATIC_ONLY","REGISTRY_OR_ROUTING_INSPECTED","NOT_VERIFIED_PER_FUNCTION","NOT_RUN_CURRENT_SOURCE","NOT_RUN","src/Etp.Reporting.Desktop/UiNavigation.cs","Compiled inventory: verification/review-2026-09-11/verified/function-coverage.json; integrated audit 2026-09-11T13:57:45Z to 13:58:55Z PASS; aggregate suite is not per-function verification","ui-all-workspaces; offline-import-smoke; live-sql-import; dotnet-tests","Function-specific assertions; complete workflow interactions; applicable normal/empty/invalid/loading/failed/restricted/locked states; store/date switch; repeated action; cancellation; navigation",""
"navigation:import-files","Navigation function","Import Files","True","STATIC_ONLY","REGISTRY_OR_ROUTING_INSPECTED","NOT_VERIFIED_PER_FUNCTION","NOT_RUN_CURRENT_SOURCE","NOT_RUN","src/Etp.Reporting.Desktop/UiNavigation.cs","Compiled inventory: verification/review-2026-09-11/verified/function-coverage.json; integrated audit 2026-09-11T13:57:45Z to 13:58:55Z PASS; aggregate suite is not per-function verification","ui-all-workspaces; offline-import-smoke; live-sql-import; dotnet-tests","Function-specific assertions; complete workflow interactions; applicable normal/empty/invalid/loading/failed/restricted/locked states; store/date switch; repeated action; cancellation; navigation",""
"navigation:source-inbox","Navigation function","Source Inbox","True","STATIC_ONLY","REGISTRY_OR_ROUTING_INSPECTED","NOT_VERIFIED_PER_FUNCTION","NOT_RUN_CURRENT_SOURCE","NOT_RUN","src/Etp.Reporting.Desktop/UiNavigation.cs","Compiled inventory: verification/review-2026-09-11/verified/function-coverage.json; integrated audit 2026-09-11T13:57:45Z to 13:58:55Z PASS; aggregate suite is not per-function verification","ui-all-workspaces; offline-import-smoke; live-sql-import; dotnet-tests","Function-specific assertions; complete workflow interactions; applicable normal/empty/invalid/loading/failed/restricted/locked states; store/date switch; repeated action; cancellation; navigation",""
"navigation:bulk-import","Navigation function","Bulk Historical Import","True","STATIC_ONLY","REGISTRY_OR_ROUTING_INSPECTED","NOT_VERIFIED_PER_FUNCTION","NOT_RUN_CURRENT_SOURCE","NOT_RUN","src/Etp.Reporting.Desktop/UiNavigation.cs","Compiled inventory: verification/review-2026-09-11/verified/function-coverage.json; integrated audit 2026-09-11T13:57:45Z to 13:58:55Z PASS; aggregate suite is not per-function verification","ui-all-workspaces; offline-import-smoke; live-sql-import; dotnet-tests","Function-specific assertions; complete workflow interactions; applicable normal/empty/invalid/loading/failed/restricted/locked states; store/date switch; repeated action; cancellation; navigation",""
"navigation:watch-folder","Navigation function","Watch Folder","True","STATIC_ONLY","REGISTRY_OR_ROUTING_INSPECTED","NOT_VERIFIED_PER_FUNCTION","NOT_RUN_CURRENT_SOURCE","NOT_RUN","src/Etp.Reporting.Desktop/UiNavigation.cs","Compiled inventory: verification/review-2026-09-11/verified/function-coverage.json; integrated audit 2026-09-11T13:57:45Z to 13:58:55Z PASS; aggregate suite is not per-function verification","ui-all-workspaces; live-sql-operations; dotnet-tests","Function-specific assertions; complete workflow interactions; applicable normal/empty/invalid/loading/failed/restricted/locked states; store/date switch; repeated action; cancellation; navigation",""
"navigation:quarantine","Navigation function","Quarantine","True","STATIC_ONLY","REGISTRY_OR_ROUTING_INSPECTED","NOT_VERIFIED_PER_FUNCTION","NOT_RUN_CURRENT_SOURCE","NOT_RUN","src/Etp.Reporting.Desktop/UiNavigation.cs","Compiled inventory: verification/review-2026-09-11/verified/function-coverage.json; integrated audit 2026-09-11T13:57:45Z to 13:58:55Z PASS; aggregate suite is not per-function verification","ui-all-workspaces; offline-import-smoke; live-sql-import; dotnet-tests","Function-specific assertions; complete workflow interactions; applicable normal/empty/invalid/loading/failed/restricted/locked states; store/date switch; repeated action; cancellation; navigation",""
"navigation:duplicates","Navigation function","Exact Duplicates","True","STATIC_ONLY","REGISTRY_OR_ROUTING_INSPECTED","NOT_VERIFIED_PER_FUNCTION","NOT_RUN_CURRENT_SOURCE","NOT_RUN","src/Etp.Reporting.Desktop/UiNavigation.cs","Compiled inventory: verification/review-2026-09-11/verified/function-coverage.json; integrated audit 2026-09-11T13:57:45Z to 13:58:55Z PASS; aggregate suite is not per-function verification","ui-all-workspaces; offline-import-smoke; live-sql-import; dotnet-tests","Function-specific assertions; complete workflow interactions; applicable normal/empty/invalid/loading/failed/restricted/locked states; store/date switch; repeated action; cancellation; navigation",""
"navigation:already-present","Navigation function","Already-Present Facts","True","STATIC_ONLY","REGISTRY_OR_ROUTING_INSPECTED","NOT_VERIFIED_PER_FUNCTION","NOT_RUN_CURRENT_SOURCE","NOT_RUN","src/Etp.Reporting.Desktop/UiNavigation.cs","Compiled inventory: verification/review-2026-09-11/verified/function-coverage.json; integrated audit 2026-09-11T13:57:45Z to 13:58:55Z PASS; aggregate suite is not per-function verification","ui-all-workspaces; offline-import-smoke; live-sql-import; dotnet-tests","Function-specific assertions; complete workflow interactions; applicable normal/empty/invalid/loading/failed/restricted/locked states; store/date switch; repeated action; cancellation; navigation",""
"navigation:conflicts","Navigation function","Conflict Review","True","STATIC_ONLY","REGISTRY_OR_ROUTING_INSPECTED","NOT_VERIFIED_PER_FUNCTION","NOT_RUN_CURRENT_SOURCE","NOT_RUN","src/Etp.Reporting.Desktop/UiNavigation.cs","Compiled inventory: verification/review-2026-09-11/verified/function-coverage.json; integrated audit 2026-09-11T13:57:45Z to 13:58:55Z PASS; aggregate suite is not per-function verification","ui-all-workspaces; offline-import-smoke; live-sql-import; dotnet-tests","Function-specific assertions; complete workflow interactions; applicable normal/empty/invalid/loading/failed/restricted/locked states; store/date switch; repeated action; cancellation; navigation",""
"navigation:import-failures","Navigation function","Import Failures","True","STATIC_ONLY","REGISTRY_OR_ROUTING_INSPECTED","NOT_VERIFIED_PER_FUNCTION","NOT_RUN_CURRENT_SOURCE","NOT_RUN","src/Etp.Reporting.Desktop/UiNavigation.cs","Compiled inventory: verification/review-2026-09-11/verified/function-coverage.json; integrated audit 2026-09-11T13:57:45Z to 13:58:55Z PASS; aggregate suite is not per-function verification","ui-all-workspaces; live-sql-operations; dotnet-tests","Function-specific assertions; complete workflow interactions; applicable normal/empty/invalid/loading/failed/restricted/locked states; store/date switch; repeated action; cancellation; navigation",""
"navigation:import-history","Navigation function","Import History","True","STATIC_ONLY","REGISTRY_OR_ROUTING_INSPECTED","NOT_VERIFIED_PER_FUNCTION","NOT_RUN_CURRENT_SOURCE","NOT_RUN","src/Etp.Reporting.Desktop/UiNavigation.cs","Compiled inventory: verification/review-2026-09-11/verified/function-coverage.json; integrated audit 2026-09-11T13:57:45Z to 13:58:55Z PASS; aggregate suite is not per-function verification","ui-all-workspaces; dotnet-tests","Function-specific assertions; complete workflow interactions; applicable normal/empty/invalid/loading/failed/restricted/locked states; store/date switch; repeated action; cancellation; navigation",""
"navigation:documents","Navigation function","Document Repository","True","STATIC_ONLY","REGISTRY_OR_ROUTING_INSPECTED","NOT_VERIFIED_PER_FUNCTION","NOT_RUN_CURRENT_SOURCE","NOT_RUN","src/Etp.Reporting.Desktop/UiNavigation.cs","Compiled inventory: verification/review-2026-09-11/verified/function-coverage.json; integrated audit 2026-09-11T13:57:45Z to 13:58:55Z PASS; aggregate suite is not per-function verification","ui-all-workspaces; offline-import-smoke; live-sql-import; dotnet-tests","Function-specific assertions; complete workflow interactions; applicable normal/empty/invalid/loading/failed/restricted/locked states; store/date switch; repeated action; cancellation; navigation",""
"navigation:native-pdf","Navigation function","Native PDF Extraction","True","STATIC_ONLY","REGISTRY_OR_ROUTING_INSPECTED","NOT_VERIFIED_PER_FUNCTION","NOT_RUN_CURRENT_SOURCE","NOT_RUN","src/Etp.Reporting.Desktop/UiNavigation.cs","Compiled inventory: verification/review-2026-09-11/verified/function-coverage.json; integrated audit 2026-09-11T13:57:45Z to 13:58:55Z PASS; aggregate suite is not per-function verification","ui-all-workspaces; offline-import-smoke; live-sql-import; dotnet-tests","Function-specific assertions; complete workflow interactions; applicable normal/empty/invalid/loading/failed/restricted/locked states; store/date switch; repeated action; cancellation; navigation",""
"navigation:ocr-review","Navigation function","OCR Review Queue","True","STATIC_ONLY","REGISTRY_OR_ROUTING_INSPECTED","NOT_VERIFIED_PER_FUNCTION","NOT_RUN_CURRENT_SOURCE","NOT_RUN","src/Etp.Reporting.Desktop/UiNavigation.cs","Compiled inventory: verification/review-2026-09-11/verified/function-coverage.json; integrated audit 2026-09-11T13:57:45Z to 13:58:55Z PASS; aggregate suite is not per-function verification","ui-all-workspaces; offline-import-smoke; live-sql-import; dotnet-tests","Function-specific assertions; complete workflow interactions; applicable normal/empty/invalid/loading/failed/restricted/locked states; store/date switch; repeated action; cancellation; navigation",""
"navigation:extraction-history","Navigation function","Extraction History","True","STATIC_ONLY","REGISTRY_OR_ROUTING_INSPECTED","NOT_VERIFIED_PER_FUNCTION","NOT_RUN_CURRENT_SOURCE","NOT_RUN","src/Etp.Reporting.Desktop/UiNavigation.cs","Compiled inventory: verification/review-2026-09-11/verified/function-coverage.json; integrated audit 2026-09-11T13:57:45Z to 13:58:55Z PASS; aggregate suite is not per-function verification","ui-all-workspaces; offline-import-smoke; live-sql-import; dotnet-tests","Function-specific assertions; complete workflow interactions; applicable normal/empty/invalid/loading/failed/restricted/locked states; store/date switch; repeated action; cancellation; navigation",""
"navigation:register-inward","Navigation function","Inward Register","True","STATIC_ONLY","REGISTRY_OR_ROUTING_INSPECTED","NOT_VERIFIED_PER_FUNCTION","NOT_RUN_CURRENT_SOURCE","NOT_RUN","src/Etp.Reporting.Desktop/UiNavigation.cs","Compiled inventory: verification/review-2026-09-11/verified/function-coverage.json; integrated audit 2026-09-11T13:57:45Z to 13:58:55Z PASS; aggregate suite is not per-function verification","ui-all-workspaces; dotnet-tests; external-user-acceptance","Function-specific assertions; complete workflow interactions; applicable normal/empty/invalid/loading/failed/restricted/locked states; store/date switch; repeated action; cancellation; navigation",""
"navigation:register-outward","Navigation function","Outward Register","True","STATIC_ONLY","REGISTRY_OR_ROUTING_INSPECTED","NOT_VERIFIED_PER_FUNCTION","NOT_RUN_CURRENT_SOURCE","NOT_RUN","src/Etp.Reporting.Desktop/UiNavigation.cs","Compiled inventory: verification/review-2026-09-11/verified/function-coverage.json; integrated audit 2026-09-11T13:57:45Z to 13:58:55Z PASS; aggregate suite is not per-function verification","ui-all-workspaces; dotnet-tests; external-user-acceptance","Function-specific assertions; complete workflow interactions; applicable normal/empty/invalid/loading/failed/restricted/locked states; store/date switch; repeated action; cancellation; navigation",""
"navigation:register-credit","Navigation function","Credit Note Register","True","STATIC_ONLY","REGISTRY_OR_ROUTING_INSPECTED","NOT_VERIFIED_PER_FUNCTION","NOT_RUN_CURRENT_SOURCE","NOT_RUN","src/Etp.Reporting.Desktop/UiNavigation.cs","Compiled inventory: verification/review-2026-09-11/verified/function-coverage.json; integrated audit 2026-09-11T13:57:45Z to 13:58:55Z PASS; aggregate suite is not per-function verification","ui-all-workspaces; dotnet-tests; external-user-acceptance","Function-specific assertions; complete workflow interactions; applicable normal/empty/invalid/loading/failed/restricted/locked states; store/date switch; repeated action; cancellation; navigation",""
"navigation:register-service","Navigation function","Service Receipt Register","True","STATIC_ONLY","REGISTRY_OR_ROUTING_INSPECTED","NOT_VERIFIED_PER_FUNCTION","NOT_RUN_CURRENT_SOURCE","NOT_RUN","src/Etp.Reporting.Desktop/UiNavigation.cs","Compiled inventory: verification/review-2026-09-11/verified/function-coverage.json; integrated audit 2026-09-11T13:57:45Z to 13:58:55Z PASS; aggregate suite is not per-function verification","ui-all-workspaces; dotnet-tests; external-user-acceptance","Function-specific assertions; complete workflow interactions; applicable normal/empty/invalid/loading/failed/restricted/locked states; store/date switch; repeated action; cancellation; navigation",""
"navigation:register-courier","Navigation function","Courier Register","False","DEFERRED_UNAVAILABLE","REGISTRY_OR_ROUTING_INSPECTED","NOT_VERIFIED_PER_FUNCTION","NOT_RUN_CURRENT_SOURCE","NOT_RUN","src/Etp.Reporting.Desktop/UiNavigation.cs","Compiled inventory: verification/review-2026-09-11/verified/function-coverage.json; integrated audit 2026-09-11T13:57:45Z to 13:58:55Z PASS; aggregate suite is not per-function verification","declared-unavailable-with-reason","Function-specific assertions; complete workflow interactions; applicable normal/empty/invalid/loading/failed/restricted/locked states; store/date switch; repeated action; cancellation; navigation","Register schema is not yet configured."
"navigation:register-transfer","Navigation function","Stock Transfer Register","True","STATIC_ONLY","REGISTRY_OR_ROUTING_INSPECTED","NOT_VERIFIED_PER_FUNCTION","NOT_RUN_CURRENT_SOURCE","NOT_RUN","src/Etp.Reporting.Desktop/UiNavigation.cs","Compiled inventory: verification/review-2026-09-11/verified/function-coverage.json; integrated audit 2026-09-11T13:57:45Z to 13:58:55Z PASS; aggregate suite is not per-function verification","ui-all-workspaces; dotnet-tests; external-user-acceptance","Function-specific assertions; complete workflow interactions; applicable normal/empty/invalid/loading/failed/restricted/locked states; store/date switch; repeated action; cancellation; navigation",""
"navigation:register-expense","Navigation function","Expense Register","True","STATIC_ONLY","REGISTRY_OR_ROUTING_INSPECTED","NOT_VERIFIED_PER_FUNCTION","NOT_RUN_CURRENT_SOURCE","NOT_RUN","src/Etp.Reporting.Desktop/UiNavigation.cs","Compiled inventory: verification/review-2026-09-11/verified/function-coverage.json; integrated audit 2026-09-11T13:57:45Z to 13:58:55Z PASS; aggregate suite is not per-function verification","ui-all-workspaces; dotnet-tests; external-user-acceptance","Function-specific assertions; complete workflow interactions; applicable normal/empty/invalid/loading/failed/restricted/locked states; store/date switch; repeated action; cancellation; navigation",""
"navigation:register-vendor","Navigation function","Vendor Invoice Register","True","STATIC_ONLY","REGISTRY_OR_ROUTING_INSPECTED","NOT_VERIFIED_PER_FUNCTION","NOT_RUN_CURRENT_SOURCE","NOT_RUN","src/Etp.Reporting.Desktop/UiNavigation.cs","Compiled inventory: verification/review-2026-09-11/verified/function-coverage.json; integrated audit 2026-09-11T13:57:45Z to 13:58:55Z PASS; aggregate suite is not per-function verification","ui-all-workspaces; dotnet-tests; external-user-acceptance","Function-specific assertions; complete workflow interactions; applicable normal/empty/invalid/loading/failed/restricted/locked states; store/date switch; repeated action; cancellation; navigation",""
"navigation:accounting-overview","Navigation function","Overview","True","STATIC_ONLY","REGISTRY_OR_ROUTING_INSPECTED","NOT_VERIFIED_PER_FUNCTION","NOT_RUN_CURRENT_SOURCE","NOT_RUN","src/Etp.Reporting.Desktop/UiNavigation.cs","Compiled inventory: verification/review-2026-09-11/verified/function-coverage.json; integrated audit 2026-09-11T13:57:45Z to 13:58:55Z PASS; aggregate suite is not per-function verification","ui-all-workspaces; dotnet-tests; external-user-acceptance","Function-specific assertions; complete workflow interactions; applicable normal/empty/invalid/loading/failed/restricted/locked states; store/date switch; repeated action; cancellation; navigation",""
"navigation:prepare-batch","Navigation function","Prepare Batch","True","STATIC_ONLY","REGISTRY_OR_ROUTING_INSPECTED","NOT_VERIFIED_PER_FUNCTION","NOT_RUN_CURRENT_SOURCE","NOT_RUN","src/Etp.Reporting.Desktop/UiNavigation.cs","Compiled inventory: verification/review-2026-09-11/verified/function-coverage.json; integrated audit 2026-09-11T13:57:45Z to 13:58:55Z PASS; aggregate suite is not per-function verification","ui-all-workspaces; dotnet-tests; external-user-acceptance","Function-specific assertions; complete workflow interactions; applicable normal/empty/invalid/loading/failed/restricted/locked states; store/date switch; repeated action; cancellation; navigation",""
"navigation:ledger-mapping","Navigation function","Ledger Mapping","True","STATIC_ONLY","REGISTRY_OR_ROUTING_INSPECTED","NOT_VERIFIED_PER_FUNCTION","NOT_RUN_CURRENT_SOURCE","NOT_RUN","src/Etp.Reporting.Desktop/UiNavigation.cs","Compiled inventory: verification/review-2026-09-11/verified/function-coverage.json; integrated audit 2026-09-11T13:57:45Z to 13:58:55Z PASS; aggregate suite is not per-function verification","ui-all-workspaces; dotnet-tests; external-user-acceptance","Function-specific assertions; complete workflow interactions; applicable normal/empty/invalid/loading/failed/restricted/locked states; store/date switch; repeated action; cancellation; navigation",""
"navigation:mapping-review","Navigation function","Mapping Review","True","STATIC_ONLY","REGISTRY_OR_ROUTING_INSPECTED","NOT_VERIFIED_PER_FUNCTION","NOT_RUN_CURRENT_SOURCE","NOT_RUN","src/Etp.Reporting.Desktop/UiNavigation.cs","Compiled inventory: verification/review-2026-09-11/verified/function-coverage.json; integrated audit 2026-09-11T13:57:45Z to 13:58:55Z PASS; aggregate suite is not per-function verification","ui-all-workspaces; dotnet-tests; external-user-acceptance","Function-specific assertions; complete workflow interactions; applicable normal/empty/invalid/loading/failed/restricted/locked states; store/date switch; repeated action; cancellation; navigation",""
"navigation:validation","Navigation function","Validation","True","STATIC_ONLY","REGISTRY_OR_ROUTING_INSPECTED","NOT_VERIFIED_PER_FUNCTION","NOT_RUN_CURRENT_SOURCE","NOT_RUN","src/Etp.Reporting.Desktop/UiNavigation.cs","Compiled inventory: verification/review-2026-09-11/verified/function-coverage.json; integrated audit 2026-09-11T13:57:45Z to 13:58:55Z PASS; aggregate suite is not per-function verification","ui-all-workspaces; dotnet-tests; external-user-acceptance","Function-specific assertions; complete workflow interactions; applicable normal/empty/invalid/loading/failed/restricted/locked states; store/date switch; repeated action; cancellation; navigation",""
"navigation:tally-export","Navigation function","Tally Export","True","STATIC_ONLY","REGISTRY_OR_ROUTING_INSPECTED","NOT_VERIFIED_PER_FUNCTION","NOT_RUN_CURRENT_SOURCE","NOT_RUN","src/Etp.Reporting.Desktop/UiNavigation.cs","Compiled inventory: verification/review-2026-09-11/verified/function-coverage.json; integrated audit 2026-09-11T13:57:45Z to 13:58:55Z PASS; aggregate suite is not per-function verification","ui-all-workspaces; dotnet-tests; external-user-acceptance","Function-specific assertions; complete workflow interactions; applicable normal/empty/invalid/loading/failed/restricted/locked states; store/date switch; repeated action; cancellation; navigation",""
"navigation:export-history","Navigation function","Export History","True","STATIC_ONLY","REGISTRY_OR_ROUTING_INSPECTED","NOT_VERIFIED_PER_FUNCTION","NOT_RUN_CURRENT_SOURCE","NOT_RUN","src/Etp.Reporting.Desktop/UiNavigation.cs","Compiled inventory: verification/review-2026-09-11/verified/function-coverage.json; integrated audit 2026-09-11T13:57:45Z to 13:58:55Z PASS; aggregate suite is not per-function verification","ui-all-workspaces; dotnet-tests; external-user-acceptance","Function-specific assertions; complete workflow interactions; applicable normal/empty/invalid/loading/failed/restricted/locked states; store/date switch; repeated action; cancellation; navigation",""
"navigation:accounting-reconciliation","Navigation function","Accounting Reconciliation","True","STATIC_ONLY","REGISTRY_OR_ROUTING_INSPECTED","NOT_VERIFIED_PER_FUNCTION","NOT_RUN_CURRENT_SOURCE","NOT_RUN","src/Etp.Reporting.Desktop/UiNavigation.cs","Compiled inventory: verification/review-2026-09-11/verified/function-coverage.json; integrated audit 2026-09-11T13:57:45Z to 13:58:55Z PASS; aggregate suite is not per-function verification","ui-all-workspaces; dotnet-tests; external-user-acceptance","Function-specific assertions; complete workflow interactions; applicable normal/empty/invalid/loading/failed/restricted/locked states; store/date switch; repeated action; cancellation; navigation",""
"navigation:direct-posting","Navigation function","Approved Direct Posting","False","DEFERRED_UNAVAILABLE","REGISTRY_OR_ROUTING_INSPECTED","NOT_VERIFIED_PER_FUNCTION","NOT_RUN_CURRENT_SOURCE","NOT_RUN","src/Etp.Reporting.Desktop/UiNavigation.cs","Compiled inventory: verification/review-2026-09-11/verified/function-coverage.json; integrated audit 2026-09-11T13:57:45Z to 13:58:55Z PASS; aggregate suite is not per-function verification","declared-unavailable-with-reason","Function-specific assertions; complete workflow interactions; applicable normal/empty/invalid/loading/failed/restricted/locked states; store/date switch; repeated action; cancellation; navigation","No direct-posting authority exists."
"navigation:gst-assist","Navigation function","GST Return Assist","False","DEFERRED_UNAVAILABLE","REGISTRY_OR_ROUTING_INSPECTED","NOT_VERIFIED_PER_FUNCTION","NOT_RUN_CURRENT_SOURCE","NOT_RUN","src/Etp.Reporting.Desktop/UiNavigation.cs","Compiled inventory: verification/review-2026-09-11/verified/function-coverage.json; integrated audit 2026-09-11T13:57:45Z to 13:58:55Z PASS; aggregate suite is not per-function verification","declared-unavailable-with-reason","Function-specific assertions; complete workflow interactions; applicable normal/empty/invalid/loading/failed/restricted/locked states; store/date switch; repeated action; cancellation; navigation","Requires an approved tax policy and source contract."
"navigation:archive-overview","Navigation function","Overview","True","STATIC_ONLY","REGISTRY_OR_ROUTING_INSPECTED","NOT_VERIFIED_PER_FUNCTION","NOT_RUN_CURRENT_SOURCE","NOT_RUN","src/Etp.Reporting.Desktop/UiNavigation.cs","Compiled inventory: verification/review-2026-09-11/verified/function-coverage.json; integrated audit 2026-09-11T13:57:45Z to 13:58:55Z PASS; aggregate suite is not per-function verification","ui-all-workspaces; live-sql-archive; dotnet-tests","Function-specific assertions; complete workflow interactions; applicable normal/empty/invalid/loading/failed/restricted/locked states; store/date switch; repeated action; cancellation; navigation",""
"navigation:generations","Navigation function","Report Generations","True","STATIC_ONLY","REGISTRY_OR_ROUTING_INSPECTED","NOT_VERIFIED_PER_FUNCTION","NOT_RUN_CURRENT_SOURCE","NOT_RUN","src/Etp.Reporting.Desktop/UiNavigation.cs","Compiled inventory: verification/review-2026-09-11/verified/function-coverage.json; integrated audit 2026-09-11T13:57:45Z to 13:58:55Z PASS; aggregate suite is not per-function verification","ui-all-workspaces; live-sql-archive; dotnet-tests","Function-specific assertions; complete workflow interactions; applicable normal/empty/invalid/loading/failed/restricted/locked states; store/date switch; repeated action; cancellation; navigation",""
"navigation:final-packs","Navigation function","Finalised Packs","True","STATIC_ONLY","REGISTRY_OR_ROUTING_INSPECTED","NOT_VERIFIED_PER_FUNCTION","NOT_RUN_CURRENT_SOURCE","NOT_RUN","src/Etp.Reporting.Desktop/UiNavigation.cs","Compiled inventory: verification/review-2026-09-11/verified/function-coverage.json; integrated audit 2026-09-11T13:57:45Z to 13:58:55Z PASS; aggregate suite is not per-function verification","ui-all-workspaces; live-sql-archive; dotnet-tests","Function-specific assertions; complete workflow interactions; applicable normal/empty/invalid/loading/failed/restricted/locked states; store/date switch; repeated action; cancellation; navigation",""
"navigation:restatements","Navigation function","Restatements","True","STATIC_ONLY","REGISTRY_OR_ROUTING_INSPECTED","NOT_VERIFIED_PER_FUNCTION","NOT_RUN_CURRENT_SOURCE","NOT_RUN","src/Etp.Reporting.Desktop/UiNavigation.cs","Compiled inventory: verification/review-2026-09-11/verified/function-coverage.json; integrated audit 2026-09-11T13:57:45Z to 13:58:55Z PASS; aggregate suite is not per-function verification","ui-all-workspaces; live-sql-archive; dotnet-tests","Function-specific assertions; complete workflow interactions; applicable normal/empty/invalid/loading/failed/restricted/locked states; store/date switch; repeated action; cancellation; navigation",""
"navigation:compare","Navigation function","Compare Generations","True","STATIC_ONLY","REGISTRY_OR_ROUTING_INSPECTED","NOT_VERIFIED_PER_FUNCTION","NOT_RUN_CURRENT_SOURCE","NOT_RUN","src/Etp.Reporting.Desktop/UiNavigation.cs","Compiled inventory: verification/review-2026-09-11/verified/function-coverage.json; integrated audit 2026-09-11T13:57:45Z to 13:58:55Z PASS; aggregate suite is not per-function verification","ui-all-workspaces; live-sql-archive; dotnet-tests","Function-specific assertions; complete workflow interactions; applicable normal/empty/invalid/loading/failed/restricted/locked states; store/date switch; repeated action; cancellation; navigation",""
"navigation:re-export","Navigation function","Re-export","True","STATIC_ONLY","REGISTRY_OR_ROUTING_INSPECTED","NOT_VERIFIED_PER_FUNCTION","NOT_RUN_CURRENT_SOURCE","NOT_RUN","src/Etp.Reporting.Desktop/UiNavigation.cs","Compiled inventory: verification/review-2026-09-11/verified/function-coverage.json; integrated audit 2026-09-11T13:57:45Z to 13:58:55Z PASS; aggregate suite is not per-function verification","ui-all-workspaces; live-sql-archive; dotnet-tests","Function-specific assertions; complete workflow interactions; applicable normal/empty/invalid/loading/failed/restricted/locked states; store/date switch; repeated action; cancellation; navigation",""
"navigation:shared","Navigation function","Shared Reports","True","STATIC_ONLY","REGISTRY_OR_ROUTING_INSPECTED","NOT_VERIFIED_PER_FUNCTION","NOT_RUN_CURRENT_SOURCE","NOT_RUN","src/Etp.Reporting.Desktop/UiNavigation.cs","Compiled inventory: verification/review-2026-09-11/verified/function-coverage.json; integrated audit 2026-09-11T13:57:45Z to 13:58:55Z PASS; aggregate suite is not per-function verification","ui-all-workspaces; live-sql-archive; dotnet-tests","Function-specific assertions; complete workflow interactions; applicable normal/empty/invalid/loading/failed/restricted/locked states; store/date switch; repeated action; cancellation; navigation",""
"navigation:source-documents","Navigation function","Source Documents","True","STATIC_ONLY","REGISTRY_OR_ROUTING_INSPECTED","NOT_VERIFIED_PER_FUNCTION","NOT_RUN_CURRENT_SOURCE","NOT_RUN","src/Etp.Reporting.Desktop/UiNavigation.cs","Compiled inventory: verification/review-2026-09-11/verified/function-coverage.json; integrated audit 2026-09-11T13:57:45Z to 13:58:55Z PASS; aggregate suite is not per-function verification","ui-all-workspaces; offline-import-smoke; live-sql-import; dotnet-tests","Function-specific assertions; complete workflow interactions; applicable normal/empty/invalid/loading/failed/restricted/locked states; store/date switch; repeated action; cancellation; navigation",""
"navigation:open-items","Navigation function","Open Items","True","STATIC_ONLY","REGISTRY_OR_ROUTING_INSPECTED","NOT_VERIFIED_PER_FUNCTION","NOT_RUN_CURRENT_SOURCE","NOT_RUN","src/Etp.Reporting.Desktop/UiNavigation.cs","Compiled inventory: verification/review-2026-09-11/verified/function-coverage.json; integrated audit 2026-09-11T13:57:45Z to 13:58:55Z PASS; aggregate suite is not per-function verification","ui-all-workspaces; live-sql-operations; dotnet-tests","Function-specific assertions; complete workflow interactions; applicable normal/empty/invalid/loading/failed/restricted/locked states; store/date switch; repeated action; cancellation; navigation",""
"navigation:data-quality","Navigation function","Data Quality","True","STATIC_ONLY","REGISTRY_OR_ROUTING_INSPECTED","NOT_VERIFIED_PER_FUNCTION","NOT_RUN_CURRENT_SOURCE","NOT_RUN","src/Etp.Reporting.Desktop/UiNavigation.cs","Compiled inventory: verification/review-2026-09-11/verified/function-coverage.json; integrated audit 2026-09-11T13:57:45Z to 13:58:55Z PASS; aggregate suite is not per-function verification","ui-all-workspaces; live-sql-operations; dotnet-tests","Function-specific assertions; complete workflow interactions; applicable normal/empty/invalid/loading/failed/restricted/locked states; store/date switch; repeated action; cancellation; navigation",""
"navigation:missing-sources","Navigation function","Missing Sources","True","STATIC_ONLY","REGISTRY_OR_ROUTING_INSPECTED","NOT_VERIFIED_PER_FUNCTION","NOT_RUN_CURRENT_SOURCE","NOT_RUN","src/Etp.Reporting.Desktop/UiNavigation.cs","Compiled inventory: verification/review-2026-09-11/verified/function-coverage.json; integrated audit 2026-09-11T13:57:45Z to 13:58:55Z PASS; aggregate suite is not per-function verification","ui-all-report-routes; live-sql-reporting; dotnet-tests","Function-specific assertions; complete workflow interactions; applicable normal/empty/invalid/loading/failed/restricted/locked states; store/date switch; repeated action; cancellation; navigation",""
"navigation:unknown-layouts","Navigation function","Unknown Layouts","True","STATIC_ONLY","REGISTRY_OR_ROUTING_INSPECTED","NOT_VERIFIED_PER_FUNCTION","NOT_RUN_CURRENT_SOURCE","NOT_RUN","src/Etp.Reporting.Desktop/UiNavigation.cs","Compiled inventory: verification/review-2026-09-11/verified/function-coverage.json; integrated audit 2026-09-11T13:57:45Z to 13:58:55Z PASS; aggregate suite is not per-function verification","ui-all-workspaces; offline-import-smoke; live-sql-import; dotnet-tests","Function-specific assertions; complete workflow interactions; applicable normal/empty/invalid/loading/failed/restricted/locked states; store/date switch; repeated action; cancellation; navigation",""
"navigation:unmapped","Navigation function","Unmapped Data","True","STATIC_ONLY","REGISTRY_OR_ROUTING_INSPECTED","NOT_VERIFIED_PER_FUNCTION","NOT_RUN_CURRENT_SOURCE","NOT_RUN","src/Etp.Reporting.Desktop/UiNavigation.cs","Compiled inventory: verification/review-2026-09-11/verified/function-coverage.json; integrated audit 2026-09-11T13:57:45Z to 13:58:55Z PASS; aggregate suite is not per-function verification","ui-all-report-routes; live-sql-reporting; dotnet-tests","Function-specific assertions; complete workflow interactions; applicable normal/empty/invalid/loading/failed/restricted/locked states; store/date switch; repeated action; cancellation; navigation",""
"navigation:import-conflicts","Navigation function","Import Conflicts","True","STATIC_ONLY","REGISTRY_OR_ROUTING_INSPECTED","NOT_VERIFIED_PER_FUNCTION","NOT_RUN_CURRENT_SOURCE","NOT_RUN","src/Etp.Reporting.Desktop/UiNavigation.cs","Compiled inventory: verification/review-2026-09-11/verified/function-coverage.json; integrated audit 2026-09-11T13:57:45Z to 13:58:55Z PASS; aggregate suite is not per-function verification","ui-all-workspaces; offline-import-smoke; live-sql-import; dotnet-tests","Function-specific assertions; complete workflow interactions; applicable normal/empty/invalid/loading/failed/restricted/locked states; store/date switch; repeated action; cancellation; navigation",""
"navigation:tender-exceptions","Navigation function","Tender","True","STATIC_ONLY","REGISTRY_OR_ROUTING_INSPECTED","NOT_VERIFIED_PER_FUNCTION","NOT_RUN_CURRENT_SOURCE","NOT_RUN","src/Etp.Reporting.Desktop/UiNavigation.cs","Compiled inventory: verification/review-2026-09-11/verified/function-coverage.json; integrated audit 2026-09-11T13:57:45Z to 13:58:55Z PASS; aggregate suite is not per-function verification","ui-all-report-routes; live-sql-reporting; dotnet-tests","Function-specific assertions; complete workflow interactions; applicable normal/empty/invalid/loading/failed/restricted/locked states; store/date switch; repeated action; cancellation; navigation",""
"navigation:stock-exceptions","Navigation function","Stock","True","STATIC_ONLY","REGISTRY_OR_ROUTING_INSPECTED","NOT_VERIFIED_PER_FUNCTION","NOT_RUN_CURRENT_SOURCE","NOT_RUN","src/Etp.Reporting.Desktop/UiNavigation.cs","Compiled inventory: verification/review-2026-09-11/verified/function-coverage.json; integrated audit 2026-09-11T13:57:45Z to 13:58:55Z PASS; aggregate suite is not per-function verification","ui-all-report-routes; live-sql-reporting; dotnet-tests","Function-specific assertions; complete workflow interactions; applicable normal/empty/invalid/loading/failed/restricted/locked states; store/date switch; repeated action; cancellation; navigation",""
"navigation:staff-exceptions","Navigation function","Staff","True","STATIC_ONLY","REGISTRY_OR_ROUTING_INSPECTED","NOT_VERIFIED_PER_FUNCTION","NOT_RUN_CURRENT_SOURCE","NOT_RUN","src/Etp.Reporting.Desktop/UiNavigation.cs","Compiled inventory: verification/review-2026-09-11/verified/function-coverage.json; integrated audit 2026-09-11T13:57:45Z to 13:58:55Z PASS; aggregate suite is not per-function verification","ui-all-report-routes; live-sql-reporting; dotnet-tests","Function-specific assertions; complete workflow interactions; applicable normal/empty/invalid/loading/failed/restricted/locked states; store/date switch; repeated action; cancellation; navigation",""
"navigation:ocr-exceptions","Navigation function","OCR Review","True","STATIC_ONLY","REGISTRY_OR_ROUTING_INSPECTED","NOT_VERIFIED_PER_FUNCTION","NOT_RUN_CURRENT_SOURCE","NOT_RUN","src/Etp.Reporting.Desktop/UiNavigation.cs","Compiled inventory: verification/review-2026-09-11/verified/function-coverage.json; integrated audit 2026-09-11T13:57:45Z to 13:58:55Z PASS; aggregate suite is not per-function verification","ui-all-workspaces; offline-import-smoke; live-sql-import; dotnet-tests","Function-specific assertions; complete workflow interactions; applicable normal/empty/invalid/loading/failed/restricted/locked states; store/date switch; repeated action; cancellation; navigation",""
"navigation:accounting-exceptions","Navigation function","Accounting","True","STATIC_ONLY","REGISTRY_OR_ROUTING_INSPECTED","NOT_VERIFIED_PER_FUNCTION","NOT_RUN_CURRENT_SOURCE","NOT_RUN","src/Etp.Reporting.Desktop/UiNavigation.cs","Compiled inventory: verification/review-2026-09-11/verified/function-coverage.json; integrated audit 2026-09-11T13:57:45Z to 13:58:55Z PASS; aggregate suite is not per-function verification","ui-all-workspaces; dotnet-tests; external-user-acceptance","Function-specific assertions; complete workflow interactions; applicable normal/empty/invalid/loading/failed/restricted/locked states; store/date switch; repeated action; cancellation; navigation",""
"navigation:approval-centre","Navigation function","Approval Centre","True","STATIC_ONLY","REGISTRY_OR_ROUTING_INSPECTED","NOT_VERIFIED_PER_FUNCTION","NOT_RUN_CURRENT_SOURCE","NOT_RUN","src/Etp.Reporting.Desktop/UiNavigation.cs","Compiled inventory: verification/review-2026-09-11/verified/function-coverage.json; integrated audit 2026-09-11T13:57:45Z to 13:58:55Z PASS; aggregate suite is not per-function verification","ui-all-workspaces; live-sql-operations; dotnet-tests","Function-specific assertions; complete workflow interactions; applicable normal/empty/invalid/loading/failed/restricted/locked states; store/date switch; repeated action; cancellation; navigation",""
"navigation:settings","Navigation function","General","True","STATIC_ONLY","REGISTRY_OR_ROUTING_INSPECTED","NOT_VERIFIED_PER_FUNCTION","NOT_RUN_CURRENT_SOURCE","NOT_RUN","src/Etp.Reporting.Desktop/UiNavigation.cs","Compiled inventory: verification/review-2026-09-11/verified/function-coverage.json; integrated audit 2026-09-11T13:57:45Z to 13:58:55Z PASS; aggregate suite is not per-function verification","ui-all-workspaces; live-sql-administration; dotnet-tests","Function-specific assertions; complete workflow interactions; applicable normal/empty/invalid/loading/failed/restricted/locked states; store/date switch; repeated action; cancellation; navigation",""
"navigation:users","Navigation function","Users & Roles","True","STATIC_ONLY","REGISTRY_OR_ROUTING_INSPECTED","NOT_VERIFIED_PER_FUNCTION","NOT_RUN_CURRENT_SOURCE","NOT_RUN","src/Etp.Reporting.Desktop/UiNavigation.cs","Compiled inventory: verification/review-2026-09-11/verified/function-coverage.json; integrated audit 2026-09-11T13:57:45Z to 13:58:55Z PASS; aggregate suite is not per-function verification","ui-all-workspaces; live-sql-administration; dotnet-tests","Function-specific assertions; complete workflow interactions; applicable normal/empty/invalid/loading/failed/restricted/locked states; store/date switch; repeated action; cancellation; navigation",""
"navigation:stores","Navigation function","Stores","True","STATIC_ONLY","REGISTRY_OR_ROUTING_INSPECTED","NOT_VERIFIED_PER_FUNCTION","NOT_RUN_CURRENT_SOURCE","NOT_RUN","src/Etp.Reporting.Desktop/UiNavigation.cs","Compiled inventory: verification/review-2026-09-11/verified/function-coverage.json; integrated audit 2026-09-11T13:57:45Z to 13:58:55Z PASS; aggregate suite is not per-function verification","ui-all-workspaces; live-sql-administration; dotnet-tests","Function-specific assertions; complete workflow interactions; applicable normal/empty/invalid/loading/failed/restricted/locked states; store/date switch; repeated action; cancellation; navigation",""
"navigation:masters","Navigation function","Master Data","True","STATIC_ONLY","REGISTRY_OR_ROUTING_INSPECTED","NOT_VERIFIED_PER_FUNCTION","NOT_RUN_CURRENT_SOURCE","NOT_RUN","src/Etp.Reporting.Desktop/UiNavigation.cs","Compiled inventory: verification/review-2026-09-11/verified/function-coverage.json; integrated audit 2026-09-11T13:57:45Z to 13:58:55Z PASS; aggregate suite is not per-function verification","ui-all-workspaces; live-sql-administration; dotnet-tests","Function-specific assertions; complete workflow interactions; applicable normal/empty/invalid/loading/failed/restricted/locked states; store/date switch; repeated action; cancellation; navigation",""
"navigation:profiles","Navigation function","Import Profiles","True","STATIC_ONLY","REGISTRY_OR_ROUTING_INSPECTED","NOT_VERIFIED_PER_FUNCTION","NOT_RUN_CURRENT_SOURCE","NOT_RUN","src/Etp.Reporting.Desktop/UiNavigation.cs","Compiled inventory: verification/review-2026-09-11/verified/function-coverage.json; integrated audit 2026-09-11T13:57:45Z to 13:58:55Z PASS; aggregate suite is not per-function verification","ui-all-workspaces; live-sql-administration; dotnet-tests","Function-specific assertions; complete workflow interactions; applicable normal/empty/invalid/loading/failed/restricted/locked states; store/date switch; repeated action; cancellation; navigation",""
"navigation:kpi","Navigation function","KPI Catalogue","True","STATIC_ONLY","REGISTRY_OR_ROUTING_INSPECTED","NOT_VERIFIED_PER_FUNCTION","NOT_RUN_CURRENT_SOURCE","NOT_RUN","src/Etp.Reporting.Desktop/UiNavigation.cs","Compiled inventory: verification/review-2026-09-11/verified/function-coverage.json; integrated audit 2026-09-11T13:57:45Z to 13:58:55Z PASS; aggregate suite is not per-function verification","ui-all-workspaces; live-sql-administration; dotnet-tests","Function-specific assertions; complete workflow interactions; applicable normal/empty/invalid/loading/failed/restricted/locked states; store/date switch; repeated action; cancellation; navigation",""
"navigation:tender-rules","Navigation function","Tender Rules","True","STATIC_ONLY","REGISTRY_OR_ROUTING_INSPECTED","NOT_VERIFIED_PER_FUNCTION","NOT_RUN_CURRENT_SOURCE","NOT_RUN","src/Etp.Reporting.Desktop/UiNavigation.cs","Compiled inventory: verification/review-2026-09-11/verified/function-coverage.json; integrated audit 2026-09-11T13:57:45Z to 13:58:55Z PASS; aggregate suite is not per-function verification","ui-all-workspaces; live-sql-administration; dotnet-tests","Function-specific assertions; complete workflow interactions; applicable normal/empty/invalid/loading/failed/restricted/locked states; store/date switch; repeated action; cancellation; navigation",""
"navigation:accounting-map","Navigation function","Accounting Mapping","True","STATIC_ONLY","REGISTRY_OR_ROUTING_INSPECTED","NOT_VERIFIED_PER_FUNCTION","NOT_RUN_CURRENT_SOURCE","NOT_RUN","src/Etp.Reporting.Desktop/UiNavigation.cs","Compiled inventory: verification/review-2026-09-11/verified/function-coverage.json; integrated audit 2026-09-11T13:57:45Z to 13:58:55Z PASS; aggregate suite is not per-function verification","ui-all-workspaces; dotnet-tests; external-user-acceptance","Function-specific assertions; complete workflow interactions; applicable normal/empty/invalid/loading/failed/restricted/locked states; store/date switch; repeated action; cancellation; navigation",""
"navigation:watch","Navigation function","Watch Folders","True","STATIC_ONLY","REGISTRY_OR_ROUTING_INSPECTED","NOT_VERIFIED_PER_FUNCTION","NOT_RUN_CURRENT_SOURCE","NOT_RUN","src/Etp.Reporting.Desktop/UiNavigation.cs","Compiled inventory: verification/review-2026-09-11/verified/function-coverage.json; integrated audit 2026-09-11T13:57:45Z to 13:58:55Z PASS; aggregate suite is not per-function verification","ui-all-workspaces; live-sql-operations; dotnet-tests","Function-specific assertions; complete workflow interactions; applicable normal/empty/invalid/loading/failed/restricted/locked states; store/date switch; repeated action; cancellation; navigation",""
"navigation:ocr","Navigation function","OCR","True","STATIC_ONLY","REGISTRY_OR_ROUTING_INSPECTED","NOT_VERIFIED_PER_FUNCTION","NOT_RUN_CURRENT_SOURCE","NOT_RUN","src/Etp.Reporting.Desktop/UiNavigation.cs","Compiled inventory: verification/review-2026-09-11/verified/function-coverage.json; integrated audit 2026-09-11T13:57:45Z to 13:58:55Z PASS; aggregate suite is not per-function verification","ui-all-workspaces; live-sql-administration; dotnet-tests","Function-specific assertions; complete workflow interactions; applicable normal/empty/invalid/loading/failed/restricted/locked states; store/date switch; repeated action; cancellation; navigation",""
"navigation:sharing","Navigation function","Email & Sharing","True","STATIC_ONLY","REGISTRY_OR_ROUTING_INSPECTED","NOT_VERIFIED_PER_FUNCTION","NOT_RUN_CURRENT_SOURCE","NOT_RUN","src/Etp.Reporting.Desktop/UiNavigation.cs","Compiled inventory: verification/review-2026-09-11/verified/function-coverage.json; integrated audit 2026-09-11T13:57:45Z to 13:58:55Z PASS; aggregate suite is not per-function verification","ui-all-workspaces; live-sql-administration; dotnet-tests","Function-specific assertions; complete workflow interactions; applicable normal/empty/invalid/loading/failed/restricted/locked states; store/date switch; repeated action; cancellation; navigation",""
"navigation:backup","Navigation function","Backup & Recovery","True","STATIC_ONLY","REGISTRY_OR_ROUTING_INSPECTED","NOT_VERIFIED_PER_FUNCTION","NOT_RUN_CURRENT_SOURCE","NOT_RUN","src/Etp.Reporting.Desktop/UiNavigation.cs","Compiled inventory: verification/review-2026-09-11/verified/function-coverage.json; integrated audit 2026-09-11T13:57:45Z to 13:58:55Z PASS; aggregate suite is not per-function verification","ui-all-workspaces; live-sql-operations; dotnet-tests","Function-specific assertions; complete workflow interactions; applicable normal/empty/invalid/loading/failed/restricted/locked states; store/date switch; repeated action; cancellation; navigation",""
"navigation:scheduler","Navigation function","Scheduler","True","STATIC_ONLY","REGISTRY_OR_ROUTING_INSPECTED","NOT_VERIFIED_PER_FUNCTION","NOT_RUN_CURRENT_SOURCE","NOT_RUN","src/Etp.Reporting.Desktop/UiNavigation.cs","Compiled inventory: verification/review-2026-09-11/verified/function-coverage.json; integrated audit 2026-09-11T13:57:45Z to 13:58:55Z PASS; aggregate suite is not per-function verification","ui-all-workspaces; live-sql-operations; dotnet-tests","Function-specific assertions; complete workflow interactions; applicable normal/empty/invalid/loading/failed/restricted/locked states; store/date switch; repeated action; cancellation; navigation",""
"navigation:health","Navigation function","System Health","True","STATIC_ONLY","REGISTRY_OR_ROUTING_INSPECTED","NOT_VERIFIED_PER_FUNCTION","NOT_RUN_CURRENT_SOURCE","NOT_RUN","src/Etp.Reporting.Desktop/UiNavigation.cs","Compiled inventory: verification/review-2026-09-11/verified/function-coverage.json; integrated audit 2026-09-11T13:57:45Z to 13:58:55Z PASS; aggregate suite is not per-function verification","ui-all-workspaces; live-sql-administration; dotnet-tests","Function-specific assertions; complete workflow interactions; applicable normal/empty/invalid/loading/failed/restricted/locked states; store/date switch; repeated action; cancellation; navigation",""
"navigation:audit","Navigation function","Audit Trail","True","STATIC_ONLY","REGISTRY_OR_ROUTING_INSPECTED","NOT_VERIFIED_PER_FUNCTION","NOT_RUN_CURRENT_SOURCE","NOT_RUN","src/Etp.Reporting.Desktop/UiNavigation.cs","Compiled inventory: verification/review-2026-09-11/verified/function-coverage.json; integrated audit 2026-09-11T13:57:45Z to 13:58:55Z PASS; aggregate suite is not per-function verification","ui-all-workspaces; dotnet-tests","Function-specific assertions; complete workflow interactions; applicable normal/empty/invalid/loading/failed/restricted/locked states; store/date switch; repeated action; cancellation; navigation",""
"report:dsr","Report","Daily Sales / DSR","True","RENDER_ONLY","REGISTRY_OR_ROUTING_INSPECTED","NOT_VERIFIED_PER_FUNCTION","RENDER_PASS; verification/review-2026-09-11/after-render.log; 960x600,1366x768,1920x1080; 96-DPI offscreen; no OS scaling or full interaction claim","NOT_RUN","src/Etp.Reporting.Reporting/ReportDefinition.cs; src/Etp.Reporting.Desktop/Shell/Navigation/WorkspaceModuleOwnershipRegistry.cs","Compiled inventory: verification/review-2026-09-11/verified/function-coverage.json; integrated audit 2026-09-11T13:57:45Z to 13:58:55Z PASS; aggregate suite is not per-function verification; after/140 renders refreshed after final date-width fix; release-build.log 615 PASS","live-sql-reporting; ui-all-report-routes; dotnet-tests","Function-specific assertions; complete workflow interactions; applicable normal/empty/invalid/loading/failed/restricted/locked states; store/date switch; repeated action; cancellation; navigation",""
"report:sales-titan","Report","Titan Sales Summary","True","RENDER_ONLY","REGISTRY_OR_ROUTING_INSPECTED","NOT_VERIFIED_PER_FUNCTION","RENDER_PASS; verification/review-2026-09-11/after-render.log; 960x600,1366x768,1920x1080; 96-DPI offscreen; no OS scaling or full interaction claim","NOT_RUN","src/Etp.Reporting.Reporting/ReportDefinition.cs; src/Etp.Reporting.Desktop/Shell/Navigation/WorkspaceModuleOwnershipRegistry.cs","Compiled inventory: verification/review-2026-09-11/verified/function-coverage.json; integrated audit 2026-09-11T13:57:45Z to 13:58:55Z PASS; aggregate suite is not per-function verification; after/140 renders refreshed after final date-width fix; release-build.log 615 PASS","live-sql-reporting; ui-all-report-routes; dotnet-tests","Function-specific assertions; complete workflow interactions; applicable normal/empty/invalid/loading/failed/restricted/locked states; store/date switch; repeated action; cancellation; navigation",""
"report:sales-helios","Report","Helios Sales Summary","True","RENDER_ONLY","REGISTRY_OR_ROUTING_INSPECTED","NOT_VERIFIED_PER_FUNCTION","RENDER_PASS; verification/review-2026-09-11/after-render.log; 960x600,1366x768,1920x1080; 96-DPI offscreen; no OS scaling or full interaction claim","NOT_RUN","src/Etp.Reporting.Reporting/ReportDefinition.cs; src/Etp.Reporting.Desktop/Shell/Navigation/WorkspaceModuleOwnershipRegistry.cs","Compiled inventory: verification/review-2026-09-11/verified/function-coverage.json; integrated audit 2026-09-11T13:57:45Z to 13:58:55Z PASS; aggregate suite is not per-function verification; after/140 renders refreshed after final date-width fix; release-build.log 615 PASS","live-sql-reporting; ui-all-report-routes; dotnet-tests","Function-specific assertions; complete workflow interactions; applicable normal/empty/invalid/loading/failed/restricted/locked states; store/date switch; repeated action; cancellation; navigation",""
"report:sales-combined","Report","Combined Sales Summary","True","RENDER_ONLY","REGISTRY_OR_ROUTING_INSPECTED","NOT_VERIFIED_PER_FUNCTION","RENDER_PASS; verification/review-2026-09-11/after-render.log; 960x600,1366x768,1920x1080; 96-DPI offscreen; no OS scaling or full interaction claim","NOT_RUN","src/Etp.Reporting.Reporting/ReportDefinition.cs; src/Etp.Reporting.Desktop/Shell/Navigation/WorkspaceModuleOwnershipRegistry.cs","Compiled inventory: verification/review-2026-09-11/verified/function-coverage.json; integrated audit 2026-09-11T13:57:45Z to 13:58:55Z PASS; aggregate suite is not per-function verification; after/140 renders refreshed after final date-width fix; release-build.log 615 PASS","live-sql-reporting; ui-all-report-routes; dotnet-tests","Function-specific assertions; complete workflow interactions; applicable normal/empty/invalid/loading/failed/restricted/locked states; store/date switch; repeated action; cancellation; navigation",""
"report:invoice","Report","Invoice Summary","True","RENDER_ONLY","REGISTRY_OR_ROUTING_INSPECTED","NOT_VERIFIED_PER_FUNCTION","RENDER_PASS; verification/review-2026-09-11/after-render.log; 960x600,1366x768,1920x1080; 96-DPI offscreen; no OS scaling or full interaction claim","NOT_RUN","src/Etp.Reporting.Reporting/ReportDefinition.cs; src/Etp.Reporting.Desktop/Shell/Navigation/WorkspaceModuleOwnershipRegistry.cs","Compiled inventory: verification/review-2026-09-11/verified/function-coverage.json; integrated audit 2026-09-11T13:57:45Z to 13:58:55Z PASS; aggregate suite is not per-function verification; after/140 renders refreshed after final date-width fix; release-build.log 615 PASS","live-sql-reporting; ui-all-report-routes; dotnet-tests","Function-specific assertions; complete workflow interactions; applicable normal/empty/invalid/loading/failed/restricted/locked states; store/date switch; repeated action; cancellation; navigation",""
"report:sales-returns","Report","Returns","True","RENDER_ONLY","REGISTRY_OR_ROUTING_INSPECTED","NOT_VERIFIED_PER_FUNCTION","RENDER_PASS; verification/review-2026-09-11/after-render.log; 960x600,1366x768,1920x1080; 96-DPI offscreen; no OS scaling or full interaction claim","NOT_RUN","src/Etp.Reporting.Reporting/ReportDefinition.cs; src/Etp.Reporting.Desktop/Shell/Navigation/WorkspaceModuleOwnershipRegistry.cs","Compiled inventory: verification/review-2026-09-11/verified/function-coverage.json; integrated audit 2026-09-11T13:57:45Z to 13:58:55Z PASS; aggregate suite is not per-function verification; after/140 renders refreshed after final date-width fix; release-build.log 615 PASS","live-sql-reporting; ui-all-report-routes; dotnet-tests","Function-specific assertions; complete workflow interactions; applicable normal/empty/invalid/loading/failed/restricted/locked states; store/date switch; repeated action; cancellation; navigation",""
"report:sales-brand","Report","Brand-wise Sales","True","RENDER_ONLY","REGISTRY_OR_ROUTING_INSPECTED","NOT_VERIFIED_PER_FUNCTION","RENDER_PASS; verification/review-2026-09-11/after-render.log; 960x600,1366x768,1920x1080; 96-DPI offscreen; no OS scaling or full interaction claim","NOT_RUN","src/Etp.Reporting.Reporting/ReportDefinition.cs; src/Etp.Reporting.Desktop/Shell/Navigation/WorkspaceModuleOwnershipRegistry.cs","Compiled inventory: verification/review-2026-09-11/verified/function-coverage.json; integrated audit 2026-09-11T13:57:45Z to 13:58:55Z PASS; aggregate suite is not per-function verification; after/140 renders refreshed after final date-width fix; release-build.log 615 PASS","live-sql-reporting; ui-all-report-routes; dotnet-tests","Function-specific assertions; complete workflow interactions; applicable normal/empty/invalid/loading/failed/restricted/locked states; store/date switch; repeated action; cancellation; navigation",""
"report:sales-segment","Report","Brand-Segment Sales","True","RENDER_ONLY","REGISTRY_OR_ROUTING_INSPECTED","NOT_VERIFIED_PER_FUNCTION","RENDER_PASS; verification/review-2026-09-11/after-render.log; 960x600,1366x768,1920x1080; 96-DPI offscreen; no OS scaling or full interaction claim","NOT_RUN","src/Etp.Reporting.Reporting/ReportDefinition.cs; src/Etp.Reporting.Desktop/Shell/Navigation/WorkspaceModuleOwnershipRegistry.cs","Compiled inventory: verification/review-2026-09-11/verified/function-coverage.json; integrated audit 2026-09-11T13:57:45Z to 13:58:55Z PASS; aggregate suite is not per-function verification; after/140 renders refreshed after final date-width fix; release-build.log 615 PASS","live-sql-reporting; ui-all-report-routes; dotnet-tests","Function-specific assertions; complete workflow interactions; applicable normal/empty/invalid/loading/failed/restricted/locked states; store/date switch; repeated action; cancellation; navigation",""
"report:sales-item","Report","Item-wise Sales","True","RENDER_ONLY","REGISTRY_OR_ROUTING_INSPECTED","NOT_VERIFIED_PER_FUNCTION","RENDER_PASS; verification/review-2026-09-11/after-render.log; 960x600,1366x768,1920x1080; 96-DPI offscreen; no OS scaling or full interaction claim","NOT_RUN","src/Etp.Reporting.Reporting/ReportDefinition.cs; src/Etp.Reporting.Desktop/Shell/Navigation/WorkspaceModuleOwnershipRegistry.cs","Compiled inventory: verification/review-2026-09-11/verified/function-coverage.json; integrated audit 2026-09-11T13:57:45Z to 13:58:55Z PASS; aggregate suite is not per-function verification; after/140 renders refreshed after final date-width fix; release-build.log 615 PASS","live-sql-reporting; ui-all-report-routes; dotnet-tests","Function-specific assertions; complete workflow interactions; applicable normal/empty/invalid/loading/failed/restricted/locked states; store/date switch; repeated action; cancellation; navigation",""
"report:stock-closing","Report","Closing Stock","True","RENDER_ONLY","REGISTRY_OR_ROUTING_INSPECTED","NOT_VERIFIED_PER_FUNCTION","RENDER_PASS; verification/review-2026-09-11/after-render.log; 960x600,1366x768,1920x1080; 96-DPI offscreen; no OS scaling or full interaction claim","NOT_RUN","src/Etp.Reporting.Reporting/ReportDefinition.cs; src/Etp.Reporting.Desktop/Shell/Navigation/WorkspaceModuleOwnershipRegistry.cs","Compiled inventory: verification/review-2026-09-11/verified/function-coverage.json; integrated audit 2026-09-11T13:57:45Z to 13:58:55Z PASS; aggregate suite is not per-function verification; after/140 renders refreshed after final date-width fix; release-build.log 615 PASS","live-sql-reporting; ui-all-report-routes; dotnet-tests","Function-specific assertions; complete workflow interactions; applicable normal/empty/invalid/loading/failed/restricted/locked states; store/date switch; repeated action; cancellation; navigation",""
"report:stock-physical","Report","Physical Stock","True","RENDER_ONLY","REGISTRY_OR_ROUTING_INSPECTED","NOT_VERIFIED_PER_FUNCTION","RENDER_PASS; verification/review-2026-09-11/after-render.log; 960x600,1366x768,1920x1080; 96-DPI offscreen; no OS scaling or full interaction claim","NOT_RUN","src/Etp.Reporting.Reporting/ReportDefinition.cs; src/Etp.Reporting.Desktop/Shell/Navigation/WorkspaceModuleOwnershipRegistry.cs","Compiled inventory: verification/review-2026-09-11/verified/function-coverage.json; integrated audit 2026-09-11T13:57:45Z to 13:58:55Z PASS; aggregate suite is not per-function verification; after/140 renders refreshed after final date-width fix; release-build.log 615 PASS","live-sql-reporting; ui-all-report-routes; dotnet-tests","Function-specific assertions; complete workflow interactions; applicable normal/empty/invalid/loading/failed/restricted/locked states; store/date switch; repeated action; cancellation; navigation",""
"report:stock-variance","Report","Stock Variance","True","RENDER_ONLY","REGISTRY_OR_ROUTING_INSPECTED","NOT_VERIFIED_PER_FUNCTION","RENDER_PASS; verification/review-2026-09-11/after-render.log; 960x600,1366x768,1920x1080; 96-DPI offscreen; no OS scaling or full interaction claim","NOT_RUN","src/Etp.Reporting.Reporting/ReportDefinition.cs; src/Etp.Reporting.Desktop/Shell/Navigation/WorkspaceModuleOwnershipRegistry.cs","Compiled inventory: verification/review-2026-09-11/verified/function-coverage.json; integrated audit 2026-09-11T13:57:45Z to 13:58:55Z PASS; aggregate suite is not per-function verification; after/140 renders refreshed after final date-width fix; release-build.log 615 PASS","live-sql-reporting; ui-all-report-routes; dotnet-tests","Function-specific assertions; complete workflow interactions; applicable normal/empty/invalid/loading/failed/restricted/locked states; store/date switch; repeated action; cancellation; navigation",""
"report:stock-movement","Report","Stock Movement","True","RENDER_ONLY","REGISTRY_OR_ROUTING_INSPECTED","NOT_VERIFIED_PER_FUNCTION","RENDER_PASS; verification/review-2026-09-11/after-render.log; 960x600,1366x768,1920x1080; 96-DPI offscreen; no OS scaling or full interaction claim","NOT_RUN","src/Etp.Reporting.Reporting/ReportDefinition.cs; src/Etp.Reporting.Desktop/Shell/Navigation/WorkspaceModuleOwnershipRegistry.cs","Compiled inventory: verification/review-2026-09-11/verified/function-coverage.json; integrated audit 2026-09-11T13:57:45Z to 13:58:55Z PASS; aggregate suite is not per-function verification; after/140 renders refreshed after final date-width fix; release-build.log 615 PASS","live-sql-reporting; ui-all-report-routes; dotnet-tests","Function-specific assertions; complete workflow interactions; applicable normal/empty/invalid/loading/failed/restricted/locked states; store/date switch; repeated action; cancellation; navigation",""
"report:stock-group","Report","Inventory-Group Report","True","RENDER_ONLY","REGISTRY_OR_ROUTING_INSPECTED","NOT_VERIFIED_PER_FUNCTION","RENDER_PASS; verification/review-2026-09-11/after-render.log; 960x600,1366x768,1920x1080; 96-DPI offscreen; no OS scaling or full interaction claim","NOT_RUN","src/Etp.Reporting.Reporting/ReportDefinition.cs; src/Etp.Reporting.Desktop/Shell/Navigation/WorkspaceModuleOwnershipRegistry.cs","Compiled inventory: verification/review-2026-09-11/verified/function-coverage.json; integrated audit 2026-09-11T13:57:45Z to 13:58:55Z PASS; aggregate suite is not per-function verification; after/140 renders refreshed after final date-width fix; release-build.log 615 PASS","live-sql-reporting; ui-all-report-routes; dotnet-tests","Function-specific assertions; complete workflow interactions; applicable normal/empty/invalid/loading/failed/restricted/locked states; store/date switch; repeated action; cancellation; navigation",""
"report:stock-brand","Report","Brand Stock","True","RENDER_ONLY","REGISTRY_OR_ROUTING_INSPECTED","NOT_VERIFIED_PER_FUNCTION","RENDER_PASS; verification/review-2026-09-11/after-render.log; 960x600,1366x768,1920x1080; 96-DPI offscreen; no OS scaling or full interaction claim","NOT_RUN","src/Etp.Reporting.Reporting/ReportDefinition.cs; src/Etp.Reporting.Desktop/Shell/Navigation/WorkspaceModuleOwnershipRegistry.cs","Compiled inventory: verification/review-2026-09-11/verified/function-coverage.json; integrated audit 2026-09-11T13:57:45Z to 13:58:55Z PASS; aggregate suite is not per-function verification; after/140 renders refreshed after final date-width fix; release-build.log 615 PASS","live-sql-reporting; ui-all-report-routes; dotnet-tests","Function-specific assertions; complete workflow interactions; applicable normal/empty/invalid/loading/failed/restricted/locked states; store/date switch; repeated action; cancellation; navigation",""
"report:stock-slow","Report","Slow / Exception Stock","True","RENDER_ONLY","REGISTRY_OR_ROUTING_INSPECTED","NOT_VERIFIED_PER_FUNCTION","RENDER_PASS; verification/review-2026-09-11/after-render.log; 960x600,1366x768,1920x1080; 96-DPI offscreen; no OS scaling or full interaction claim","NOT_RUN","src/Etp.Reporting.Reporting/ReportDefinition.cs; src/Etp.Reporting.Desktop/Shell/Navigation/WorkspaceModuleOwnershipRegistry.cs","Compiled inventory: verification/review-2026-09-11/verified/function-coverage.json; integrated audit 2026-09-11T13:57:45Z to 13:58:55Z PASS; aggregate suite is not per-function verification; after/140 renders refreshed after final date-width fix; release-build.log 615 PASS","live-sql-reporting; ui-all-report-routes; dotnet-tests","Function-specific assertions; complete workflow interactions; applicable normal/empty/invalid/loading/failed/restricted/locked states; store/date switch; repeated action; cancellation; navigation",""
"report:staff","Report","Staff/CRO Performance","True","RENDER_ONLY","REGISTRY_OR_ROUTING_INSPECTED","NOT_VERIFIED_PER_FUNCTION","RENDER_PASS; verification/review-2026-09-11/after-render.log; 960x600,1366x768,1920x1080; 96-DPI offscreen; no OS scaling or full interaction claim","NOT_RUN","src/Etp.Reporting.Reporting/ReportDefinition.cs; src/Etp.Reporting.Desktop/Shell/Navigation/WorkspaceModuleOwnershipRegistry.cs","Compiled inventory: verification/review-2026-09-11/verified/function-coverage.json; integrated audit 2026-09-11T13:57:45Z to 13:58:55Z PASS; aggregate suite is not per-function verification; after/140 renders refreshed after final date-width fix; release-build.log 615 PASS","live-sql-reporting; ui-all-report-routes; dotnet-tests","Function-specific assertions; complete workflow interactions; applicable normal/empty/invalid/loading/failed/restricted/locked states; store/date switch; repeated action; cancellation; navigation",""
"report:tender","Report","Tender Reconciliation","True","RENDER_ONLY","REGISTRY_OR_ROUTING_INSPECTED","NOT_VERIFIED_PER_FUNCTION","RENDER_PASS; verification/review-2026-09-11/after-render.log; 960x600,1366x768,1920x1080; 96-DPI offscreen; no OS scaling or full interaction claim","NOT_RUN","src/Etp.Reporting.Reporting/ReportDefinition.cs; src/Etp.Reporting.Desktop/Shell/Navigation/WorkspaceModuleOwnershipRegistry.cs","Compiled inventory: verification/review-2026-09-11/verified/function-coverage.json; integrated audit 2026-09-11T13:57:45Z to 13:58:55Z PASS; aggregate suite is not per-function verification; after/140 renders refreshed after final date-width fix; release-build.log 615 PASS","live-sql-reporting; ui-all-report-routes; dotnet-tests","Function-specific assertions; complete workflow interactions; applicable normal/empty/invalid/loading/failed/restricted/locked states; store/date switch; repeated action; cancellation; navigation",""
"report:cash","Report","Daily Cash Reconciliation","True","RENDER_ONLY","REGISTRY_OR_ROUTING_INSPECTED","NOT_VERIFIED_PER_FUNCTION","RENDER_PASS; verification/review-2026-09-11/after-render.log; 960x600,1366x768,1920x1080; 96-DPI offscreen; no OS scaling or full interaction claim","NOT_RUN","src/Etp.Reporting.Reporting/ReportDefinition.cs; src/Etp.Reporting.Desktop/Shell/Navigation/WorkspaceModuleOwnershipRegistry.cs","Compiled inventory: verification/review-2026-09-11/verified/function-coverage.json; integrated audit 2026-09-11T13:57:45Z to 13:58:55Z PASS; aggregate suite is not per-function verification; after/140 renders refreshed after final date-width fix; release-build.log 615 PASS","live-sql-reporting; ui-all-report-routes; dotnet-tests","Function-specific assertions; complete workflow interactions; applicable normal/empty/invalid/loading/failed/restricted/locked states; store/date switch; repeated action; cancellation; navigation",""
"report:tender-diagnostic","Report","Tender Diagnostics","True","RENDER_ONLY","REGISTRY_OR_ROUTING_INSPECTED","NOT_VERIFIED_PER_FUNCTION","RENDER_PASS; verification/review-2026-09-11/after-render.log; 960x600,1366x768,1920x1080; 96-DPI offscreen; no OS scaling or full interaction claim","NOT_RUN","src/Etp.Reporting.Reporting/ReportDefinition.cs; src/Etp.Reporting.Desktop/Shell/Navigation/WorkspaceModuleOwnershipRegistry.cs","Compiled inventory: verification/review-2026-09-11/verified/function-coverage.json; integrated audit 2026-09-11T13:57:45Z to 13:58:55Z PASS; aggregate suite is not per-function verification; after/140 renders refreshed after final date-width fix; release-build.log 615 PASS","live-sql-reporting; ui-all-report-routes; dotnet-tests","Function-specific assertions; complete workflow interactions; applicable normal/empty/invalid/loading/failed/restricted/locked states; store/date switch; repeated action; cancellation; navigation",""
"report:service","Report","Service Sales","True","RENDER_ONLY","REGISTRY_OR_ROUTING_INSPECTED","NOT_VERIFIED_PER_FUNCTION","RENDER_PASS; verification/review-2026-09-11/after-render.log; 960x600,1366x768,1920x1080; 96-DPI offscreen; no OS scaling or full interaction claim","NOT_RUN","src/Etp.Reporting.Reporting/ReportDefinition.cs; src/Etp.Reporting.Desktop/Shell/Navigation/WorkspaceModuleOwnershipRegistry.cs","Compiled inventory: verification/review-2026-09-11/verified/function-coverage.json; integrated audit 2026-09-11T13:57:45Z to 13:58:55Z PASS; aggregate suite is not per-function verification; after/140 renders refreshed after final date-width fix; release-build.log 615 PASS","live-sql-reporting; ui-all-report-routes; dotnet-tests","Function-specific assertions; complete workflow interactions; applicable normal/empty/invalid/loading/failed/restricted/locked states; store/date switch; repeated action; cancellation; navigation",""
"report:exceptions","Report","Daily Exception Report","True","RENDER_ONLY","REGISTRY_OR_ROUTING_INSPECTED","NOT_VERIFIED_PER_FUNCTION","RENDER_PASS; verification/review-2026-09-11/after-render.log; 960x600,1366x768,1920x1080; 96-DPI offscreen; no OS scaling or full interaction claim","NOT_RUN","src/Etp.Reporting.Reporting/ReportDefinition.cs; src/Etp.Reporting.Desktop/Shell/Navigation/WorkspaceModuleOwnershipRegistry.cs","Compiled inventory: verification/review-2026-09-11/verified/function-coverage.json; integrated audit 2026-09-11T13:57:45Z to 13:58:55Z PASS; aggregate suite is not per-function verification; after/140 renders refreshed after final date-width fix; release-build.log 615 PASS","live-sql-reporting; ui-all-report-routes; dotnet-tests","Function-specific assertions; complete workflow interactions; applicable normal/empty/invalid/loading/failed/restricted/locked states; store/date switch; repeated action; cancellation; navigation",""
"report:exception-source","Report","Missing Source Report","True","RENDER_ONLY","REGISTRY_OR_ROUTING_INSPECTED","NOT_VERIFIED_PER_FUNCTION","RENDER_PASS; verification/review-2026-09-11/after-render.log; 960x600,1366x768,1920x1080; 96-DPI offscreen; no OS scaling or full interaction claim","NOT_RUN","src/Etp.Reporting.Reporting/ReportDefinition.cs; src/Etp.Reporting.Desktop/Shell/Navigation/WorkspaceModuleOwnershipRegistry.cs","Compiled inventory: verification/review-2026-09-11/verified/function-coverage.json; integrated audit 2026-09-11T13:57:45Z to 13:58:55Z PASS; aggregate suite is not per-function verification; after/140 renders refreshed after final date-width fix; release-build.log 615 PASS","live-sql-reporting; ui-all-report-routes; dotnet-tests","Function-specific assertions; complete workflow interactions; applicable normal/empty/invalid/loading/failed/restricted/locked states; store/date switch; repeated action; cancellation; navigation",""
"report:exception-unmapped","Report","Unmapped Data","True","RENDER_ONLY","REGISTRY_OR_ROUTING_INSPECTED","NOT_VERIFIED_PER_FUNCTION","RENDER_PASS; verification/review-2026-09-11/after-render.log; 960x600,1366x768,1920x1080; 96-DPI offscreen; no OS scaling or full interaction claim","NOT_RUN","src/Etp.Reporting.Reporting/ReportDefinition.cs; src/Etp.Reporting.Desktop/Shell/Navigation/WorkspaceModuleOwnershipRegistry.cs","Compiled inventory: verification/review-2026-09-11/verified/function-coverage.json; integrated audit 2026-09-11T13:57:45Z to 13:58:55Z PASS; aggregate suite is not per-function verification; after/140 renders refreshed after final date-width fix; release-build.log 615 PASS","live-sql-reporting; ui-all-report-routes; dotnet-tests","Function-specific assertions; complete workflow interactions; applicable normal/empty/invalid/loading/failed/restricted/locked states; store/date switch; repeated action; cancellation; navigation",""
"report:exception-stock","Report","Stock Exceptions","True","RENDER_ONLY","REGISTRY_OR_ROUTING_INSPECTED","NOT_VERIFIED_PER_FUNCTION","RENDER_PASS; verification/review-2026-09-11/after-render.log; 960x600,1366x768,1920x1080; 96-DPI offscreen; no OS scaling or full interaction claim","NOT_RUN","src/Etp.Reporting.Reporting/ReportDefinition.cs; src/Etp.Reporting.Desktop/Shell/Navigation/WorkspaceModuleOwnershipRegistry.cs","Compiled inventory: verification/review-2026-09-11/verified/function-coverage.json; integrated audit 2026-09-11T13:57:45Z to 13:58:55Z PASS; aggregate suite is not per-function verification; after/140 renders refreshed after final date-width fix; release-build.log 615 PASS","live-sql-reporting; ui-all-report-routes; dotnet-tests","Function-specific assertions; complete workflow interactions; applicable normal/empty/invalid/loading/failed/restricted/locked states; store/date switch; repeated action; cancellation; navigation",""
"report:exception-staff","Report","Staff Exceptions","True","RENDER_ONLY","REGISTRY_OR_ROUTING_INSPECTED","NOT_VERIFIED_PER_FUNCTION","RENDER_PASS; verification/review-2026-09-11/after-render.log; 960x600,1366x768,1920x1080; 96-DPI offscreen; no OS scaling or full interaction claim","NOT_RUN","src/Etp.Reporting.Reporting/ReportDefinition.cs; src/Etp.Reporting.Desktop/Shell/Navigation/WorkspaceModuleOwnershipRegistry.cs","Compiled inventory: verification/review-2026-09-11/verified/function-coverage.json; integrated audit 2026-09-11T13:57:45Z to 13:58:55Z PASS; aggregate suite is not per-function verification; after/140 renders refreshed after final date-width fix; release-build.log 615 PASS","live-sql-reporting; ui-all-report-routes; dotnet-tests","Function-specific assertions; complete workflow interactions; applicable normal/empty/invalid/loading/failed/restricted/locked states; store/date switch; repeated action; cancellation; navigation",""
"report:exception-tender","Report","Tender Exceptions","True","RENDER_ONLY","REGISTRY_OR_ROUTING_INSPECTED","NOT_VERIFIED_PER_FUNCTION","RENDER_PASS; verification/review-2026-09-11/after-render.log; 960x600,1366x768,1920x1080; 96-DPI offscreen; no OS scaling or full interaction claim","NOT_RUN","src/Etp.Reporting.Reporting/ReportDefinition.cs; src/Etp.Reporting.Desktop/Shell/Navigation/WorkspaceModuleOwnershipRegistry.cs","Compiled inventory: verification/review-2026-09-11/verified/function-coverage.json; integrated audit 2026-09-11T13:57:45Z to 13:58:55Z PASS; aggregate suite is not per-function verification; after/140 renders refreshed after final date-width fix; release-build.log 615 PASS","live-sql-reporting; ui-all-report-routes; dotnet-tests","Function-specific assertions; complete workflow interactions; applicable normal/empty/invalid/loading/failed/restricted/locked states; store/date switch; repeated action; cancellation; navigation",""
"report:management-trend","Report","Management Trend","True","RENDER_ONLY","REGISTRY_OR_ROUTING_INSPECTED","NOT_VERIFIED_PER_FUNCTION","RENDER_PASS; verification/review-2026-09-11/after-render.log; 960x600,1366x768,1920x1080; 96-DPI offscreen; no OS scaling or full interaction claim","NOT_RUN","src/Etp.Reporting.Reporting/ReportDefinition.cs; src/Etp.Reporting.Desktop/Shell/Navigation/WorkspaceModuleOwnershipRegistry.cs","Compiled inventory: verification/review-2026-09-11/verified/function-coverage.json; integrated audit 2026-09-11T13:57:45Z to 13:58:55Z PASS; aggregate suite is not per-function verification; after/140 renders refreshed after final date-width fix; release-build.log 615 PASS","live-sql-reporting; ui-all-report-routes; dotnet-tests","Function-specific assertions; complete workflow interactions; applicable normal/empty/invalid/loading/failed/restricted/locked states; store/date switch; repeated action; cancellation; navigation",""
"report:invoice-lineage","Report","Invoice Source Drill-down","True","RENDER_ONLY","REGISTRY_OR_ROUTING_INSPECTED","NOT_VERIFIED_PER_FUNCTION","RENDER_PASS; verification/review-2026-09-11/after-render.log; 960x600,1366x768,1920x1080; 96-DPI offscreen; no OS scaling or full interaction claim","NOT_RUN","src/Etp.Reporting.Reporting/ReportDefinition.cs; src/Etp.Reporting.Desktop/Shell/Navigation/WorkspaceModuleOwnershipRegistry.cs","Compiled inventory: verification/review-2026-09-11/verified/function-coverage.json; integrated audit 2026-09-11T13:57:45Z to 13:58:55Z PASS; aggregate suite is not per-function verification; after/140 renders refreshed after final date-width fix; release-build.log 615 PASS","live-sql-reporting; ui-all-report-routes; dotnet-tests","Function-specific assertions; complete workflow interactions; applicable normal/empty/invalid/loading/failed/restricted/locked states; store/date switch; repeated action; cancellation; navigation",""
"route:home","Workspace route","Home","True","RENDER_ONLY","REGISTRY_OR_ROUTING_INSPECTED","NOT_VERIFIED_PER_FUNCTION","RENDER_PASS; verification/review-2026-09-11/after-render.log; 960x600,1366x768,1920x1080; 96-DPI offscreen; no OS scaling or full interaction claim","NOT_RUN","src/Etp.Reporting.Desktop/Shell/Navigation/WorkspaceModuleOwnershipRegistry.cs; src/Etp.Reporting.Desktop/Shell/Navigation/ShellNavigationService.cs","Compiled inventory: verification/review-2026-09-11/verified/function-coverage.json; integrated audit 2026-09-11T13:57:45Z to 13:58:55Z PASS; aggregate suite is not per-function verification; after/140 renders refreshed after final date-width fix; release-build.log 615 PASS","ui-all-workspaces; dotnet-tests","Function-specific assertions; complete workflow interactions; applicable normal/empty/invalid/loading/failed/restricted/locked states; store/date switch; repeated action; cancellation; navigation",""
"route:dashboard","Workspace route","Dashboard","True","RENDER_ONLY","REGISTRY_OR_ROUTING_INSPECTED","NOT_VERIFIED_PER_FUNCTION","RENDER_PASS; verification/review-2026-09-11/after-render.log; 960x600,1366x768,1920x1080; 96-DPI offscreen; no OS scaling or full interaction claim","LIMITED_PACKAGED_STARTUP_AND_DATA_OBSERVED","src/Etp.Reporting.Desktop/Shell/Navigation/WorkspaceModuleOwnershipRegistry.cs; src/Etp.Reporting.Desktop/Shell/Navigation/ShellNavigationService.cs","Compiled inventory: verification/review-2026-09-11/verified/function-coverage.json; integrated audit 2026-09-11T13:57:45Z to 13:58:55Z PASS; aggregate suite is not per-function verification; after/140 renders refreshed after final date-width fix; release-build.log 615 PASS; packaged-ui.txt: synthetic dashboard 12 files/42 rows and healthy SQL; F1 Help and Alt+Left verified","ui-all-workspaces; dotnet-tests","Function-specific assertions; complete workflow interactions; applicable normal/empty/invalid/loading/failed/restricted/locked states; store/date switch; repeated action; cancellation; navigation",""
"route:daily-workflow","Workspace route","Daily Workflow","True","RENDER_ONLY_FIX_RETEST_PENDING","REGISTRY_OR_ROUTING_INSPECTED","NOT_VERIFIED_PER_FUNCTION","RENDER_PASS; verification/review-2026-09-11/after-render.log; 960x600,1366x768,1920x1080; 96-DPI offscreen; no OS scaling or full interaction claim; date control clipping found by visual review; XAML fix and affected render retest pending","NOT_RUN","src/Etp.Reporting.Desktop/Shell/Navigation/WorkspaceModuleOwnershipRegistry.cs; src/Etp.Reporting.Desktop/Shell/Navigation/ShellNavigationService.cs","Compiled inventory: verification/review-2026-09-11/verified/function-coverage.json; integrated audit 2026-09-11T13:57:45Z to 13:58:55Z PASS; aggregate suite is not per-function verification; after/140 renders refreshed after final date-width fix; release-build.log 615 PASS","ui-all-workspaces; dotnet-tests","Function-specific assertions; complete workflow interactions; applicable normal/empty/invalid/loading/failed/restricted/locked states; store/date switch; repeated action; cancellation; navigation",""
"route:manual-entry","Workspace route","Manual Entry","True","RENDER_ONLY","REGISTRY_OR_ROUTING_INSPECTED","NOT_VERIFIED_PER_FUNCTION","RENDER_PASS; verification/review-2026-09-11/after-render.log; 960x600,1366x768,1920x1080; 96-DPI offscreen; no OS scaling or full interaction claim","NOT_RUN","src/Etp.Reporting.Desktop/Shell/Navigation/WorkspaceModuleOwnershipRegistry.cs; src/Etp.Reporting.Desktop/Shell/Navigation/ShellNavigationService.cs","Compiled inventory: verification/review-2026-09-11/verified/function-coverage.json; integrated audit 2026-09-11T13:57:45Z to 13:58:55Z PASS; aggregate suite is not per-function verification; after/140 renders refreshed after final date-width fix; release-build.log 615 PASS","ui-all-workspaces; dotnet-tests","Function-specific assertions; complete workflow interactions; applicable normal/empty/invalid/loading/failed/restricted/locked states; store/date switch; repeated action; cancellation; navigation",""
"route:import-etp","Workspace route","Import ETP","True","RENDER_ONLY","REGISTRY_OR_ROUTING_INSPECTED","NOT_VERIFIED_PER_FUNCTION","RENDER_PASS; verification/review-2026-09-11/after-render.log; 960x600,1366x768,1920x1080; 96-DPI offscreen; no OS scaling or full interaction claim","NOT_RUN","src/Etp.Reporting.Desktop/Shell/Navigation/WorkspaceModuleOwnershipRegistry.cs; src/Etp.Reporting.Desktop/Shell/Navigation/ShellNavigationService.cs","Compiled inventory: verification/review-2026-09-11/verified/function-coverage.json; integrated audit 2026-09-11T13:57:45Z to 13:58:55Z PASS; aggregate suite is not per-function verification; after/140 renders refreshed after final date-width fix; release-build.log 615 PASS","ui-all-workspaces; dotnet-tests","Function-specific assertions; complete workflow interactions; applicable normal/empty/invalid/loading/failed/restricted/locked states; store/date switch; repeated action; cancellation; navigation",""
"route:sales-reports","Workspace route","Sales Reports","True","RENDER_ONLY","REGISTRY_OR_ROUTING_INSPECTED","NOT_VERIFIED_PER_FUNCTION","RENDER_PASS; verification/review-2026-09-11/after-render.log; 960x600,1366x768,1920x1080; 96-DPI offscreen; no OS scaling or full interaction claim","NOT_RUN","src/Etp.Reporting.Desktop/Shell/Navigation/WorkspaceModuleOwnershipRegistry.cs; src/Etp.Reporting.Desktop/Shell/Navigation/ShellNavigationService.cs","Compiled inventory: verification/review-2026-09-11/verified/function-coverage.json; integrated audit 2026-09-11T13:57:45Z to 13:58:55Z PASS; aggregate suite is not per-function verification; after/140 renders refreshed after final date-width fix; release-build.log 615 PASS","ui-all-workspaces; dotnet-tests","Function-specific assertions; complete workflow interactions; applicable normal/empty/invalid/loading/failed/restricted/locked states; store/date switch; repeated action; cancellation; navigation",""
"route:stock-reports","Workspace route","Stock Reports","True","RENDER_ONLY","REGISTRY_OR_ROUTING_INSPECTED","NOT_VERIFIED_PER_FUNCTION","RENDER_PASS; verification/review-2026-09-11/after-render.log; 960x600,1366x768,1920x1080; 96-DPI offscreen; no OS scaling or full interaction claim","NOT_RUN","src/Etp.Reporting.Desktop/Shell/Navigation/WorkspaceModuleOwnershipRegistry.cs; src/Etp.Reporting.Desktop/Shell/Navigation/ShellNavigationService.cs","Compiled inventory: verification/review-2026-09-11/verified/function-coverage.json; integrated audit 2026-09-11T13:57:45Z to 13:58:55Z PASS; aggregate suite is not per-function verification; after/140 renders refreshed after final date-width fix; release-build.log 615 PASS","ui-all-workspaces; dotnet-tests","Function-specific assertions; complete workflow interactions; applicable normal/empty/invalid/loading/failed/restricted/locked states; store/date switch; repeated action; cancellation; navigation",""
"route:registers","Workspace route","Registers","True","RENDER_ONLY","REGISTRY_OR_ROUTING_INSPECTED","NOT_VERIFIED_PER_FUNCTION","RENDER_PASS; verification/review-2026-09-11/after-render.log; 960x600,1366x768,1920x1080; 96-DPI offscreen; no OS scaling or full interaction claim","NOT_RUN","src/Etp.Reporting.Desktop/Shell/Navigation/WorkspaceModuleOwnershipRegistry.cs; src/Etp.Reporting.Desktop/Shell/Navigation/ShellNavigationService.cs","Compiled inventory: verification/review-2026-09-11/verified/function-coverage.json; integrated audit 2026-09-11T13:57:45Z to 13:58:55Z PASS; aggregate suite is not per-function verification; after/140 renders refreshed after final date-width fix; release-build.log 615 PASS","ui-all-workspaces; dotnet-tests","Function-specific assertions; complete workflow interactions; applicable normal/empty/invalid/loading/failed/restricted/locked states; store/date switch; repeated action; cancellation; navigation",""
"route:accounting","Workspace route","Accounting","True","RENDER_ONLY","REGISTRY_OR_ROUTING_INSPECTED","NOT_VERIFIED_PER_FUNCTION","RENDER_PASS; verification/review-2026-09-11/after-render.log; 960x600,1366x768,1920x1080; 96-DPI offscreen; no OS scaling or full interaction claim","NOT_RUN","src/Etp.Reporting.Desktop/Shell/Navigation/WorkspaceModuleOwnershipRegistry.cs; src/Etp.Reporting.Desktop/Shell/Navigation/ShellNavigationService.cs","Compiled inventory: verification/review-2026-09-11/verified/function-coverage.json; integrated audit 2026-09-11T13:57:45Z to 13:58:55Z PASS; aggregate suite is not per-function verification; after/140 renders refreshed after final date-width fix; release-build.log 615 PASS","ui-all-workspaces; dotnet-tests","Function-specific assertions; complete workflow interactions; applicable normal/empty/invalid/loading/failed/restricted/locked states; store/date switch; repeated action; cancellation; navigation",""
"route:operations-center","Workspace route","Operations Center","True","RENDER_ONLY","REGISTRY_OR_ROUTING_INSPECTED","NOT_VERIFIED_PER_FUNCTION","RENDER_PASS; verification/review-2026-09-11/after-render.log; 960x600,1366x768,1920x1080; 96-DPI offscreen; no OS scaling or full interaction claim","NOT_RUN","src/Etp.Reporting.Desktop/Shell/Navigation/WorkspaceModuleOwnershipRegistry.cs; src/Etp.Reporting.Desktop/Shell/Navigation/ShellNavigationService.cs","Compiled inventory: verification/review-2026-09-11/verified/function-coverage.json; integrated audit 2026-09-11T13:57:45Z to 13:58:55Z PASS; aggregate suite is not per-function verification; after/140 renders refreshed after final date-width fix; release-build.log 615 PASS","ui-all-workspaces; dotnet-tests","Function-specific assertions; complete workflow interactions; applicable normal/empty/invalid/loading/failed/restricted/locked states; store/date switch; repeated action; cancellation; navigation",""
"route:report-archive","Workspace route","Report Archive","True","RENDER_ONLY","REGISTRY_OR_ROUTING_INSPECTED","NOT_VERIFIED_PER_FUNCTION","RENDER_PASS; verification/review-2026-09-11/after-render.log; 960x600,1366x768,1920x1080; 96-DPI offscreen; no OS scaling or full interaction claim","NOT_RUN","src/Etp.Reporting.Desktop/Shell/Navigation/WorkspaceModuleOwnershipRegistry.cs; src/Etp.Reporting.Desktop/Shell/Navigation/ShellNavigationService.cs","Compiled inventory: verification/review-2026-09-11/verified/function-coverage.json; integrated audit 2026-09-11T13:57:45Z to 13:58:55Z PASS; aggregate suite is not per-function verification; after/140 renders refreshed after final date-width fix; release-build.log 615 PASS","ui-all-workspaces; dotnet-tests","Function-specific assertions; complete workflow interactions; applicable normal/empty/invalid/loading/failed/restricted/locked states; store/date switch; repeated action; cancellation; navigation",""
"route:masters","Workspace route","Masters","True","RENDER_ONLY","REGISTRY_OR_ROUTING_INSPECTED","NOT_VERIFIED_PER_FUNCTION","RENDER_PASS; verification/review-2026-09-11/after-render.log; 960x600,1366x768,1920x1080; 96-DPI offscreen; no OS scaling or full interaction claim","NOT_RUN","src/Etp.Reporting.Desktop/Shell/Navigation/WorkspaceModuleOwnershipRegistry.cs; src/Etp.Reporting.Desktop/Shell/Navigation/ShellNavigationService.cs","Compiled inventory: verification/review-2026-09-11/verified/function-coverage.json; integrated audit 2026-09-11T13:57:45Z to 13:58:55Z PASS; aggregate suite is not per-function verification; after/140 renders refreshed after final date-width fix; release-build.log 615 PASS","ui-all-workspaces; dotnet-tests","Function-specific assertions; complete workflow interactions; applicable normal/empty/invalid/loading/failed/restricted/locked states; store/date switch; repeated action; cancellation; navigation",""
"route:settings","Workspace route","Settings","True","RENDER_ONLY","REGISTRY_OR_ROUTING_INSPECTED","NOT_VERIFIED_PER_FUNCTION","RENDER_PASS; verification/review-2026-09-11/after-render.log; 960x600,1366x768,1920x1080; 96-DPI offscreen; no OS scaling or full interaction claim","NOT_RUN","src/Etp.Reporting.Desktop/Shell/Navigation/WorkspaceModuleOwnershipRegistry.cs; src/Etp.Reporting.Desktop/Shell/Navigation/ShellNavigationService.cs","Compiled inventory: verification/review-2026-09-11/verified/function-coverage.json; integrated audit 2026-09-11T13:57:45Z to 13:58:55Z PASS; aggregate suite is not per-function verification; after/140 renders refreshed after final date-width fix; release-build.log 615 PASS","ui-all-workspaces; dotnet-tests","Function-specific assertions; complete workflow interactions; applicable normal/empty/invalid/loading/failed/restricted/locked states; store/date switch; repeated action; cancellation; navigation",""
"route:admin---settings","Workspace route","Admin / Settings","True","RENDER_ONLY","REGISTRY_OR_ROUTING_INSPECTED","NOT_VERIFIED_PER_FUNCTION","RENDER_PASS; verification/review-2026-09-11/after-render.log; 960x600,1366x768,1920x1080; 96-DPI offscreen; no OS scaling or full interaction claim","NOT_RUN","src/Etp.Reporting.Desktop/Shell/Navigation/WorkspaceModuleOwnershipRegistry.cs; src/Etp.Reporting.Desktop/Shell/Navigation/ShellNavigationService.cs","Compiled inventory: verification/review-2026-09-11/verified/function-coverage.json; integrated audit 2026-09-11T13:57:45Z to 13:58:55Z PASS; aggregate suite is not per-function verification; after/140 renders refreshed after final date-width fix; release-build.log 615 PASS","ui-all-workspaces; dotnet-tests","Function-specific assertions; complete workflow interactions; applicable normal/empty/invalid/loading/failed/restricted/locked states; store/date switch; repeated action; cancellation; navigation",""
"import:R025","Import profile","R025","True","AUTOMATED_BEHAVIOR_LIMITED","INVENTORY_ONLY","SYNTHETIC_PREFLIGHT_AND_LIVE_IMPORT_PASS; verification/review-2026-09-11/verified/fixture-evidence.json; verified/logs/03-offline-import.log; verified/logs/10-live-sql.log","NOT_RUN_CURRENT_SOURCE","NOT_RUN","tools/Etp.Reporting.FunctionAudit/Program.cs","Compiled inventory: verification/review-2026-09-11/verified/function-coverage.json; integrated audit 2026-09-11T13:57:45Z to 13:58:55Z PASS; aggregate suite is not per-function verification","synthetic-fixture-preflight; offline-import-smoke; live-sql-import","Function-specific assertions; complete workflow interactions; applicable normal/empty/invalid/loading/failed/restricted/locked states; store/date switch; repeated action; cancellation; navigation",""
"import:R022","Import profile","R022","True","AUTOMATED_BEHAVIOR_LIMITED","INVENTORY_ONLY","SYNTHETIC_PREFLIGHT_AND_LIVE_IMPORT_PASS; verification/review-2026-09-11/verified/fixture-evidence.json; verified/logs/03-offline-import.log; verified/logs/10-live-sql.log","NOT_RUN_CURRENT_SOURCE","NOT_RUN","tools/Etp.Reporting.FunctionAudit/Program.cs","Compiled inventory: verification/review-2026-09-11/verified/function-coverage.json; integrated audit 2026-09-11T13:57:45Z to 13:58:55Z PASS; aggregate suite is not per-function verification","synthetic-fixture-preflight; offline-import-smoke; live-sql-import","Function-specific assertions; complete workflow interactions; applicable normal/empty/invalid/loading/failed/restricted/locked states; store/date switch; repeated action; cancellation; navigation",""
"import:R013","Import profile","R013","True","AUTOMATED_BEHAVIOR_LIMITED","INVENTORY_ONLY","SYNTHETIC_PREFLIGHT_AND_LIVE_IMPORT_PASS; verification/review-2026-09-11/verified/fixture-evidence.json; verified/logs/03-offline-import.log; verified/logs/10-live-sql.log","NOT_RUN_CURRENT_SOURCE","NOT_RUN","tools/Etp.Reporting.FunctionAudit/Program.cs","Compiled inventory: verification/review-2026-09-11/verified/function-coverage.json; integrated audit 2026-09-11T13:57:45Z to 13:58:55Z PASS; aggregate suite is not per-function verification","synthetic-fixture-preflight; offline-import-smoke; live-sql-import","Function-specific assertions; complete workflow interactions; applicable normal/empty/invalid/loading/failed/restricted/locked states; store/date switch; repeated action; cancellation; navigation",""
"import:R003","Import profile","R003","True","AUTOMATED_BEHAVIOR_LIMITED","INVENTORY_ONLY","SYNTHETIC_PREFLIGHT_AND_LIVE_IMPORT_PASS; verification/review-2026-09-11/verified/fixture-evidence.json; verified/logs/03-offline-import.log; verified/logs/10-live-sql.log","NOT_RUN_CURRENT_SOURCE","NOT_RUN","tools/Etp.Reporting.FunctionAudit/Program.cs","Compiled inventory: verification/review-2026-09-11/verified/function-coverage.json; integrated audit 2026-09-11T13:57:45Z to 13:58:55Z PASS; aggregate suite is not per-function verification","synthetic-fixture-preflight; offline-import-smoke; live-sql-import","Function-specific assertions; complete workflow interactions; applicable normal/empty/invalid/loading/failed/restricted/locked states; store/date switch; repeated action; cancellation; navigation",""
"import:STOCK_LEDGER","Import profile","STOCK_LEDGER","True","AUTOMATED_BEHAVIOR_LIMITED","INVENTORY_ONLY","SYNTHETIC_PREFLIGHT_AND_LIVE_IMPORT_PASS; verification/review-2026-09-11/verified/fixture-evidence.json; verified/logs/03-offline-import.log; verified/logs/10-live-sql.log","NOT_RUN_CURRENT_SOURCE","NOT_RUN","tools/Etp.Reporting.FunctionAudit/Program.cs","Compiled inventory: verification/review-2026-09-11/verified/function-coverage.json; integrated audit 2026-09-11T13:57:45Z to 13:58:55Z PASS; aggregate suite is not per-function verification","synthetic-fixture-preflight; offline-import-smoke; live-sql-import","Function-specific assertions; complete workflow interactions; applicable normal/empty/invalid/loading/failed/restricted/locked states; store/date switch; repeated action; cancellation; navigation",""
"import:CLOSING_STOCK","Import profile","CLOSING_STOCK","True","AUTOMATED_BEHAVIOR_LIMITED","INVENTORY_ONLY","SYNTHETIC_PREFLIGHT_AND_LIVE_IMPORT_PASS; verification/review-2026-09-11/verified/fixture-evidence.json; verified/logs/03-offline-import.log; verified/logs/10-live-sql.log","NOT_RUN_CURRENT_SOURCE","NOT_RUN","tools/Etp.Reporting.FunctionAudit/Program.cs","Compiled inventory: verification/review-2026-09-11/verified/function-coverage.json; integrated audit 2026-09-11T13:57:45Z to 13:58:55Z PASS; aggregate suite is not per-function verification","synthetic-fixture-preflight; offline-import-smoke; live-sql-import","Function-specific assertions; complete workflow interactions; applicable normal/empty/invalid/loading/failed/restricted/locked states; store/date switch; repeated action; cancellation; navigation",""
"startup:interactive","Startup mode","Interactive","True","STATIC_ONLY","REGISTRY_OR_ROUTING_INSPECTED","NOT_VERIFIED_PER_FUNCTION","NOT_RUN_CURRENT_SOURCE","NOT_RUN","src/Etp.Reporting.Desktop/Composition/DesktopStartupCoordinator.cs","Compiled inventory: verification/review-2026-09-11/verified/function-coverage.json; integrated audit 2026-09-11T13:57:45Z to 13:58:55Z PASS; aggregate suite is not per-function verification","ui-all-workspaces; dotnet-tests","Function-specific assertions; complete workflow interactions; applicable normal/empty/invalid/loading/failed/restricted/locked states; store/date switch; repeated action; cancellation; navigation",""
"startup:initializedatabase","Startup mode","InitializeDatabase","True","STATIC_ONLY","REGISTRY_OR_ROUTING_INSPECTED","NOT_VERIFIED_PER_FUNCTION","NOT_RUN_CURRENT_SOURCE","NOT_RUN","src/Etp.Reporting.Desktop/Composition/DesktopStartupCoordinator.cs","Compiled inventory: verification/review-2026-09-11/verified/function-coverage.json; integrated audit 2026-09-11T13:57:45Z to 13:58:55Z PASS; aggregate suite is not per-function verification","live-sql-bootstrap; dotnet-tests","Function-specific assertions; complete workflow interactions; applicable normal/empty/invalid/loading/failed/restricted/locked states; store/date switch; repeated action; cancellation; navigation",""
"startup:automationonce","Startup mode","AutomationOnce","True","STATIC_ONLY","REGISTRY_OR_ROUTING_INSPECTED","NOT_VERIFIED_PER_FUNCTION","NOT_RUN_CURRENT_SOURCE","NOT_RUN","src/Etp.Reporting.Desktop/Composition/DesktopStartupCoordinator.cs","Compiled inventory: verification/review-2026-09-11/verified/function-coverage.json; integrated audit 2026-09-11T13:57:45Z to 13:58:55Z PASS; aggregate suite is not per-function verification","live-sql-automation; dotnet-tests","Function-specific assertions; complete workflow interactions; applicable normal/empty/invalid/loading/failed/restricted/locked states; store/date switch; repeated action; cancellation; navigation",""
"operation:iaccesssessionquery:loadcurrentasync","Application operation","IAccessSessionQuery.LoadCurrentAsync","True","INVENTORIED_UNVERIFIED","INVENTORY_ONLY","NOT_VERIFIED_PER_FUNCTION","NOT_RUN_CURRENT_SOURCE","NOT_RUN","src/Etp.Reporting.Application/Access/AccessSession.cs:24","Compiled inventory: verification/review-2026-09-11/verified/function-coverage.json; integrated audit 2026-09-11T13:57:45Z to 13:58:55Z PASS; aggregate suite is not per-function verification","live-sql-operations; dotnet-tests","Function-specific assertions; complete workflow interactions; applicable normal/empty/invalid/loading/failed/restricted/locked states; store/date switch; repeated action; cancellation; navigation",""
"operation:iaccountingservice:approveasync","Application operation","IAccountingService.ApproveAsync","True","INVENTORIED_UNVERIFIED","INVENTORY_ONLY","NOT_VERIFIED_PER_FUNCTION","NOT_RUN_CURRENT_SOURCE","NOT_RUN","src/Etp.Reporting.Application/Accounting/AccountingContracts.cs:102","Compiled inventory: verification/review-2026-09-11/verified/function-coverage.json; integrated audit 2026-09-11T13:57:45Z to 13:58:55Z PASS; aggregate suite is not per-function verification","ui-all-workspaces; dotnet-tests; external-user-acceptance","Function-specific assertions; complete workflow interactions; applicable normal/empty/invalid/loading/failed/restricted/locked states; store/date switch; repeated action; cancellation; navigation",""
"operation:iaccountingservice:approvemappingasync","Application operation","IAccountingService.ApproveMappingAsync","True","INVENTORIED_UNVERIFIED","INVENTORY_ONLY","NOT_VERIFIED_PER_FUNCTION","NOT_RUN_CURRENT_SOURCE","NOT_RUN","src/Etp.Reporting.Application/Accounting/AccountingContracts.cs:102","Compiled inventory: verification/review-2026-09-11/verified/function-coverage.json; integrated audit 2026-09-11T13:57:45Z to 13:58:55Z PASS; aggregate suite is not per-function verification","ui-all-workspaces; dotnet-tests; external-user-acceptance","Function-specific assertions; complete workflow interactions; applicable normal/empty/invalid/loading/failed/restricted/locked states; store/date switch; repeated action; cancellation; navigation",""
"operation:iaccountingservice:exportasync","Application operation","IAccountingService.ExportAsync","True","INVENTORIED_UNVERIFIED","INVENTORY_ONLY","NOT_VERIFIED_PER_FUNCTION","NOT_RUN_CURRENT_SOURCE","NOT_RUN","src/Etp.Reporting.Application/Accounting/AccountingContracts.cs:102","Compiled inventory: verification/review-2026-09-11/verified/function-coverage.json; integrated audit 2026-09-11T13:57:45Z to 13:58:55Z PASS; aggregate suite is not per-function verification","ui-all-workspaces; dotnet-tests; external-user-acceptance","Function-specific assertions; complete workflow interactions; applicable normal/empty/invalid/loading/failed/restricted/locked states; store/date switch; repeated action; cancellation; navigation",""
"operation:iaccountingservice:loadapprovedmappingsasync","Application operation","IAccountingService.LoadApprovedMappingsAsync","True","INVENTORIED_UNVERIFIED","INVENTORY_ONLY","NOT_VERIFIED_PER_FUNCTION","NOT_RUN_CURRENT_SOURCE","NOT_RUN","src/Etp.Reporting.Application/Accounting/AccountingContracts.cs:102","Compiled inventory: verification/review-2026-09-11/verified/function-coverage.json; integrated audit 2026-09-11T13:57:45Z to 13:58:55Z PASS; aggregate suite is not per-function verification","ui-all-workspaces; dotnet-tests; external-user-acceptance","Function-specific assertions; complete workflow interactions; applicable normal/empty/invalid/loading/failed/restricted/locked states; store/date switch; repeated action; cancellation; navigation",""
"operation:iaccountingservice:loadbatchesasync","Application operation","IAccountingService.LoadBatchesAsync","True","INVENTORIED_UNVERIFIED","INVENTORY_ONLY","NOT_VERIFIED_PER_FUNCTION","NOT_RUN_CURRENT_SOURCE","NOT_RUN","src/Etp.Reporting.Application/Accounting/AccountingContracts.cs:102","Compiled inventory: verification/review-2026-09-11/verified/function-coverage.json; integrated audit 2026-09-11T13:57:45Z to 13:58:55Z PASS; aggregate suite is not per-function verification","ui-all-workspaces; dotnet-tests; external-user-acceptance","Function-specific assertions; complete workflow interactions; applicable normal/empty/invalid/loading/failed/restricted/locked states; store/date switch; repeated action; cancellation; navigation",""
"operation:iaccountingservice:loadentriesasync","Application operation","IAccountingService.LoadEntriesAsync","True","INVENTORIED_UNVERIFIED","INVENTORY_ONLY","NOT_VERIFIED_PER_FUNCTION","NOT_RUN_CURRENT_SOURCE","NOT_RUN","src/Etp.Reporting.Application/Accounting/AccountingContracts.cs:102","Compiled inventory: verification/review-2026-09-11/verified/function-coverage.json; integrated audit 2026-09-11T13:57:45Z to 13:58:55Z PASS; aggregate suite is not per-function verification","ui-all-workspaces; dotnet-tests; external-user-acceptance","Function-specific assertions; complete workflow interactions; applicable normal/empty/invalid/loading/failed/restricted/locked states; store/date switch; repeated action; cancellation; navigation",""
"operation:iaccountingservice:loadsourceasync","Application operation","IAccountingService.LoadSourceAsync","True","INVENTORIED_UNVERIFIED","INVENTORY_ONLY","NOT_VERIFIED_PER_FUNCTION","NOT_RUN_CURRENT_SOURCE","NOT_RUN","src/Etp.Reporting.Application/Accounting/AccountingContracts.cs:102","Compiled inventory: verification/review-2026-09-11/verified/function-coverage.json; integrated audit 2026-09-11T13:57:45Z to 13:58:55Z PASS; aggregate suite is not per-function verification","ui-all-workspaces; dotnet-tests; external-user-acceptance","Function-specific assertions; complete workflow interactions; applicable normal/empty/invalid/loading/failed/restricted/locked states; store/date switch; repeated action; cancellation; navigation",""
"operation:iaccountingservice:previewasync","Application operation","IAccountingService.PreviewAsync","True","INVENTORIED_UNVERIFIED","INVENTORY_ONLY","NOT_VERIFIED_PER_FUNCTION","NOT_RUN_CURRENT_SOURCE","NOT_RUN","src/Etp.Reporting.Application/Accounting/AccountingContracts.cs:102","Compiled inventory: verification/review-2026-09-11/verified/function-coverage.json; integrated audit 2026-09-11T13:57:45Z to 13:58:55Z PASS; aggregate suite is not per-function verification","ui-all-workspaces; dotnet-tests; external-user-acceptance","Function-specific assertions; complete workflow interactions; applicable normal/empty/invalid/loading/failed/restricted/locked states; store/date switch; repeated action; cancellation; navigation",""
"operation:iaccountingservice:saveasync","Application operation","IAccountingService.SaveAsync","True","INVENTORIED_UNVERIFIED","INVENTORY_ONLY","NOT_VERIFIED_PER_FUNCTION","NOT_RUN_CURRENT_SOURCE","NOT_RUN","src/Etp.Reporting.Application/Accounting/AccountingContracts.cs:102","Compiled inventory: verification/review-2026-09-11/verified/function-coverage.json; integrated audit 2026-09-11T13:57:45Z to 13:58:55Z PASS; aggregate suite is not per-function verification","ui-all-workspaces; dotnet-tests; external-user-acceptance","Function-specific assertions; complete workflow interactions; applicable normal/empty/invalid/loading/failed/restricted/locked states; store/date switch; repeated action; cancellation; navigation",""
"operation:ireportarchivequery-1:compareasync","Application operation","IReportArchiveQuery`1.CompareAsync","True","INVENTORIED_UNVERIFIED","INVENTORY_ONLY","NOT_VERIFIED_PER_FUNCTION","NOT_RUN_CURRENT_SOURCE","NOT_RUN","src/Etp.Reporting.Application; tools/Etp.Reporting.FunctionAudit/Program.cs","Compiled inventory: verification/review-2026-09-11/verified/function-coverage.json; integrated audit 2026-09-11T13:57:45Z to 13:58:55Z PASS; aggregate suite is not per-function verification","live-sql-archive; dotnet-tests","Function-specific assertions; complete workflow interactions; applicable normal/empty/invalid/loading/failed/restricted/locked states; store/date switch; repeated action; cancellation; navigation",""
"operation:ireportarchivequery-1:openasync","Application operation","IReportArchiveQuery`1.OpenAsync","True","INVENTORIED_UNVERIFIED","INVENTORY_ONLY","NOT_VERIFIED_PER_FUNCTION","NOT_RUN_CURRENT_SOURCE","NOT_RUN","src/Etp.Reporting.Application; tools/Etp.Reporting.FunctionAudit/Program.cs","Compiled inventory: verification/review-2026-09-11/verified/function-coverage.json; integrated audit 2026-09-11T13:57:45Z to 13:58:55Z PASS; aggregate suite is not per-function verification","live-sql-archive; dotnet-tests","Function-specific assertions; complete workflow interactions; applicable normal/empty/invalid/loading/failed/restricted/locked states; store/date switch; repeated action; cancellation; navigation",""
"operation:ireportarchivequery-1:searchasync","Application operation","IReportArchiveQuery`1.SearchAsync","True","INVENTORIED_UNVERIFIED","INVENTORY_ONLY","NOT_VERIFIED_PER_FUNCTION","NOT_RUN_CURRENT_SOURCE","NOT_RUN","src/Etp.Reporting.Application; tools/Etp.Reporting.FunctionAudit/Program.cs","Compiled inventory: verification/review-2026-09-11/verified/function-coverage.json; integrated audit 2026-09-11T13:57:45Z to 13:58:55Z PASS; aggregate suite is not per-function verification","live-sql-archive; dotnet-tests","Function-specific assertions; complete workflow interactions; applicable normal/empty/invalid/loading/failed/restricted/locked states; store/date switch; repeated action; cancellation; navigation",""
"operation:idailyreportpackgenerator-1:generateasync","Application operation","IDailyReportPackGenerator`1.GenerateAsync","True","INVENTORIED_UNVERIFIED","INVENTORY_ONLY","NOT_VERIFIED_PER_FUNCTION","NOT_RUN_CURRENT_SOURCE","NOT_RUN","src/Etp.Reporting.Application; tools/Etp.Reporting.FunctionAudit/Program.cs","Compiled inventory: verification/review-2026-09-11/verified/function-coverage.json; integrated audit 2026-09-11T13:57:45Z to 13:58:55Z PASS; aggregate suite is not per-function verification","live-sql-daily-workflow; dotnet-tests","Function-specific assertions; complete workflow interactions; applicable normal/empty/invalid/loading/failed/restricted/locked states; store/date switch; repeated action; cancellation; navigation",""
"operation:idailyreportpackgenerator-1:generatecombinedasync","Application operation","IDailyReportPackGenerator`1.GenerateCombinedAsync","True","INVENTORIED_UNVERIFIED","INVENTORY_ONLY","NOT_VERIFIED_PER_FUNCTION","NOT_RUN_CURRENT_SOURCE","NOT_RUN","src/Etp.Reporting.Application; tools/Etp.Reporting.FunctionAudit/Program.cs","Compiled inventory: verification/review-2026-09-11/verified/function-coverage.json; integrated audit 2026-09-11T13:57:45Z to 13:58:55Z PASS; aggregate suite is not per-function verification","live-sql-daily-workflow; dotnet-tests","Function-specific assertions; complete workflow interactions; applicable normal/empty/invalid/loading/failed/restricted/locked states; store/date switch; repeated action; cancellation; navigation",""
"operation:idailyworkflowcommands:finaliseasync","Application operation","IDailyWorkflowCommands.FinaliseAsync","True","INVENTORIED_UNVERIFIED","INVENTORY_ONLY","NOT_VERIFIED_PER_FUNCTION","NOT_RUN_CURRENT_SOURCE","NOT_RUN","src/Etp.Reporting.Application/DailyWorkflow/DailyWorkflowContracts.cs:158","Compiled inventory: verification/review-2026-09-11/verified/function-coverage.json; integrated audit 2026-09-11T13:57:45Z to 13:58:55Z PASS; aggregate suite is not per-function verification","live-sql-daily-workflow; dotnet-tests","Function-specific assertions; complete workflow interactions; applicable normal/empty/invalid/loading/failed/restricted/locked states; store/date switch; repeated action; cancellation; navigation",""
"operation:idailyworkflowcommands:reopenasync","Application operation","IDailyWorkflowCommands.ReopenAsync","True","INVENTORIED_UNVERIFIED","INVENTORY_ONLY","NOT_VERIFIED_PER_FUNCTION","NOT_RUN_CURRENT_SOURCE","NOT_RUN","src/Etp.Reporting.Application/DailyWorkflow/DailyWorkflowContracts.cs:158","Compiled inventory: verification/review-2026-09-11/verified/function-coverage.json; integrated audit 2026-09-11T13:57:45Z to 13:58:55Z PASS; aggregate suite is not per-function verification","live-sql-daily-workflow; dotnet-tests","Function-specific assertions; complete workflow interactions; applicable normal/empty/invalid/loading/failed/restricted/locked states; store/date switch; repeated action; cancellation; navigation",""
"operation:idailyworkflowcommands:savemanualinputasync","Application operation","IDailyWorkflowCommands.SaveManualInputAsync","True","INVENTORIED_UNVERIFIED","INVENTORY_ONLY","NOT_VERIFIED_PER_FUNCTION","NOT_RUN_CURRENT_SOURCE","NOT_RUN","src/Etp.Reporting.Application/DailyWorkflow/DailyWorkflowContracts.cs:158","Compiled inventory: verification/review-2026-09-11/verified/function-coverage.json; integrated audit 2026-09-11T13:57:45Z to 13:58:55Z PASS; aggregate suite is not per-function verification","live-sql-daily-workflow; dotnet-tests","Function-specific assertions; complete workflow interactions; applicable normal/empty/invalid/loading/failed/restricted/locked states; store/date switch; repeated action; cancellation; navigation",""
"operation:idailyworkflowcommands:savestafftargetasync","Application operation","IDailyWorkflowCommands.SaveStaffTargetAsync","True","INVENTORIED_UNVERIFIED","INVENTORY_ONLY","NOT_VERIFIED_PER_FUNCTION","NOT_RUN_CURRENT_SOURCE","NOT_RUN","src/Etp.Reporting.Application/DailyWorkflow/DailyWorkflowContracts.cs:158","Compiled inventory: verification/review-2026-09-11/verified/function-coverage.json; integrated audit 2026-09-11T13:57:45Z to 13:58:55Z PASS; aggregate suite is not per-function verification","live-sql-daily-workflow; dotnet-tests","Function-specific assertions; complete workflow interactions; applicable normal/empty/invalid/loading/failed/restricted/locked states; store/date switch; repeated action; cancellation; navigation",""
"operation:idailyworkflowcommands:savestockcountasync","Application operation","IDailyWorkflowCommands.SaveStockCountAsync","True","INVENTORIED_UNVERIFIED","INVENTORY_ONLY","NOT_VERIFIED_PER_FUNCTION","NOT_RUN_CURRENT_SOURCE","NOT_RUN","src/Etp.Reporting.Application/DailyWorkflow/DailyWorkflowContracts.cs:158","Compiled inventory: verification/review-2026-09-11/verified/function-coverage.json; integrated audit 2026-09-11T13:57:45Z to 13:58:55Z PASS; aggregate suite is not per-function verification","live-sql-daily-workflow; dotnet-tests","Function-specific assertions; complete workflow interactions; applicable normal/empty/invalid/loading/failed/restricted/locked states; store/date switch; repeated action; cancellation; navigation",""
"operation:idailyworkflowquery:loadasync","Application operation","IDailyWorkflowQuery.LoadAsync","True","INVENTORIED_UNVERIFIED","INVENTORY_ONLY","NOT_VERIFIED_PER_FUNCTION","NOT_RUN_CURRENT_SOURCE","NOT_RUN","src/Etp.Reporting.Application/DailyWorkflow/DailyWorkflowContracts.cs:143","Compiled inventory: verification/review-2026-09-11/verified/function-coverage.json; integrated audit 2026-09-11T13:57:45Z to 13:58:55Z PASS; aggregate suite is not per-function verification","live-sql-daily-workflow; dotnet-tests","Function-specific assertions; complete workflow interactions; applicable normal/empty/invalid/loading/failed/restricted/locked states; store/date switch; repeated action; cancellation; navigation",""
"operation:idailyworkflowquery:loadstafftargetsasync","Application operation","IDailyWorkflowQuery.LoadStaffTargetsAsync","True","INVENTORIED_UNVERIFIED","INVENTORY_ONLY","NOT_VERIFIED_PER_FUNCTION","NOT_RUN_CURRENT_SOURCE","NOT_RUN","src/Etp.Reporting.Application/DailyWorkflow/DailyWorkflowContracts.cs:143","Compiled inventory: verification/review-2026-09-11/verified/function-coverage.json; integrated audit 2026-09-11T13:57:45Z to 13:58:55Z PASS; aggregate suite is not per-function verification","live-sql-daily-workflow; dotnet-tests","Function-specific assertions; complete workflow interactions; applicable normal/empty/invalid/loading/failed/restricted/locked states; store/date switch; repeated action; cancellation; navigation",""
"operation:idailyworkflowquery:loadstockcountsasync","Application operation","IDailyWorkflowQuery.LoadStockCountsAsync","True","INVENTORIED_UNVERIFIED","INVENTORY_ONLY","NOT_VERIFIED_PER_FUNCTION","NOT_RUN_CURRENT_SOURCE","NOT_RUN","src/Etp.Reporting.Application/DailyWorkflow/DailyWorkflowContracts.cs:143","Compiled inventory: verification/review-2026-09-11/verified/function-coverage.json; integrated audit 2026-09-11T13:57:45Z to 13:58:55Z PASS; aggregate suite is not per-function verification","live-sql-daily-workflow; dotnet-tests","Function-specific assertions; complete workflow interactions; applicable normal/empty/invalid/loading/failed/restricted/locked states; store/date switch; repeated action; cancellation; navigation",""
"operation:idashboardquery:loadasync","Application operation","IDashboardQuery.LoadAsync","True","INVENTORIED_UNVERIFIED","INVENTORY_ONLY","NOT_VERIFIED_PER_FUNCTION","NOT_RUN_CURRENT_SOURCE","NOT_RUN","src/Etp.Reporting.Application/Dashboard/DashboardQuery.cs:47","Compiled inventory: verification/review-2026-09-11/verified/function-coverage.json; integrated audit 2026-09-11T13:57:45Z to 13:58:55Z PASS; aggregate suite is not per-function verification","live-sql-operations; dotnet-tests","Function-specific assertions; complete workflow interactions; applicable normal/empty/invalid/loading/failed/restricted/locked states; store/date switch; repeated action; cancellation; navigation",""
"operation:idatabaselifecycleservice:bootstrapasync","Application operation","IDatabaseLifecycleService.BootstrapAsync","True","INVENTORIED_UNVERIFIED","INVENTORY_ONLY","NOT_VERIFIED_PER_FUNCTION","NOT_RUN_CURRENT_SOURCE","NOT_RUN","src/Etp.Reporting.Application/DatabaseLifecycle/DatabaseLifecycleContracts.cs:29","Compiled inventory: verification/review-2026-09-11/verified/function-coverage.json; integrated audit 2026-09-11T13:57:45Z to 13:58:55Z PASS; aggregate suite is not per-function verification","live-sql-bootstrap; live-sql-backup-restore; dotnet-tests","Function-specific assertions; complete workflow interactions; applicable normal/empty/invalid/loading/failed/restricted/locked states; store/date switch; repeated action; cancellation; navigation",""
"operation:idatabaselifecycleservice:checkhealthasync","Application operation","IDatabaseLifecycleService.CheckHealthAsync","True","INVENTORIED_UNVERIFIED","INVENTORY_ONLY","NOT_VERIFIED_PER_FUNCTION","NOT_RUN_CURRENT_SOURCE","NOT_RUN","src/Etp.Reporting.Application/DatabaseLifecycle/DatabaseLifecycleContracts.cs:29","Compiled inventory: verification/review-2026-09-11/verified/function-coverage.json; integrated audit 2026-09-11T13:57:45Z to 13:58:55Z PASS; aggregate suite is not per-function verification","live-sql-bootstrap; live-sql-backup-restore; dotnet-tests","Function-specific assertions; complete workflow interactions; applicable normal/empty/invalid/loading/failed/restricted/locked states; store/date switch; repeated action; cancellation; navigation",""
"operation:idatabaselifecycleservice:recordauditasync","Application operation","IDatabaseLifecycleService.RecordAuditAsync","True","INVENTORIED_UNVERIFIED","INVENTORY_ONLY","NOT_VERIFIED_PER_FUNCTION","NOT_RUN_CURRENT_SOURCE","NOT_RUN","src/Etp.Reporting.Application/DatabaseLifecycle/DatabaseLifecycleContracts.cs:29","Compiled inventory: verification/review-2026-09-11/verified/function-coverage.json; integrated audit 2026-09-11T13:57:45Z to 13:58:55Z PASS; aggregate suite is not per-function verification","live-sql-bootstrap; live-sql-backup-restore; dotnet-tests","Function-specific assertions; complete workflow interactions; applicable normal/empty/invalid/loading/failed/restricted/locked states; store/date switch; repeated action; cancellation; navigation",""
"operation:iinvestigationquery:searchasync","Application operation","IInvestigationQuery.SearchAsync","True","INVENTORIED_UNVERIFIED","INVENTORY_ONLY","NOT_VERIFIED_PER_FUNCTION","NOT_RUN_CURRENT_SOURCE","NOT_RUN","src/Etp.Reporting.Application/Distribution/DistributionContracts.cs:11","Compiled inventory: verification/review-2026-09-11/verified/function-coverage.json; integrated audit 2026-09-11T13:57:45Z to 13:58:55Z PASS; aggregate suite is not per-function verification","dotnet-tests; external-email-client-gate; external-user-acceptance","Function-specific assertions; complete workflow interactions; applicable normal/empty/invalid/loading/failed/restricted/locked states; store/date switch; repeated action; cancellation; navigation",""
"operation:ireportdistributionservice-1:createpackageasync","Application operation","IReportDistributionService`1.CreatePackageAsync","True","INVENTORIED_UNVERIFIED","INVENTORY_ONLY","NOT_VERIFIED_PER_FUNCTION","NOT_RUN_CURRENT_SOURCE","NOT_RUN","src/Etp.Reporting.Application; tools/Etp.Reporting.FunctionAudit/Program.cs","Compiled inventory: verification/review-2026-09-11/verified/function-coverage.json; integrated audit 2026-09-11T13:57:45Z to 13:58:55Z PASS; aggregate suite is not per-function verification","dotnet-tests; external-email-client-gate; external-user-acceptance","Function-specific assertions; complete workflow interactions; applicable normal/empty/invalid/loading/failed/restricted/locked states; store/date switch; repeated action; cancellation; navigation",""
"operation:ireportdistributionservice-1:recordattemptasync","Application operation","IReportDistributionService`1.RecordAttemptAsync","True","INVENTORIED_UNVERIFIED","INVENTORY_ONLY","NOT_VERIFIED_PER_FUNCTION","NOT_RUN_CURRENT_SOURCE","NOT_RUN","src/Etp.Reporting.Application; tools/Etp.Reporting.FunctionAudit/Program.cs","Compiled inventory: verification/review-2026-09-11/verified/function-coverage.json; integrated audit 2026-09-11T13:57:45Z to 13:58:55Z PASS; aggregate suite is not per-function verification","dotnet-tests; external-email-client-gate; external-user-acceptance","Function-specific assertions; complete workflow interactions; applicable normal/empty/invalid/loading/failed/restricted/locked states; store/date switch; repeated action; cancellation; navigation",""
"operation:ireportdistributionservice-1:validateemailattachmentasync","Application operation","IReportDistributionService`1.ValidateEmailAttachmentAsync","True","INVENTORIED_UNVERIFIED","INVENTORY_ONLY","NOT_VERIFIED_PER_FUNCTION","NOT_RUN_CURRENT_SOURCE","NOT_RUN","src/Etp.Reporting.Application; tools/Etp.Reporting.FunctionAudit/Program.cs","Compiled inventory: verification/review-2026-09-11/verified/function-coverage.json; integrated audit 2026-09-11T13:57:45Z to 13:58:55Z PASS; aggregate suite is not per-function verification","dotnet-tests; external-email-client-gate; external-user-acceptance","Function-specific assertions; complete workflow interactions; applicable normal/empty/invalid/loading/failed/restricted/locked states; store/date switch; repeated action; cancellation; navigation",""
"operation:iimportpersistenceusecase-1:existsbyhashasync","Application operation","IImportPersistenceUseCase`1.ExistsByHashAsync","True","INVENTORIED_UNVERIFIED","INVENTORY_ONLY","NOT_VERIFIED_PER_FUNCTION","NOT_RUN_CURRENT_SOURCE","NOT_RUN","src/Etp.Reporting.Application; tools/Etp.Reporting.FunctionAudit/Program.cs","Compiled inventory: verification/review-2026-09-11/verified/function-coverage.json; integrated audit 2026-09-11T13:57:45Z to 13:58:55Z PASS; aggregate suite is not per-function verification","offline-import-smoke; live-sql-import; dotnet-tests","Function-specific assertions; complete workflow interactions; applicable normal/empty/invalid/loading/failed/restricted/locked states; store/date switch; repeated action; cancellation; navigation",""
"operation:iimportpersistenceusecase-1:findcurrentimportfileidasync","Application operation","IImportPersistenceUseCase`1.FindCurrentImportFileIdAsync","True","INVENTORIED_UNVERIFIED","INVENTORY_ONLY","NOT_VERIFIED_PER_FUNCTION","NOT_RUN_CURRENT_SOURCE","NOT_RUN","src/Etp.Reporting.Application; tools/Etp.Reporting.FunctionAudit/Program.cs","Compiled inventory: verification/review-2026-09-11/verified/function-coverage.json; integrated audit 2026-09-11T13:57:45Z to 13:58:55Z PASS; aggregate suite is not per-function verification","offline-import-smoke; live-sql-import; dotnet-tests","Function-specific assertions; complete workflow interactions; applicable normal/empty/invalid/loading/failed/restricted/locked states; store/date switch; repeated action; cancellation; navigation",""
"operation:iimportpersistenceusecase-1:loadoutcomebyhashasync","Application operation","IImportPersistenceUseCase`1.LoadOutcomeByHashAsync","True","INVENTORIED_UNVERIFIED","INVENTORY_ONLY","NOT_VERIFIED_PER_FUNCTION","NOT_RUN_CURRENT_SOURCE","NOT_RUN","src/Etp.Reporting.Application; tools/Etp.Reporting.FunctionAudit/Program.cs","Compiled inventory: verification/review-2026-09-11/verified/function-coverage.json; integrated audit 2026-09-11T13:57:45Z to 13:58:55Z PASS; aggregate suite is not per-function verification","offline-import-smoke; live-sql-import; dotnet-tests","Function-specific assertions; complete workflow interactions; applicable normal/empty/invalid/loading/failed/restricted/locked states; store/date switch; repeated action; cancellation; navigation",""
"operation:iimportpersistenceusecase-1:persistasync","Application operation","IImportPersistenceUseCase`1.PersistAsync","True","INVENTORIED_UNVERIFIED","INVENTORY_ONLY","NOT_VERIFIED_PER_FUNCTION","NOT_RUN_CURRENT_SOURCE","NOT_RUN","src/Etp.Reporting.Application; tools/Etp.Reporting.FunctionAudit/Program.cs","Compiled inventory: verification/review-2026-09-11/verified/function-coverage.json; integrated audit 2026-09-11T13:57:45Z to 13:58:55Z PASS; aggregate suite is not per-function verification","offline-import-smoke; live-sql-import; dotnet-tests","Function-specific assertions; complete workflow interactions; applicable normal/empty/invalid/loading/failed/restricted/locked states; store/date switch; repeated action; cancellation; navigation",""
"operation:iadministrationservice:loadasync","Application operation","IAdministrationService.LoadAsync","True","INVENTORIED_UNVERIFIED","INVENTORY_ONLY","NOT_VERIFIED_PER_FUNCTION","NOT_RUN_CURRENT_SOURCE","NOT_RUN","src/Etp.Reporting.Application/OperationsAdministration/OperationsAdministrationContracts.cs:220","Compiled inventory: verification/review-2026-09-11/verified/function-coverage.json; integrated audit 2026-09-11T13:57:45Z to 13:58:55Z PASS; aggregate suite is not per-function verification","live-sql-administration; live-sql-automation; dotnet-tests","Function-specific assertions; complete workflow interactions; applicable normal/empty/invalid/loading/failed/restricted/locked states; store/date switch; repeated action; cancellation; navigation",""
"operation:iadministrationservice:savemasterasync","Application operation","IAdministrationService.SaveMasterAsync","True","INVENTORIED_UNVERIFIED","INVENTORY_ONLY","NOT_VERIFIED_PER_FUNCTION","NOT_RUN_CURRENT_SOURCE","NOT_RUN","src/Etp.Reporting.Application/OperationsAdministration/OperationsAdministrationContracts.cs:220","Compiled inventory: verification/review-2026-09-11/verified/function-coverage.json; integrated audit 2026-09-11T13:57:45Z to 13:58:55Z PASS; aggregate suite is not per-function verification","live-sql-administration; live-sql-automation; dotnet-tests","Function-specific assertions; complete workflow interactions; applicable normal/empty/invalid/loading/failed/restricted/locked states; store/date switch; repeated action; cancellation; navigation",""
"operation:iadministrationservice:saveproductconfigurationasync","Application operation","IAdministrationService.SaveProductConfigurationAsync","True","INVENTORIED_UNVERIFIED","INVENTORY_ONLY","NOT_VERIFIED_PER_FUNCTION","NOT_RUN_CURRENT_SOURCE","NOT_RUN","src/Etp.Reporting.Application/OperationsAdministration/OperationsAdministrationContracts.cs:220","Compiled inventory: verification/review-2026-09-11/verified/function-coverage.json; integrated audit 2026-09-11T13:57:45Z to 13:58:55Z PASS; aggregate suite is not per-function verification","live-sql-administration; live-sql-automation; dotnet-tests","Function-specific assertions; complete workflow interactions; applicable normal/empty/invalid/loading/failed/restricted/locked states; store/date switch; repeated action; cancellation; navigation",""
"operation:iadministrationservice:saveuserasync","Application operation","IAdministrationService.SaveUserAsync","True","INVENTORIED_UNVERIFIED","INVENTORY_ONLY","NOT_VERIFIED_PER_FUNCTION","NOT_RUN_CURRENT_SOURCE","NOT_RUN","src/Etp.Reporting.Application/OperationsAdministration/OperationsAdministrationContracts.cs:220","Compiled inventory: verification/review-2026-09-11/verified/function-coverage.json; integrated audit 2026-09-11T13:57:45Z to 13:58:55Z PASS; aggregate suite is not per-function verification","live-sql-administration; live-sql-automation; dotnet-tests","Function-specific assertions; complete workflow interactions; applicable normal/empty/invalid/loading/failed/restricted/locked states; store/date switch; repeated action; cancellation; navigation",""
"operation:ioperationsadministrationservice:decideapprovalasync","Application operation","IOperationsAdministrationService.DecideApprovalAsync","True","INVENTORIED_UNVERIFIED","INVENTORY_ONLY","NOT_VERIFIED_PER_FUNCTION","NOT_RUN_CURRENT_SOURCE","NOT_RUN","src/Etp.Reporting.Application/OperationsAdministration/OperationsAdministrationContracts.cs:129","Compiled inventory: verification/review-2026-09-11/verified/function-coverage.json; integrated audit 2026-09-11T13:57:45Z to 13:58:55Z PASS; aggregate suite is not per-function verification","live-sql-administration; live-sql-automation; dotnet-tests","Function-specific assertions; complete workflow interactions; applicable normal/empty/invalid/loading/failed/restricted/locked states; store/date switch; repeated action; cancellation; navigation",""
"operation:ioperationsadministrationservice:loadapprovalsasync","Application operation","IOperationsAdministrationService.LoadApprovalsAsync","True","INVENTORIED_UNVERIFIED","INVENTORY_ONLY","NOT_VERIFIED_PER_FUNCTION","NOT_RUN_CURRENT_SOURCE","NOT_RUN","src/Etp.Reporting.Application/OperationsAdministration/OperationsAdministrationContracts.cs:129","Compiled inventory: verification/review-2026-09-11/verified/function-coverage.json; integrated audit 2026-09-11T13:57:45Z to 13:58:55Z PASS; aggregate suite is not per-function verification","live-sql-administration; live-sql-automation; dotnet-tests","Function-specific assertions; complete workflow interactions; applicable normal/empty/invalid/loading/failed/restricted/locked states; store/date switch; repeated action; cancellation; navigation",""
"operation:ioperationsadministrationservice:loaddashboardasync","Application operation","IOperationsAdministrationService.LoadDashboardAsync","True","INVENTORIED_UNVERIFIED","INVENTORY_ONLY","NOT_VERIFIED_PER_FUNCTION","NOT_RUN_CURRENT_SOURCE","NOT_RUN","src/Etp.Reporting.Application/OperationsAdministration/OperationsAdministrationContracts.cs:129","Compiled inventory: verification/review-2026-09-11/verified/function-coverage.json; integrated audit 2026-09-11T13:57:45Z to 13:58:55Z PASS; aggregate suite is not per-function verification","live-sql-administration; live-sql-automation; dotnet-tests","Function-specific assertions; complete workflow interactions; applicable normal/empty/invalid/loading/failed/restricted/locked states; store/date switch; repeated action; cancellation; navigation",""
"operation:ioperationsadministrationservice:runautomationonceasync","Application operation","IOperationsAdministrationService.RunAutomationOnceAsync","True","INVENTORIED_UNVERIFIED","INVENTORY_ONLY","NOT_VERIFIED_PER_FUNCTION","NOT_RUN_CURRENT_SOURCE","NOT_RUN","src/Etp.Reporting.Application/OperationsAdministration/OperationsAdministrationContracts.cs:129","Compiled inventory: verification/review-2026-09-11/verified/function-coverage.json; integrated audit 2026-09-11T13:57:45Z to 13:58:55Z PASS; aggregate suite is not per-function verification","live-sql-administration; live-sql-automation; dotnet-tests","Function-specific assertions; complete workflow interactions; applicable normal/empty/invalid/loading/failed/restricted/locked states; store/date switch; repeated action; cancellation; navigation",""
"operation:ioperationsadministrationservice:savescheduleasync","Application operation","IOperationsAdministrationService.SaveScheduleAsync","True","INVENTORIED_UNVERIFIED","INVENTORY_ONLY","NOT_VERIFIED_PER_FUNCTION","NOT_RUN_CURRENT_SOURCE","NOT_RUN","src/Etp.Reporting.Application/OperationsAdministration/OperationsAdministrationContracts.cs:129","Compiled inventory: verification/review-2026-09-11/verified/function-coverage.json; integrated audit 2026-09-11T13:57:45Z to 13:58:55Z PASS; aggregate suite is not per-function verification","live-sql-administration; live-sql-automation; dotnet-tests","Function-specific assertions; complete workflow interactions; applicable normal/empty/invalid/loading/failed/restricted/locked states; store/date switch; repeated action; cancellation; navigation",""
"operation:ioperationsadministrationservice:savewatchfoldersasync","Application operation","IOperationsAdministrationService.SaveWatchFoldersAsync","True","INVENTORIED_UNVERIFIED","INVENTORY_ONLY","NOT_VERIFIED_PER_FUNCTION","NOT_RUN_CURRENT_SOURCE","NOT_RUN","src/Etp.Reporting.Application/OperationsAdministration/OperationsAdministrationContracts.cs:129","Compiled inventory: verification/review-2026-09-11/verified/function-coverage.json; integrated audit 2026-09-11T13:57:45Z to 13:58:55Z PASS; aggregate suite is not per-function verification","live-sql-administration; live-sql-automation; dotnet-tests","Function-specific assertions; complete workflow interactions; applicable normal/empty/invalid/loading/failed/restricted/locked states; store/date switch; repeated action; cancellation; navigation",""
"operation:ioperationsadministrationservice:submitadjustmentasync","Application operation","IOperationsAdministrationService.SubmitAdjustmentAsync","True","INVENTORIED_UNVERIFIED","INVENTORY_ONLY","NOT_VERIFIED_PER_FUNCTION","NOT_RUN_CURRENT_SOURCE","NOT_RUN","src/Etp.Reporting.Application/OperationsAdministration/OperationsAdministrationContracts.cs:129","Compiled inventory: verification/review-2026-09-11/verified/function-coverage.json; integrated audit 2026-09-11T13:57:45Z to 13:58:55Z PASS; aggregate suite is not per-function verification","live-sql-administration; live-sql-automation; dotnet-tests","Function-specific assertions; complete workflow interactions; applicable normal/empty/invalid/loading/failed/restricted/locked states; store/date switch; repeated action; cancellation; navigation",""
"operation:ioperationsadministrationservice:updateissueasync","Application operation","IOperationsAdministrationService.UpdateIssueAsync","True","INVENTORIED_UNVERIFIED","INVENTORY_ONLY","NOT_VERIFIED_PER_FUNCTION","NOT_RUN_CURRENT_SOURCE","NOT_RUN","src/Etp.Reporting.Application/OperationsAdministration/OperationsAdministrationContracts.cs:129","Compiled inventory: verification/review-2026-09-11/verified/function-coverage.json; integrated audit 2026-09-11T13:57:45Z to 13:58:55Z PASS; aggregate suite is not per-function verification","live-sql-administration; live-sql-automation; dotnet-tests","Function-specific assertions; complete workflow interactions; applicable normal/empty/invalid/loading/failed/restricted/locked states; store/date switch; repeated action; cancellation; navigation",""
"operation:idigitalregisterservice:loadasync","Application operation","IDigitalRegisterService.LoadAsync","True","INVENTORIED_UNVERIFIED","INVENTORY_ONLY","NOT_VERIFIED_PER_FUNCTION","NOT_RUN_CURRENT_SOURCE","NOT_RUN","src/Etp.Reporting.Application/Registers/DigitalRegisters.cs:36","Compiled inventory: verification/review-2026-09-11/verified/function-coverage.json; integrated audit 2026-09-11T13:57:45Z to 13:58:55Z PASS; aggregate suite is not per-function verification","ui-all-workspaces; dotnet-tests; external-user-acceptance","Function-specific assertions; complete workflow interactions; applicable normal/empty/invalid/loading/failed/restricted/locked states; store/date switch; repeated action; cancellation; navigation",""
"operation:idigitalregisterservice:saveasync","Application operation","IDigitalRegisterService.SaveAsync","True","INVENTORIED_UNVERIFIED","INVENTORY_ONLY","NOT_VERIFIED_PER_FUNCTION","NOT_RUN_CURRENT_SOURCE","NOT_RUN","src/Etp.Reporting.Application/Registers/DigitalRegisters.cs:36","Compiled inventory: verification/review-2026-09-11/verified/function-coverage.json; integrated audit 2026-09-11T13:57:45Z to 13:58:55Z PASS; aggregate suite is not per-function verification","ui-all-workspaces; dotnet-tests; external-user-acceptance","Function-specific assertions; complete workflow interactions; applicable normal/empty/invalid/loading/failed/restricted/locked states; store/date switch; repeated action; cancellation; navigation",""
"operation:icontrolledreportquery:loadstockmovementsasync","Application operation","IControlledReportQuery.LoadStockMovementsAsync","True","INVENTORIED_UNVERIFIED","INVENTORY_ONLY","NOT_VERIFIED_PER_FUNCTION","NOT_RUN_CURRENT_SOURCE","NOT_RUN","src/Etp.Reporting.Application/Reports/ReportQueryContracts.cs:37","Compiled inventory: verification/review-2026-09-11/verified/function-coverage.json; integrated audit 2026-09-11T13:57:45Z to 13:58:55Z PASS; aggregate suite is not per-function verification","live-sql-reporting; dotnet-tests","Function-specific assertions; complete workflow interactions; applicable normal/empty/invalid/loading/failed/restricted/locked states; store/date switch; repeated action; cancellation; navigation",""
"operation:icontrolledreportquery:runsalessummaryasync","Application operation","IControlledReportQuery.RunSalesSummaryAsync","True","INVENTORIED_UNVERIFIED","INVENTORY_ONLY","NOT_VERIFIED_PER_FUNCTION","NOT_RUN_CURRENT_SOURCE","NOT_RUN","src/Etp.Reporting.Application/Reports/ReportQueryContracts.cs:37","Compiled inventory: verification/review-2026-09-11/verified/function-coverage.json; integrated audit 2026-09-11T13:57:45Z to 13:58:55Z PASS; aggregate suite is not per-function verification","live-sql-reporting; dotnet-tests","Function-specific assertions; complete workflow interactions; applicable normal/empty/invalid/loading/failed/restricted/locked states; store/date switch; repeated action; cancellation; navigation",""
"operation:icontrolledreportquery:runstockreconciliationasync","Application operation","IControlledReportQuery.RunStockReconciliationAsync","True","INVENTORIED_UNVERIFIED","INVENTORY_ONLY","NOT_VERIFIED_PER_FUNCTION","NOT_RUN_CURRENT_SOURCE","NOT_RUN","src/Etp.Reporting.Application/Reports/ReportQueryContracts.cs:37","Compiled inventory: verification/review-2026-09-11/verified/function-coverage.json; integrated audit 2026-09-11T13:57:45Z to 13:58:55Z PASS; aggregate suite is not per-function verification","live-sql-reporting; dotnet-tests","Function-specific assertions; complete workflow interactions; applicable normal/empty/invalid/loading/failed/restricted/locked states; store/date switch; repeated action; cancellation; navigation",""
"operation:icontrolledreportquery:runtenderreconciliationasync","Application operation","IControlledReportQuery.RunTenderReconciliationAsync","True","INVENTORIED_UNVERIFIED","INVENTORY_ONLY","NOT_VERIFIED_PER_FUNCTION","NOT_RUN_CURRENT_SOURCE","NOT_RUN","src/Etp.Reporting.Application/Reports/ReportQueryContracts.cs:37","Compiled inventory: verification/review-2026-09-11/verified/function-coverage.json; integrated audit 2026-09-11T13:57:45Z to 13:58:55Z PASS; aggregate suite is not per-function verification","live-sql-reporting; dotnet-tests","Function-specific assertions; complete workflow interactions; applicable normal/empty/invalid/loading/failed/restricted/locked states; store/date switch; repeated action; cancellation; navigation",""
"operation:imanagementtrendquery:loadasync","Application operation","IManagementTrendQuery.LoadAsync","True","INVENTORIED_UNVERIFIED","INVENTORY_ONLY","NOT_VERIFIED_PER_FUNCTION","NOT_RUN_CURRENT_SOURCE","NOT_RUN","src/Etp.Reporting.Application/Reports/ReportQueryContracts.cs:59","Compiled inventory: verification/review-2026-09-11/verified/function-coverage.json; integrated audit 2026-09-11T13:57:45Z to 13:58:55Z PASS; aggregate suite is not per-function verification","live-sql-reporting; dotnet-tests","Function-specific assertions; complete workflow interactions; applicable normal/empty/invalid/loading/failed/restricted/locked states; store/date switch; repeated action; cancellation; navigation",""
"operation:ioperationalreportquery-1:composedsrdocumentasync","Application operation","IOperationalReportQuery`1.ComposeDsrDocumentAsync","True","INVENTORIED_UNVERIFIED","INVENTORY_ONLY","NOT_VERIFIED_PER_FUNCTION","NOT_RUN_CURRENT_SOURCE","NOT_RUN","src/Etp.Reporting.Application; tools/Etp.Reporting.FunctionAudit/Program.cs","Compiled inventory: verification/review-2026-09-11/verified/function-coverage.json; integrated audit 2026-09-11T13:57:45Z to 13:58:55Z PASS; aggregate suite is not per-function verification","live-sql-reporting; dotnet-tests","Function-specific assertions; complete workflow interactions; applicable normal/empty/invalid/loading/failed/restricted/locked states; store/date switch; repeated action; cancellation; navigation",""
"operation:ioperationalreportquery-1:loadcashreconciliationasync","Application operation","IOperationalReportQuery`1.LoadCashReconciliationAsync","True","INVENTORIED_UNVERIFIED","INVENTORY_ONLY","NOT_VERIFIED_PER_FUNCTION","NOT_RUN_CURRENT_SOURCE","NOT_RUN","src/Etp.Reporting.Application; tools/Etp.Reporting.FunctionAudit/Program.cs","Compiled inventory: verification/review-2026-09-11/verified/function-coverage.json; integrated audit 2026-09-11T13:57:45Z to 13:58:55Z PASS; aggregate suite is not per-function verification","live-sql-reporting; dotnet-tests","Function-specific assertions; complete workflow interactions; applicable normal/empty/invalid/loading/failed/restricted/locked states; store/date switch; repeated action; cancellation; navigation",""
"operation:ioperationalreportquery-1:loaddailyexceptionsasync","Application operation","IOperationalReportQuery`1.LoadDailyExceptionsAsync","True","INVENTORIED_UNVERIFIED","INVENTORY_ONLY","NOT_VERIFIED_PER_FUNCTION","NOT_RUN_CURRENT_SOURCE","NOT_RUN","src/Etp.Reporting.Application; tools/Etp.Reporting.FunctionAudit/Program.cs","Compiled inventory: verification/review-2026-09-11/verified/function-coverage.json; integrated audit 2026-09-11T13:57:45Z to 13:58:55Z PASS; aggregate suite is not per-function verification","live-sql-reporting; dotnet-tests","Function-specific assertions; complete workflow interactions; applicable normal/empty/invalid/loading/failed/restricted/locked states; store/date switch; repeated action; cancellation; navigation",""
"operation:ioperationalreportquery-1:loaddsrasync","Application operation","IOperationalReportQuery`1.LoadDsrAsync","True","INVENTORIED_UNVERIFIED","INVENTORY_ONLY","NOT_VERIFIED_PER_FUNCTION","NOT_RUN_CURRENT_SOURCE","NOT_RUN","src/Etp.Reporting.Application; tools/Etp.Reporting.FunctionAudit/Program.cs","Compiled inventory: verification/review-2026-09-11/verified/function-coverage.json; integrated audit 2026-09-11T13:57:45Z to 13:58:55Z PASS; aggregate suite is not per-function verification","live-sql-reporting; dotnet-tests","Function-specific assertions; complete workflow interactions; applicable normal/empty/invalid/loading/failed/restricted/locked states; store/date switch; repeated action; cancellation; navigation",""
"operation:ioperationalreportquery-1:loadinvoicelineageasync","Application operation","IOperationalReportQuery`1.LoadInvoiceLineageAsync","True","INVENTORIED_UNVERIFIED","INVENTORY_ONLY","NOT_VERIFIED_PER_FUNCTION","NOT_RUN_CURRENT_SOURCE","NOT_RUN","src/Etp.Reporting.Application; tools/Etp.Reporting.FunctionAudit/Program.cs","Compiled inventory: verification/review-2026-09-11/verified/function-coverage.json; integrated audit 2026-09-11T13:57:45Z to 13:58:55Z PASS; aggregate suite is not per-function verification","live-sql-reporting; dotnet-tests","Function-specific assertions; complete workflow interactions; applicable normal/empty/invalid/loading/failed/restricted/locked states; store/date switch; repeated action; cancellation; navigation",""
"operation:ioperationalreportquery-1:loadinvoicesummaryasync","Application operation","IOperationalReportQuery`1.LoadInvoiceSummaryAsync","True","INVENTORIED_UNVERIFIED","INVENTORY_ONLY","NOT_VERIFIED_PER_FUNCTION","NOT_RUN_CURRENT_SOURCE","NOT_RUN","src/Etp.Reporting.Application; tools/Etp.Reporting.FunctionAudit/Program.cs","Compiled inventory: verification/review-2026-09-11/verified/function-coverage.json; integrated audit 2026-09-11T13:57:45Z to 13:58:55Z PASS; aggregate suite is not per-function verification","live-sql-reporting; dotnet-tests","Function-specific assertions; complete workflow interactions; applicable normal/empty/invalid/loading/failed/restricted/locked states; store/date switch; repeated action; cancellation; navigation",""
"operation:ioperationalreportquery-1:loadphysicalstockasync","Application operation","IOperationalReportQuery`1.LoadPhysicalStockAsync","True","INVENTORIED_UNVERIFIED","INVENTORY_ONLY","NOT_VERIFIED_PER_FUNCTION","NOT_RUN_CURRENT_SOURCE","NOT_RUN","src/Etp.Reporting.Application; tools/Etp.Reporting.FunctionAudit/Program.cs","Compiled inventory: verification/review-2026-09-11/verified/function-coverage.json; integrated audit 2026-09-11T13:57:45Z to 13:58:55Z PASS; aggregate suite is not per-function verification","live-sql-reporting; dotnet-tests","Function-specific assertions; complete workflow interactions; applicable normal/empty/invalid/loading/failed/restricted/locked states; store/date switch; repeated action; cancellation; navigation",""
"operation:ioperationalreportquery-1:loadservicesalesasync","Application operation","IOperationalReportQuery`1.LoadServiceSalesAsync","True","INVENTORIED_UNVERIFIED","INVENTORY_ONLY","NOT_VERIFIED_PER_FUNCTION","NOT_RUN_CURRENT_SOURCE","NOT_RUN","src/Etp.Reporting.Application; tools/Etp.Reporting.FunctionAudit/Program.cs","Compiled inventory: verification/review-2026-09-11/verified/function-coverage.json; integrated audit 2026-09-11T13:57:45Z to 13:58:55Z PASS; aggregate suite is not per-function verification","live-sql-reporting; dotnet-tests","Function-specific assertions; complete workflow interactions; applicable normal/empty/invalid/loading/failed/restricted/locked states; store/date switch; repeated action; cancellation; navigation",""
"operation:ioperationalreportquery-1:loadstaffperformanceasync","Application operation","IOperationalReportQuery`1.LoadStaffPerformanceAsync","True","INVENTORIED_UNVERIFIED","INVENTORY_ONLY","NOT_VERIFIED_PER_FUNCTION","NOT_RUN_CURRENT_SOURCE","NOT_RUN","src/Etp.Reporting.Application; tools/Etp.Reporting.FunctionAudit/Program.cs","Compiled inventory: verification/review-2026-09-11/verified/function-coverage.json; integrated audit 2026-09-11T13:57:45Z to 13:58:55Z PASS; aggregate suite is not per-function verification","live-sql-reporting; dotnet-tests","Function-specific assertions; complete workflow interactions; applicable normal/empty/invalid/loading/failed/restricted/locked states; store/date switch; repeated action; cancellation; navigation",""
"operation:ioperationalreportquery-1:loadstockinventoryasync","Application operation","IOperationalReportQuery`1.LoadStockInventoryAsync","True","INVENTORIED_UNVERIFIED","INVENTORY_ONLY","NOT_VERIFIED_PER_FUNCTION","NOT_RUN_CURRENT_SOURCE","NOT_RUN","src/Etp.Reporting.Application; tools/Etp.Reporting.FunctionAudit/Program.cs","Compiled inventory: verification/review-2026-09-11/verified/function-coverage.json; integrated audit 2026-09-11T13:57:45Z to 13:58:55Z PASS; aggregate suite is not per-function verification","live-sql-reporting; dotnet-tests","Function-specific assertions; complete workflow interactions; applicable normal/empty/invalid/loading/failed/restricted/locked states; store/date switch; repeated action; cancellation; navigation",""
"operation:itendervariancediagnostic:diagnose","Application operation","ITenderVarianceDiagnostic.Diagnose","True","INVENTORIED_UNVERIFIED","INVENTORY_ONLY","NOT_VERIFIED_PER_FUNCTION","NOT_RUN_CURRENT_SOURCE","NOT_RUN","src/Etp.Reporting.Application/Reports/ReportQueryContracts.cs:64","Compiled inventory: verification/review-2026-09-11/verified/function-coverage.json; integrated audit 2026-09-11T13:57:45Z to 13:58:55Z PASS; aggregate suite is not per-function verification","live-sql-reporting; dotnet-tests","Function-specific assertions; complete workflow interactions; applicable normal/empty/invalid/loading/failed/restricted/locked states; store/date switch; repeated action; cancellation; navigation",""
"operation:isharingcontactsservice:loadasync","Application operation","ISharingContactsService.LoadAsync","True","INVENTORIED_UNVERIFIED","INVENTORY_ONLY","NOT_VERIFIED_PER_FUNCTION","NOT_RUN_CURRENT_SOURCE","NOT_RUN","src/Etp.Reporting.Application/Sharing/SharingContacts.cs:23","Compiled inventory: verification/review-2026-09-11/verified/function-coverage.json; integrated audit 2026-09-11T13:57:45Z to 13:58:55Z PASS; aggregate suite is not per-function verification","dotnet-tests; external-email-client-gate; external-user-acceptance","Function-specific assertions; complete workflow interactions; applicable normal/empty/invalid/loading/failed/restricted/locked states; store/date switch; repeated action; cancellation; navigation",""
"operation:isharingcontactsservice:saveasync","Application operation","ISharingContactsService.SaveAsync","True","INVENTORIED_UNVERIFIED","INVENTORY_ONLY","NOT_VERIFIED_PER_FUNCTION","NOT_RUN_CURRENT_SOURCE","NOT_RUN","src/Etp.Reporting.Application/Sharing/SharingContacts.cs:23","Compiled inventory: verification/review-2026-09-11/verified/function-coverage.json; integrated audit 2026-09-11T13:57:45Z to 13:58:55Z PASS; aggregate suite is not per-function verification","dotnet-tests; external-email-client-gate; external-user-acceptance","Function-specific assertions; complete workflow interactions; applicable normal/empty/invalid/loading/failed/restricted/locked states; store/date switch; repeated action; cancellation; navigation",""
"operation:isourceinboxservice:intakeasync","Application operation","ISourceInboxService.IntakeAsync","True","INVENTORIED_UNVERIFIED","INVENTORY_ONLY","NOT_VERIFIED_PER_FUNCTION","NOT_RUN_CURRENT_SOURCE","NOT_RUN","src/Etp.Reporting.Application/SourceInbox/SourceInboxContracts.cs:55","Compiled inventory: verification/review-2026-09-11/verified/function-coverage.json; integrated audit 2026-09-11T13:57:45Z to 13:58:55Z PASS; aggregate suite is not per-function verification","offline-import-smoke; live-sql-import; dotnet-tests","Function-specific assertions; complete workflow interactions; applicable normal/empty/invalid/loading/failed/restricted/locked states; store/date switch; repeated action; cancellation; navigation",""
"operation:isourceinboxservice:loaddocumentsasync","Application operation","ISourceInboxService.LoadDocumentsAsync","True","INVENTORIED_UNVERIFIED","INVENTORY_ONLY","NOT_VERIFIED_PER_FUNCTION","NOT_RUN_CURRENT_SOURCE","NOT_RUN","src/Etp.Reporting.Application/SourceInbox/SourceInboxContracts.cs:55","Compiled inventory: verification/review-2026-09-11/verified/function-coverage.json; integrated audit 2026-09-11T13:57:45Z to 13:58:55Z PASS; aggregate suite is not per-function verification","offline-import-smoke; live-sql-import; dotnet-tests","Function-specific assertions; complete workflow interactions; applicable normal/empty/invalid/loading/failed/restricted/locked states; store/date switch; repeated action; cancellation; navigation",""
"operation:isourceinboxservice:loadextractionsasync","Application operation","ISourceInboxService.LoadExtractionsAsync","True","INVENTORIED_UNVERIFIED","INVENTORY_ONLY","NOT_VERIFIED_PER_FUNCTION","NOT_RUN_CURRENT_SOURCE","NOT_RUN","src/Etp.Reporting.Application/SourceInbox/SourceInboxContracts.cs:55","Compiled inventory: verification/review-2026-09-11/verified/function-coverage.json; integrated audit 2026-09-11T13:57:45Z to 13:58:55Z PASS; aggregate suite is not per-function verification","offline-import-smoke; live-sql-import; dotnet-tests","Function-specific assertions; complete workflow interactions; applicable normal/empty/invalid/loading/failed/restricted/locked states; store/date switch; repeated action; cancellation; navigation",""
"operation:isourceinboxservice:reviewextractionasync","Application operation","ISourceInboxService.ReviewExtractionAsync","True","INVENTORIED_UNVERIFIED","INVENTORY_ONLY","NOT_VERIFIED_PER_FUNCTION","NOT_RUN_CURRENT_SOURCE","NOT_RUN","src/Etp.Reporting.Application/SourceInbox/SourceInboxContracts.cs:55","Compiled inventory: verification/review-2026-09-11/verified/function-coverage.json; integrated audit 2026-09-11T13:57:45Z to 13:58:55Z PASS; aggregate suite is not per-function verification","offline-import-smoke; live-sql-import; dotnet-tests","Function-specific assertions; complete workflow interactions; applicable normal/empty/invalid/loading/failed/restricted/locked states; store/date switch; repeated action; cancellation; navigation",""
"operation:isourceinboxservice:verifyintegrityasync","Application operation","ISourceInboxService.VerifyIntegrityAsync","True","INVENTORIED_UNVERIFIED","INVENTORY_ONLY","NOT_VERIFIED_PER_FUNCTION","NOT_RUN_CURRENT_SOURCE","NOT_RUN","src/Etp.Reporting.Application/SourceInbox/SourceInboxContracts.cs:55","Compiled inventory: verification/review-2026-09-11/verified/function-coverage.json; integrated audit 2026-09-11T13:57:45Z to 13:58:55Z PASS; aggregate suite is not per-function verification","offline-import-smoke; live-sql-import; dotnet-tests","Function-specific assertions; complete workflow interactions; applicable normal/empty/invalid/loading/failed/restricted/locked states; store/date switch; repeated action; cancellation; navigation",""
